2026-09-14 20:58:05 | INFO | Device: cuda
2026-09-14 20:58:08 | INFO | Model: relational, k=8, params=465.0M
2026-09-14 20:58:08 | INFO | Training on 7000 examples, eval on 1034
2026-09-14 20:58:08 | INFO | Config: TrainingConfig(model_type='relational', hidden_dim=512, num_encoder_layers=12, num_decoder_layers=12, num_heads=8, num_attributes=8, use_gating=True, use_mixing=True, pairing_strategy='cyclic', pairing_seed=1234, ffn_dim=2048, max_seq_len=512, dropout=0.1, vocab_size=32000, learning_rate=8e-05, weight_decay=0.01, warmup_steps=4000, max_steps=300000, batch_size=4, gradient_accumulation=16, max_grad_norm=1.0, label_smoothing=0.05, eval_every=2000, save_every=20000, patience=30, eval_by_em=True, dataset='spider', nas_dir='/nas/Dataset/nlp', max_src_len=384, max_tgt_len=200, seed=43, num_workers=4, fp16=False, output_dir='/nas/Dataset/experiments/relational-attention/muhiddin_outputs/relational_125m_spider_copy_s43', log_every=100, copy_mechanism=True, num_copy_heads=1)
2026-09-14 20:58:09 | INFO | step=0 loss=8.7746 lr=0.00e+00 elapsed=1s
2026-09-14 20:58:33 | INFO | step=100 loss=9.8969 lr=2.00e-06 elapsed=25s
2026-09-14 20:58:57 | INFO | step=200 loss=9.4464 lr=4.00e-06 elapsed=49s
2026-09-14 20:59:21 | INFO | step=300 loss=7.5465 lr=6.00e-06 elapsed=73s
2026-09-14 20:59:46 | INFO | step=400 loss=8.5595 lr=8.00e-06 elapsed=97s
2026-09-14 21:00:10 | INFO | step=500 loss=8.0320 lr=1.00e-05 elapsed=121s
2026-09-14 21:00:34 | INFO | step=600 loss=9.2174 lr=1.20e-05 elapsed=146s
2026-09-14 21:00:58 | INFO | step=700 loss=7.8433 lr=1.40e-05 elapsed=170s
2026-09-14 21:01:23 | INFO | step=800 loss=7.5074 lr=1.60e-05 elapsed=194s
2026-09-14 21:01:47 | INFO | step=900 loss=8.2174 lr=1.80e-05 elapsed=218s
2026-09-14 21:02:11 | INFO | step=1000 loss=7.3604 lr=2.00e-05 elapsed=242s
2026-09-14 21:02:35 | INFO | step=1100 loss=7.8079 lr=2.20e-05 elapsed=267s
2026-09-14 21:03:00 | INFO | step=1200 loss=6.6568 lr=2.40e-05 elapsed=291s
2026-09-14 21:03:24 | INFO | step=1300 loss=6.4968 lr=2.60e-05 elapsed=315s
2026-09-14 21:03:48 | INFO | step=1400 loss=7.2553 lr=2.80e-05 elapsed=339s
2026-09-14 21:04:12 | INFO | step=1500 loss=7.5729 lr=3.00e-05 elapsed=364s
2026-09-14 21:04:36 | INFO | step=1600 loss=6.6805 lr=3.20e-05 elapsed=388s
2026-09-14 21:05:01 | INFO | step=1700 loss=6.0191 lr=3.40e-05 elapsed=412s
2026-09-14 21:05:26 | INFO | step=1800 loss=6.2006 lr=3.60e-05 elapsed=437s
2026-09-14 21:05:50 | INFO | step=1900 loss=6.2267 lr=3.80e-05 elapsed=462s
2026-09-14 21:06:15 | INFO | step=2000 loss=6.0406 lr=4.00e-05 elapsed=486s
2026-09-14 21:06:22 | INFO | [eval] step=2000 dev_loss=6.5870
2026-09-14 21:07:46 | INFO |   EM on dev subset (200 samples): 0.00%
2026-09-14 21:08:03 | INFO |   -> New best model saved (dev_loss=6.5870)
2026-09-14 21:08:29 | INFO | step=2100 loss=6.1112 lr=4.20e-05 elapsed=620s
2026-09-14 21:08:53 | INFO | step=2200 loss=5.4345 lr=4.40e-05 elapsed=645s
2026-09-14 21:09:18 | INFO | step=2300 loss=5.2348 lr=4.60e-05 elapsed=669s
2026-09-14 21:09:43 | INFO | step=2400 loss=4.3360 lr=4.80e-05 elapsed=694s
2026-09-14 21:10:07 | INFO | step=2500 loss=5.4236 lr=5.00e-05 elapsed=719s
2026-09-14 21:10:32 | INFO | step=2600 loss=4.7657 lr=5.20e-05 elapsed=743s
2026-09-14 21:10:56 | INFO | step=2700 loss=5.0926 lr=5.40e-05 elapsed=768s
2026-09-14 21:11:21 | INFO | step=2800 loss=4.2893 lr=5.60e-05 elapsed=793s
2026-09-14 21:11:46 | INFO | step=2900 loss=4.1372 lr=5.80e-05 elapsed=817s
2026-09-14 21:12:10 | INFO | step=3000 loss=3.9881 lr=6.00e-05 elapsed=842s
2026-09-14 21:12:35 | INFO | step=3100 loss=4.1378 lr=6.20e-05 elapsed=866s
2026-09-14 21:12:59 | INFO | step=3200 loss=3.8053 lr=6.40e-05 elapsed=891s
2026-09-14 21:13:24 | INFO | step=3300 loss=4.1632 lr=6.60e-05 elapsed=915s
2026-09-14 21:13:48 | INFO | step=3400 loss=3.1934 lr=6.80e-05 elapsed=940s
2026-09-14 21:14:13 | INFO | step=3500 loss=3.4685 lr=7.00e-05 elapsed=964s
2026-09-14 21:14:37 | INFO | step=3600 loss=3.1375 lr=7.20e-05 elapsed=989s
2026-09-14 21:15:02 | INFO | step=3700 loss=2.6444 lr=7.40e-05 elapsed=1014s
2026-09-14 21:15:27 | INFO | step=3800 loss=3.0992 lr=7.60e-05 elapsed=1038s
2026-09-14 21:15:52 | INFO | step=3900 loss=2.8327 lr=7.80e-05 elapsed=1063s
2026-09-14 21:16:17 | INFO | step=4000 loss=2.8367 lr=8.00e-05 elapsed=1088s
2026-09-14 21:16:24 | INFO | [eval] step=4000 dev_loss=4.5476
2026-09-14 21:18:57 | INFO |   EM on dev subset (200 samples): 0.00%
2026-09-14 21:19:22 | INFO | step=4100 loss=2.1135 lr=8.00e-05 elapsed=1274s
2026-09-14 21:19:47 | INFO | step=4200 loss=2.6750 lr=8.00e-05 elapsed=1299s
2026-09-14 21:20:12 | INFO | step=4300 loss=2.9288 lr=8.00e-05 elapsed=1324s
2026-09-14 21:20:37 | INFO | step=4400 loss=2.2806 lr=8.00e-05 elapsed=1349s
2026-09-14 21:21:02 | INFO | step=4500 loss=2.0147 lr=8.00e-05 elapsed=1373s
2026-09-14 21:21:27 | INFO | step=4600 loss=3.5632 lr=8.00e-05 elapsed=1398s
2026-09-14 21:21:51 | INFO | step=4700 loss=2.0299 lr=8.00e-05 elapsed=1423s
2026-09-14 21:22:16 | INFO | step=4800 loss=1.9003 lr=8.00e-05 elapsed=1448s
2026-09-14 21:22:41 | INFO | step=4900 loss=1.8370 lr=8.00e-05 elapsed=1472s
2026-09-14 21:23:05 | INFO | step=5000 loss=2.6228 lr=8.00e-05 elapsed=1497s
2026-09-14 21:23:30 | INFO | step=5100 loss=2.0027 lr=8.00e-05 elapsed=1521s
2026-09-14 21:23:55 | INFO | step=5200 loss=2.1768 lr=8.00e-05 elapsed=1546s
2026-09-14 21:24:20 | INFO | step=5300 loss=1.9128 lr=8.00e-05 elapsed=1571s
2026-09-14 21:24:44 | INFO | step=5400 loss=2.1493 lr=8.00e-05 elapsed=1596s
2026-09-14 21:25:09 | INFO | step=5500 loss=1.6946 lr=8.00e-05 elapsed=1620s
2026-09-14 21:25:34 | INFO | step=5600 loss=1.7996 lr=8.00e-05 elapsed=1645s
2026-09-14 21:25:58 | INFO | step=5700 loss=2.1321 lr=8.00e-05 elapsed=1670s
2026-09-14 21:26:23 | INFO | step=5800 loss=1.5980 lr=8.00e-05 elapsed=1694s
2026-09-14 21:26:48 | INFO | step=5900 loss=1.4138 lr=8.00e-05 elapsed=1719s
2026-09-14 21:27:13 | INFO | step=6000 loss=1.7731 lr=8.00e-05 elapsed=1744s
2026-09-14 21:27:20 | INFO | [eval] step=6000 dev_loss=4.0788
2026-09-14 21:28:07 | INFO |   EM on dev subset (200 samples): 0.50%
2026-09-14 21:28:25 | INFO |   -> New best model saved (dev_loss=4.0788)
2026-09-14 21:28:50 | INFO | step=6100 loss=1.7460 lr=8.00e-05 elapsed=1841s
2026-09-14 21:29:14 | INFO | step=6200 loss=1.7324 lr=8.00e-05 elapsed=1866s
2026-09-14 21:29:39 | INFO | step=6300 loss=1.6328 lr=8.00e-05 elapsed=1891s
2026-09-14 21:30:04 | INFO | step=6400 loss=1.6340 lr=8.00e-05 elapsed=1916s
2026-09-14 21:30:29 | INFO | step=6500 loss=1.6891 lr=8.00e-05 elapsed=1940s
2026-09-14 21:30:53 | INFO | step=6600 loss=1.2264 lr=8.00e-05 elapsed=1965s
2026-09-14 21:31:18 | INFO | step=6700 loss=1.2486 lr=8.00e-05 elapsed=1989s
2026-09-14 21:31:42 | INFO | step=6800 loss=1.9582 lr=8.00e-05 elapsed=2014s
2026-09-14 21:32:07 | INFO | step=6900 loss=1.3963 lr=8.00e-05 elapsed=2038s
2026-09-14 21:32:32 | INFO | step=7000 loss=1.1134 lr=8.00e-05 elapsed=2063s
2026-09-14 21:32:56 | INFO | step=7100 loss=1.5024 lr=8.00e-05 elapsed=2088s
2026-09-14 21:33:21 | INFO | step=7200 loss=1.8782 lr=8.00e-05 elapsed=2113s
2026-09-14 21:33:46 | INFO | step=7300 loss=1.8294 lr=8.00e-05 elapsed=2138s
2026-09-14 21:34:11 | INFO | step=7400 loss=1.5953 lr=8.00e-05 elapsed=2162s
2026-09-14 21:34:35 | INFO | step=7500 loss=1.2228 lr=8.00e-05 elapsed=2187s
2026-09-14 21:35:00 | INFO | step=7600 loss=1.3921 lr=8.00e-05 elapsed=2212s
2026-09-14 21:35:25 | INFO | step=7700 loss=2.0708 lr=8.00e-05 elapsed=2237s
2026-09-14 21:35:50 | INFO | step=7800 loss=1.5341 lr=8.00e-05 elapsed=2261s
2026-09-14 21:36:14 | INFO | step=7900 loss=1.2247 lr=8.00e-05 elapsed=2286s
2026-09-14 21:36:39 | INFO | step=8000 loss=1.4105 lr=8.00e-05 elapsed=2311s
2026-09-14 21:36:46 | INFO | [eval] step=8000 dev_loss=4.1443
2026-09-14 21:37:53 | INFO |   EM on dev subset (200 samples): 0.00%
2026-09-14 21:38:18 | INFO | step=8100 loss=1.4260 lr=8.00e-05 elapsed=2409s
2026-09-14 21:38:42 | INFO | step=8200 loss=1.0429 lr=8.00e-05 elapsed=2434s
2026-09-14 21:39:07 | INFO | step=8300 loss=1.6882 lr=8.00e-05 elapsed=2459s
2026-09-14 21:39:32 | INFO | step=8400 loss=1.2722 lr=8.00e-05 elapsed=2483s
2026-09-14 21:39:56 | INFO | step=8500 loss=1.4653 lr=8.00e-05 elapsed=2508s
2026-09-14 21:40:21 | INFO | step=8600 loss=1.4722 lr=8.00e-05 elapsed=2532s
2026-09-14 21:40:45 | INFO | step=8700 loss=0.9616 lr=8.00e-05 elapsed=2557s
2026-09-14 21:41:10 | INFO | step=8800 loss=1.3073 lr=7.99e-05 elapsed=2581s
2026-09-14 21:41:34 | INFO | step=8900 loss=0.8919 lr=7.99e-05 elapsed=2606s
2026-09-14 21:41:58 | INFO | step=9000 loss=1.0790 lr=7.99e-05 elapsed=2630s
2026-09-14 21:42:23 | INFO | step=9100 loss=0.8460 lr=7.99e-05 elapsed=2654s
2026-09-14 21:42:47 | INFO | step=9200 loss=1.1914 lr=7.99e-05 elapsed=2679s
2026-09-14 21:43:11 | INFO | step=9300 loss=1.0628 lr=7.99e-05 elapsed=2703s
2026-09-14 21:43:36 | INFO | step=9400 loss=1.1532 lr=7.99e-05 elapsed=2727s
2026-09-14 21:44:00 | INFO | step=9500 loss=1.2224 lr=7.99e-05 elapsed=2752s
2026-09-14 21:44:24 | INFO | step=9600 loss=1.0533 lr=7.99e-05 elapsed=2776s
2026-09-14 21:44:49 | INFO | step=9700 loss=1.0699 lr=7.99e-05 elapsed=2800s
2026-09-14 21:45:13 | INFO | step=9800 loss=1.1084 lr=7.99e-05 elapsed=2825s
2026-09-14 21:45:37 | INFO | step=9900 loss=1.2477 lr=7.99e-05 elapsed=2849s
2026-09-14 21:46:02 | INFO | step=10000 loss=1.5228 lr=7.99e-05 elapsed=2873s
2026-09-14 21:46:09 | INFO | [eval] step=10000 dev_loss=4.2815
2026-09-14 21:46:50 | INFO |   EM on dev subset (200 samples): 0.00%
2026-09-14 21:47:15 | INFO | step=10100 loss=0.9744 lr=7.99e-05 elapsed=2946s
2026-09-14 21:47:39 | INFO | step=10200 loss=1.3119 lr=7.99e-05 elapsed=2971s
2026-09-14 21:48:03 | INFO | step=10300 loss=0.6321 lr=7.99e-05 elapsed=2995s
2026-09-14 21:48:28 | INFO | step=10400 loss=1.1480 lr=7.99e-05 elapsed=3020s
2026-09-14 21:48:52 | INFO | step=10500 loss=0.9121 lr=7.99e-05 elapsed=3044s
2026-09-14 21:49:17 | INFO | step=10600 loss=1.4468 lr=7.99e-05 elapsed=3068s
2026-09-14 21:49:41 | INFO | step=10700 loss=0.8960 lr=7.99e-05 elapsed=3093s
2026-09-14 21:50:06 | INFO | step=10800 loss=1.0755 lr=7.99e-05 elapsed=3117s
2026-09-14 21:50:30 | INFO | step=10900 loss=1.5525 lr=7.99e-05 elapsed=3141s
2026-09-14 21:50:54 | INFO | step=11000 loss=0.8798 lr=7.99e-05 elapsed=3166s
2026-09-14 21:51:19 | INFO | step=11100 loss=0.9199 lr=7.99e-05 elapsed=3190s
2026-09-14 21:51:43 | INFO | step=11200 loss=0.7138 lr=7.99e-05 elapsed=3215s
2026-09-14 21:52:07 | INFO | step=11300 loss=0.8832 lr=7.99e-05 elapsed=3239s
2026-09-14 21:52:32 | INFO | step=11400 loss=0.9955 lr=7.99e-05 elapsed=3263s
2026-09-14 21:52:56 | INFO | step=11500 loss=0.8020 lr=7.99e-05 elapsed=3287s
2026-09-14 21:53:20 | INFO | step=11600 loss=0.7693 lr=7.99e-05 elapsed=3312s
2026-09-14 21:53:45 | INFO | step=11700 loss=1.1009 lr=7.99e-05 elapsed=3336s
2026-09-14 21:54:09 | INFO | step=11800 loss=1.4267 lr=7.99e-05 elapsed=3360s
2026-09-14 21:54:33 | INFO | step=11900 loss=0.7508 lr=7.99e-05 elapsed=3385s
2026-09-14 21:54:58 | INFO | step=12000 loss=1.5687 lr=7.99e-05 elapsed=3409s
2026-09-14 21:55:05 | INFO | [eval] step=12000 dev_loss=4.3707
2026-09-14 21:56:03 | INFO |   EM on dev subset (200 samples): 0.00%
2026-09-14 21:56:28 | INFO | step=12100 loss=0.8616 lr=7.99e-05 elapsed=3499s
2026-09-14 21:56:52 | INFO | step=12200 loss=0.8979 lr=7.98e-05 elapsed=3524s
2026-09-14 21:57:17 | INFO | step=12300 loss=1.0213 lr=7.98e-05 elapsed=3548s
2026-09-14 21:57:41 | INFO | step=12400 loss=0.7943 lr=7.98e-05 elapsed=3573s
2026-09-14 21:58:06 | INFO | step=12500 loss=0.8375 lr=7.98e-05 elapsed=3597s
2026-09-14 21:58:30 | INFO | step=12600 loss=0.6680 lr=7.98e-05 elapsed=3621s
2026-09-14 21:58:54 | INFO | step=12700 loss=0.7052 lr=7.98e-05 elapsed=3646s
2026-09-14 21:59:19 | INFO | step=12800 loss=0.8127 lr=7.98e-05 elapsed=3670s
2026-09-14 21:59:43 | INFO | step=12900 loss=0.8902 lr=7.98e-05 elapsed=3694s
2026-09-14 22:00:07 | INFO | step=13000 loss=0.6802 lr=7.98e-05 elapsed=3719s
2026-09-14 22:00:31 | INFO | step=13100 loss=0.8992 lr=7.98e-05 elapsed=3743s
2026-09-14 22:00:56 | INFO | step=13200 loss=0.8666 lr=7.98e-05 elapsed=3767s
2026-09-14 22:01:20 | INFO | step=13300 loss=1.1010 lr=7.98e-05 elapsed=3791s
2026-09-14 22:01:44 | INFO | step=13400 loss=0.8257 lr=7.98e-05 elapsed=3816s
2026-09-14 22:02:08 | INFO | step=13500 loss=0.6705 lr=7.98e-05 elapsed=3840s
2026-09-14 22:02:33 | INFO | step=13600 loss=0.7837 lr=7.98e-05 elapsed=3864s
2026-09-14 22:02:57 | INFO | step=13700 loss=1.0706 lr=7.98e-05 elapsed=3889s
2026-09-14 22:03:21 | INFO | step=13800 loss=0.8855 lr=7.98e-05 elapsed=3913s
2026-09-14 22:03:46 | INFO | step=13900 loss=0.9997 lr=7.98e-05 elapsed=3937s
2026-09-14 22:04:10 | INFO | step=14000 loss=0.5613 lr=7.98e-05 elapsed=3962s
2026-09-14 22:04:18 | INFO | [eval] step=14000 dev_loss=4.4067
2026-09-14 22:05:14 | INFO |   EM on dev subset (200 samples): 0.00%
2026-09-14 22:05:39 | INFO | step=14100 loss=0.8747 lr=7.98e-05 elapsed=4050s
2026-09-14 22:06:03 | INFO | step=14200 loss=0.7036 lr=7.98e-05 elapsed=4075s
2026-09-14 22:06:27 | INFO | step=14300 loss=0.5073 lr=7.98e-05 elapsed=4099s
2026-09-14 22:06:52 | INFO | step=14400 loss=1.0450 lr=7.98e-05 elapsed=4123s
2026-09-14 22:07:16 | INFO | step=14500 loss=0.7999 lr=7.98e-05 elapsed=4148s
2026-09-14 22:07:40 | INFO | step=14600 loss=0.9123 lr=7.97e-05 elapsed=4172s
2026-09-14 22:08:05 | INFO | step=14700 loss=0.6813 lr=7.97e-05 elapsed=4196s
2026-09-14 22:08:29 | INFO | step=14800 loss=0.4578 lr=7.97e-05 elapsed=4221s
2026-09-14 22:08:54 | INFO | step=14900 loss=0.4511 lr=7.97e-05 elapsed=4245s
2026-09-14 22:09:18 | INFO | step=15000 loss=0.5200 lr=7.97e-05 elapsed=4269s
2026-09-14 22:09:42 | INFO | step=15100 loss=0.7031 lr=7.97e-05 elapsed=4294s
2026-09-14 22:10:07 | INFO | step=15200 loss=0.8244 lr=7.97e-05 elapsed=4318s
2026-09-14 22:10:31 | INFO | step=15300 loss=1.0845 lr=7.97e-05 elapsed=4342s
2026-09-14 22:10:55 | INFO | step=15400 loss=0.6131 lr=7.97e-05 elapsed=4367s
2026-09-14 22:11:20 | INFO | step=15500 loss=0.8893 lr=7.97e-05 elapsed=4391s
2026-09-14 22:11:44 | INFO | step=15600 loss=0.5834 lr=7.97e-05 elapsed=4416s
2026-09-14 22:12:08 | INFO | step=15700 loss=0.8382 lr=7.97e-05 elapsed=4440s
2026-09-14 22:12:33 | INFO | step=15800 loss=0.9306 lr=7.97e-05 elapsed=4464s
2026-09-14 22:12:57 | INFO | step=15900 loss=0.5731 lr=7.97e-05 elapsed=4489s
2026-09-14 22:13:22 | INFO | step=16000 loss=0.7003 lr=7.97e-05 elapsed=4513s
2026-09-14 22:13:29 | INFO | [eval] step=16000 dev_loss=4.5923
2026-09-14 22:14:26 | INFO |   EM on dev subset (200 samples): 0.00%
2026-09-14 22:14:51 | INFO | step=16100 loss=1.1637 lr=7.97e-05 elapsed=4602s
2026-09-14 22:15:15 | INFO | step=16200 loss=0.6596 lr=7.97e-05 elapsed=4627s
2026-09-14 22:15:39 | INFO | step=16300 loss=0.7576 lr=7.97e-05 elapsed=4651s
2026-09-14 22:16:04 | INFO | step=16400 loss=0.7238 lr=7.97e-05 elapsed=4675s
2026-09-14 22:16:28 | INFO | step=16500 loss=1.0379 lr=7.96e-05 elapsed=4700s
2026-09-14 22:16:52 | INFO | step=16600 loss=0.7206 lr=7.96e-05 elapsed=4724s
2026-09-14 22:17:17 | INFO | step=16700 loss=0.4622 lr=7.96e-05 elapsed=4748s
2026-09-14 22:17:41 | INFO | step=16800 loss=0.2800 lr=7.96e-05 elapsed=4773s
2026-09-14 22:18:05 | INFO | step=16900 loss=0.7520 lr=7.96e-05 elapsed=4797s
2026-09-14 22:18:30 | INFO | step=17000 loss=0.5592 lr=7.96e-05 elapsed=4821s
2026-09-14 22:18:54 | INFO | step=17100 loss=0.7447 lr=7.96e-05 elapsed=4846s
2026-09-14 22:19:19 | INFO | step=17200 loss=0.5139 lr=7.96e-05 elapsed=4870s
2026-09-14 22:19:43 | INFO | step=17300 loss=0.4598 lr=7.96e-05 elapsed=4895s
2026-09-14 22:20:07 | INFO | step=17400 loss=0.6500 lr=7.96e-05 elapsed=4919s
2026-09-14 22:20:32 | INFO | step=17500 loss=0.7727 lr=7.96e-05 elapsed=4943s
2026-09-14 22:20:56 | INFO | step=17600 loss=0.9317 lr=7.96e-05 elapsed=4968s
2026-09-14 22:21:21 | INFO | step=17700 loss=0.3554 lr=7.96e-05 elapsed=4992s
2026-09-14 22:21:45 | INFO | step=17800 loss=0.7292 lr=7.96e-05 elapsed=5016s
2026-09-14 22:22:09 | INFO | step=17900 loss=0.4153 lr=7.96e-05 elapsed=5041s
2026-09-14 22:22:34 | INFO | step=18000 loss=0.3899 lr=7.96e-05 elapsed=5065s
2026-09-14 22:22:41 | INFO | [eval] step=18000 dev_loss=4.7326
2026-09-14 22:23:32 | INFO |   EM on dev subset (200 samples): 0.00%
2026-09-14 22:23:56 | INFO | step=18100 loss=1.0235 lr=7.96e-05 elapsed=5148s
2026-09-14 22:24:21 | INFO | step=18200 loss=0.6489 lr=7.95e-05 elapsed=5172s
2026-09-14 22:24:45 | INFO | step=18300 loss=0.7371 lr=7.95e-05 elapsed=5196s
2026-09-14 22:25:09 | INFO | step=18400 loss=1.2182 lr=7.95e-05 elapsed=5221s
2026-09-14 22:25:34 | INFO | step=18500 loss=0.4154 lr=7.95e-05 elapsed=5245s
2026-09-14 22:25:58 | INFO | step=18600 loss=0.3224 lr=7.95e-05 elapsed=5270s
2026-09-14 22:26:22 | INFO | step=18700 loss=0.6034 lr=7.95e-05 elapsed=5294s
2026-09-14 22:26:47 | INFO | step=18800 loss=0.6347 lr=7.95e-05 elapsed=5318s
2026-09-14 22:27:11 | INFO | step=18900 loss=0.6746 lr=7.95e-05 elapsed=5343s
2026-09-14 22:27:35 | INFO | step=19000 loss=0.4511 lr=7.95e-05 elapsed=5367s
2026-09-14 22:28:00 | INFO | step=19100 loss=0.5328 lr=7.95e-05 elapsed=5391s
2026-09-14 22:28:24 | INFO | step=19200 loss=0.6354 lr=7.95e-05 elapsed=5416s
2026-09-14 22:28:49 | INFO | step=19300 loss=0.3466 lr=7.95e-05 elapsed=5440s
2026-09-14 22:29:13 | INFO | step=19400 loss=0.4132 lr=7.95e-05 elapsed=5465s
2026-09-14 22:29:37 | INFO | step=19500 loss=0.6011 lr=7.95e-05 elapsed=5489s
2026-09-14 22:30:02 | INFO | step=19600 loss=0.6458 lr=7.95e-05 elapsed=5513s
2026-09-14 22:30:26 | INFO | step=19700 loss=0.5230 lr=7.94e-05 elapsed=5537s
2026-09-14 22:30:50 | INFO | step=19800 loss=0.2425 lr=7.94e-05 elapsed=5562s
2026-09-14 22:31:15 | INFO | step=19900 loss=0.7771 lr=7.94e-05 elapsed=5586s
2026-09-14 22:31:39 | INFO | step=20000 loss=0.5257 lr=7.94e-05 elapsed=5611s
2026-09-14 22:31:46 | INFO | [eval] step=20000 dev_loss=4.8049
2026-09-14 22:32:36 | INFO |   EM on dev subset (200 samples): 0.00%
2026-09-14 22:33:17 | INFO | step=20100 loss=0.6229 lr=7.94e-05 elapsed=5709s
2026-09-14 22:33:42 | INFO | step=20200 loss=0.5910 lr=7.94e-05 elapsed=5733s
2026-09-14 22:34:06 | INFO | step=20300 loss=0.6943 lr=7.94e-05 elapsed=5757s
2026-09-14 22:34:30 | INFO | step=20400 loss=0.5033 lr=7.94e-05 elapsed=5782s
2026-09-14 22:34:55 | INFO | step=20500 loss=0.5521 lr=7.94e-05 elapsed=5806s
2026-09-14 22:35:19 | INFO | step=20600 loss=0.5050 lr=7.94e-05 elapsed=5830s
2026-09-14 22:35:43 | INFO | step=20700 loss=0.3989 lr=7.94e-05 elapsed=5855s
2026-09-14 22:36:07 | INFO | step=20800 loss=0.7932 lr=7.94e-05 elapsed=5879s
2026-09-14 22:36:32 | INFO | step=20900 loss=0.4201 lr=7.94e-05 elapsed=5903s
2026-09-14 22:36:56 | INFO | step=21000 loss=0.8364 lr=7.94e-05 elapsed=5928s
2026-09-14 22:37:21 | INFO | step=21100 loss=0.4157 lr=7.93e-05 elapsed=5952s
2026-09-14 22:37:45 | INFO | step=21200 loss=0.5816 lr=7.93e-05 elapsed=5977s
2026-09-14 22:38:09 | INFO | step=21300 loss=0.5491 lr=7.93e-05 elapsed=6001s
2026-09-14 22:38:34 | INFO | step=21400 loss=0.4741 lr=7.93e-05 elapsed=6025s
2026-09-14 22:38:58 | INFO | step=21500 loss=0.6776 lr=7.93e-05 elapsed=6050s
2026-09-14 22:39:23 | INFO | step=21600 loss=0.6544 lr=7.93e-05 elapsed=6074s
2026-09-14 22:39:47 | INFO | step=21700 loss=0.4447 lr=7.93e-05 elapsed=6098s
2026-09-14 22:40:11 | INFO | step=21800 loss=0.7313 lr=7.93e-05 elapsed=6123s
2026-09-14 22:40:35 | INFO | step=21900 loss=0.4796 lr=7.93e-05 elapsed=6147s
2026-09-14 22:41:00 | INFO | step=22000 loss=0.4294 lr=7.93e-05 elapsed=6171s
2026-09-14 22:41:07 | INFO | [eval] step=22000 dev_loss=4.8517
2026-09-14 22:42:02 | INFO |   EM on dev subset (200 samples): 0.00%
2026-09-14 22:42:26 | INFO | step=22100 loss=0.2871 lr=7.93e-05 elapsed=6258s
2026-09-14 22:42:50 | INFO | step=22200 loss=0.4502 lr=7.93e-05 elapsed=6282s
2026-09-14 22:43:15 | INFO | step=22300 loss=0.2757 lr=7.92e-05 elapsed=6306s
2026-09-14 22:43:39 | INFO | step=22400 loss=0.4362 lr=7.92e-05 elapsed=6331s
2026-09-14 22:44:03 | INFO | step=22500 loss=0.3043 lr=7.92e-05 elapsed=6355s
2026-09-14 22:44:28 | INFO | step=22600 loss=0.1965 lr=7.92e-05 elapsed=6379s
2026-09-14 22:44:52 | INFO | step=22700 loss=0.4028 lr=7.92e-05 elapsed=6403s
2026-09-14 22:45:16 | INFO | step=22800 loss=0.3661 lr=7.92e-05 elapsed=6428s
2026-09-14 22:45:41 | INFO | step=22900 loss=0.3440 lr=7.92e-05 elapsed=6452s
2026-09-14 22:46:05 | INFO | step=23000 loss=0.5689 lr=7.92e-05 elapsed=6477s
2026-09-14 22:46:29 | INFO | step=23100 loss=0.6897 lr=7.92e-05 elapsed=6501s
2026-09-14 22:46:54 | INFO | step=23200 loss=0.4841 lr=7.92e-05 elapsed=6525s
2026-09-14 22:47:18 | INFO | step=23300 loss=0.3858 lr=7.92e-05 elapsed=6550s
2026-09-14 22:47:42 | INFO | step=23400 loss=0.6165 lr=7.92e-05 elapsed=6574s
2026-09-14 22:48:07 | INFO | step=23500 loss=0.4405 lr=7.91e-05 elapsed=6598s
2026-09-14 22:48:31 | INFO | step=23600 loss=0.5862 lr=7.91e-05 elapsed=6623s
2026-09-14 22:48:55 | INFO | step=23700 loss=0.3047 lr=7.91e-05 elapsed=6647s
2026-09-14 22:49:20 | INFO | step=23800 loss=0.3685 lr=7.91e-05 elapsed=6671s
2026-09-14 22:49:44 | INFO | step=23900 loss=0.4679 lr=7.91e-05 elapsed=6696s
2026-09-14 22:50:08 | INFO | step=24000 loss=0.4999 lr=7.91e-05 elapsed=6720s
2026-09-14 22:50:16 | INFO | [eval] step=24000 dev_loss=5.0033
2026-09-14 22:51:03 | INFO |   EM on dev subset (200 samples): 0.00%
2026-09-14 22:51:27 | INFO | step=24100 loss=0.4580 lr=7.91e-05 elapsed=6799s
2026-09-14 22:51:51 | INFO | step=24200 loss=0.2510 lr=7.91e-05 elapsed=6823s
2026-09-14 22:52:16 | INFO | step=24300 loss=0.4334 lr=7.91e-05 elapsed=6847s
2026-09-14 22:52:40 | INFO | step=24400 loss=0.5658 lr=7.91e-05 elapsed=6872s
2026-09-14 22:53:05 | INFO | step=24500 loss=0.4232 lr=7.91e-05 elapsed=6896s
2026-09-14 22:53:29 | INFO | step=24600 loss=0.4378 lr=7.90e-05 elapsed=6920s
2026-09-14 22:53:53 | INFO | step=24700 loss=0.5433 lr=7.90e-05 elapsed=6945s
2026-09-14 22:54:18 | INFO | step=24800 loss=0.3636 lr=7.90e-05 elapsed=6969s
2026-09-14 22:54:42 | INFO | step=24900 loss=0.4436 lr=7.90e-05 elapsed=6993s
2026-09-14 22:55:06 | INFO | step=25000 loss=0.4542 lr=7.90e-05 elapsed=7018s
2026-09-14 22:55:30 | INFO | step=25100 loss=0.3293 lr=7.90e-05 elapsed=7042s
2026-09-14 22:55:55 | INFO | step=25200 loss=0.2773 lr=7.90e-05 elapsed=7066s
2026-09-14 22:56:19 | INFO | step=25300 loss=0.2250 lr=7.90e-05 elapsed=7091s
2026-09-14 22:56:44 | INFO | step=25400 loss=0.6013 lr=7.90e-05 elapsed=7115s
2026-09-14 22:57:08 | INFO | step=25500 loss=0.4397 lr=7.90e-05 elapsed=7139s
2026-09-14 22:57:32 | INFO | step=25600 loss=0.5395 lr=7.90e-05 elapsed=7164s
2026-09-14 22:57:57 | INFO | step=25700 loss=0.6934 lr=7.89e-05 elapsed=7188s
2026-09-14 22:58:21 | INFO | step=25800 loss=0.4529 lr=7.89e-05 elapsed=7212s
2026-09-14 22:58:45 | INFO | step=25900 loss=0.3087 lr=7.89e-05 elapsed=7237s
2026-09-14 22:59:10 | INFO | step=26000 loss=0.3260 lr=7.89e-05 elapsed=7261s
2026-09-14 22:59:17 | INFO | [eval] step=26000 dev_loss=5.0302
2026-09-14 23:00:17 | INFO |   EM on dev subset (200 samples): 0.00%
2026-09-14 23:00:41 | INFO | step=26100 loss=0.3511 lr=7.89e-05 elapsed=7353s
2026-09-14 23:01:06 | INFO | step=26200 loss=0.3315 lr=7.89e-05 elapsed=7377s
2026-09-14 23:01:30 | INFO | step=26300 loss=0.2491 lr=7.89e-05 elapsed=7402s
2026-09-14 23:01:55 | INFO | step=26400 loss=0.0876 lr=7.89e-05 elapsed=7426s
2026-09-14 23:02:19 | INFO | step=26500 loss=0.2474 lr=7.89e-05 elapsed=7451s
2026-09-14 23:02:44 | INFO | step=26600 loss=0.3065 lr=7.89e-05 elapsed=7475s
2026-09-14 23:03:08 | INFO | step=26700 loss=0.3672 lr=7.88e-05 elapsed=7499s
2026-09-14 23:03:32 | INFO | step=26800 loss=0.4040 lr=7.88e-05 elapsed=7524s
2026-09-14 23:03:57 | INFO | step=26900 loss=0.3214 lr=7.88e-05 elapsed=7548s
2026-09-14 23:04:21 | INFO | step=27000 loss=0.3413 lr=7.88e-05 elapsed=7573s
2026-09-14 23:04:45 | INFO | step=27100 loss=0.2128 lr=7.88e-05 elapsed=7597s
2026-09-14 23:05:10 | INFO | step=27200 loss=0.3834 lr=7.88e-05 elapsed=7621s
2026-09-14 23:05:34 | INFO | step=27300 loss=0.6515 lr=7.88e-05 elapsed=7646s
2026-09-14 23:05:58 | INFO | step=27400 loss=0.2555 lr=7.88e-05 elapsed=7670s
2026-09-14 23:06:23 | INFO | step=27500 loss=0.2988 lr=7.88e-05 elapsed=7694s
2026-09-14 23:06:47 | INFO | step=27600 loss=0.1515 lr=7.88e-05 elapsed=7718s
2026-09-14 23:07:11 | INFO | step=27700 loss=0.1384 lr=7.87e-05 elapsed=7743s
2026-09-14 23:07:35 | INFO | step=27800 loss=0.5853 lr=7.87e-05 elapsed=7767s
2026-09-14 23:08:00 | INFO | step=27900 loss=0.2540 lr=7.87e-05 elapsed=7791s
2026-09-14 23:08:24 | INFO | step=28000 loss=0.3473 lr=7.87e-05 elapsed=7816s
2026-09-14 23:08:32 | INFO | [eval] step=28000 dev_loss=5.1079
2026-09-14 23:09:16 | INFO |   EM on dev subset (200 samples): 0.50%
2026-09-14 23:09:41 | INFO | step=28100 loss=0.1465 lr=7.87e-05 elapsed=7892s
2026-09-14 23:10:05 | INFO | step=28200 loss=0.3400 lr=7.87e-05 elapsed=7917s
2026-09-14 23:10:29 | INFO | step=28300 loss=0.2319 lr=7.87e-05 elapsed=7941s
2026-09-14 23:10:54 | INFO | step=28400 loss=0.2594 lr=7.87e-05 elapsed=7966s
2026-09-14 23:11:18 | INFO | step=28500 loss=0.1807 lr=7.87e-05 elapsed=7990s
2026-09-14 23:11:43 | INFO | step=28600 loss=0.2706 lr=7.86e-05 elapsed=8014s
2026-09-14 23:12:07 | INFO | step=28700 loss=0.3565 lr=7.86e-05 elapsed=8039s
2026-09-14 23:12:32 | INFO | step=28800 loss=0.3332 lr=7.86e-05 elapsed=8063s
2026-09-14 23:12:56 | INFO | step=28900 loss=0.1981 lr=7.86e-05 elapsed=8088s
2026-09-14 23:13:20 | INFO | step=29000 loss=0.2894 lr=7.86e-05 elapsed=8112s
2026-09-14 23:13:45 | INFO | step=29100 loss=0.2073 lr=7.86e-05 elapsed=8136s
2026-09-14 23:14:09 | INFO | step=29200 loss=0.2193 lr=7.86e-05 elapsed=8161s
2026-09-14 23:14:34 | INFO | step=29300 loss=0.3713 lr=7.86e-05 elapsed=8185s
2026-09-14 23:14:58 | INFO | step=29400 loss=0.1171 lr=7.86e-05 elapsed=8210s
2026-09-14 23:15:22 | INFO | step=29500 loss=0.1175 lr=7.85e-05 elapsed=8234s
2026-09-14 23:15:47 | INFO | step=29600 loss=0.3219 lr=7.85e-05 elapsed=8259s
2026-09-14 23:16:11 | INFO | step=29700 loss=0.3784 lr=7.85e-05 elapsed=8283s
2026-09-14 23:16:36 | INFO | step=29800 loss=0.3000 lr=7.85e-05 elapsed=8307s
2026-09-14 23:17:00 | INFO | step=29900 loss=0.2366 lr=7.85e-05 elapsed=8331s
2026-09-14 23:17:24 | INFO | step=30000 loss=0.2960 lr=7.85e-05 elapsed=8356s
2026-09-14 23:17:32 | INFO | [eval] step=30000 dev_loss=5.1687
2026-09-14 23:18:33 | INFO |   EM on dev subset (200 samples): 0.00%
2026-09-14 23:18:57 | INFO | step=30100 loss=0.2746 lr=7.85e-05 elapsed=8449s
2026-09-14 23:19:21 | INFO | step=30200 loss=0.3904 lr=7.85e-05 elapsed=8473s
2026-09-14 23:19:46 | INFO | step=30300 loss=0.3481 lr=7.85e-05 elapsed=8497s
2026-09-14 23:20:10 | INFO | step=30400 loss=0.3235 lr=7.84e-05 elapsed=8522s
2026-09-14 23:20:34 | INFO | step=30500 loss=0.3982 lr=7.84e-05 elapsed=8546s
2026-09-14 23:20:58 | INFO | step=30600 loss=0.4546 lr=7.84e-05 elapsed=8570s
2026-09-14 23:21:23 | INFO | step=30700 loss=0.1928 lr=7.84e-05 elapsed=8594s
2026-09-14 23:21:47 | INFO | step=30800 loss=0.1441 lr=7.84e-05 elapsed=8619s
2026-09-14 23:22:11 | INFO | step=30900 loss=0.1410 lr=7.84e-05 elapsed=8643s
2026-09-14 23:22:36 | INFO | step=31000 loss=0.1039 lr=7.84e-05 elapsed=8667s
2026-09-14 23:23:00 | INFO | step=31100 loss=0.2006 lr=7.84e-05 elapsed=8692s
2026-09-14 23:23:25 | INFO | step=31200 loss=0.3570 lr=7.83e-05 elapsed=8716s
2026-09-14 23:23:49 | INFO | step=31300 loss=0.2450 lr=7.83e-05 elapsed=8741s
2026-09-14 23:24:13 | INFO | step=31400 loss=0.1308 lr=7.83e-05 elapsed=8765s
2026-09-14 23:24:38 | INFO | step=31500 loss=0.2943 lr=7.83e-05 elapsed=8789s
2026-09-14 23:25:02 | INFO | step=31600 loss=0.1981 lr=7.83e-05 elapsed=8814s
2026-09-14 23:25:27 | INFO | step=31700 loss=0.1752 lr=7.83e-05 elapsed=8838s
2026-09-14 23:25:51 | INFO | step=31800 loss=0.4307 lr=7.83e-05 elapsed=8863s
2026-09-14 23:26:15 | INFO | step=31900 loss=0.1981 lr=7.83e-05 elapsed=8887s
2026-09-14 23:26:40 | INFO | step=32000 loss=0.0999 lr=7.82e-05 elapsed=8911s
2026-09-14 23:26:47 | INFO | [eval] step=32000 dev_loss=5.3371
2026-09-14 23:27:38 | INFO |   EM on dev subset (200 samples): 1.00%
2026-09-14 23:27:55 | INFO |   -> New best model saved (dev_loss=5.3371)
2026-09-14 23:28:19 | INFO | step=32100 loss=0.3632 lr=7.82e-05 elapsed=9011s
2026-09-14 23:28:44 | INFO | step=32200 loss=0.2910 lr=7.82e-05 elapsed=9035s
2026-09-14 23:29:08 | INFO | step=32300 loss=0.3833 lr=7.82e-05 elapsed=9059s
2026-09-14 23:29:32 | INFO | step=32400 loss=0.3237 lr=7.82e-05 elapsed=9084s
2026-09-14 23:29:57 | INFO | step=32500 loss=0.2467 lr=7.82e-05 elapsed=9108s
2026-09-14 23:30:21 | INFO | step=32600 loss=0.2135 lr=7.82e-05 elapsed=9133s
2026-09-14 23:30:45 | INFO | step=32700 loss=0.2216 lr=7.82e-05 elapsed=9157s
2026-09-14 23:31:10 | INFO | step=32800 loss=0.1980 lr=7.81e-05 elapsed=9181s
2026-09-14 23:31:34 | INFO | step=32900 loss=0.2219 lr=7.81e-05 elapsed=9206s
2026-09-14 23:31:59 | INFO | step=33000 loss=0.3266 lr=7.81e-05 elapsed=9230s
2026-09-14 23:32:23 | INFO | step=33100 loss=0.2383 lr=7.81e-05 elapsed=9255s
2026-09-14 23:32:47 | INFO | step=33200 loss=0.2439 lr=7.81e-05 elapsed=9279s
2026-09-14 23:33:12 | INFO | step=33300 loss=0.1354 lr=7.81e-05 elapsed=9303s
2026-09-14 23:33:36 | INFO | step=33400 loss=0.2768 lr=7.81e-05 elapsed=9328s
2026-09-14 23:34:01 | INFO | step=33500 loss=0.2929 lr=7.81e-05 elapsed=9352s
2026-09-14 23:34:25 | INFO | step=33600 loss=0.2301 lr=7.80e-05 elapsed=9377s
2026-09-14 23:34:50 | INFO | step=33700 loss=0.1636 lr=7.80e-05 elapsed=9401s
2026-09-14 23:35:14 | INFO | step=33800 loss=0.2997 lr=7.80e-05 elapsed=9425s
2026-09-14 23:35:38 | INFO | step=33900 loss=0.2623 lr=7.80e-05 elapsed=9450s
2026-09-14 23:36:03 | INFO | step=34000 loss=0.3579 lr=7.80e-05 elapsed=9475s
2026-09-14 23:36:10 | INFO | [eval] step=34000 dev_loss=5.3115
2026-09-14 23:37:01 | INFO |   EM on dev subset (200 samples): 0.00%
2026-09-14 23:37:25 | INFO | step=34100 loss=0.2958 lr=7.80e-05 elapsed=9557s
2026-09-14 23:37:49 | INFO | step=34200 loss=0.2966 lr=7.80e-05 elapsed=9581s
2026-09-14 23:38:14 | INFO | step=34300 loss=0.0990 lr=7.79e-05 elapsed=9605s
2026-09-14 23:38:38 | INFO | step=34400 loss=0.1371 lr=7.79e-05 elapsed=9630s
2026-09-14 23:39:03 | INFO | step=34500 loss=0.4415 lr=7.79e-05 elapsed=9654s
2026-09-14 23:39:28 | INFO | step=34600 loss=0.1221 lr=7.79e-05 elapsed=9679s
2026-09-14 23:39:52 | INFO | step=34700 loss=0.1336 lr=7.79e-05 elapsed=9704s
2026-09-14 23:40:17 | INFO | step=34800 loss=0.2122 lr=7.79e-05 elapsed=9729s
2026-09-14 23:40:42 | INFO | step=34900 loss=0.1839 lr=7.79e-05 elapsed=9754s
2026-09-14 23:41:07 | INFO | step=35000 loss=0.3218 lr=7.79e-05 elapsed=9779s
2026-09-14 23:41:32 | INFO | step=35100 loss=0.1763 lr=7.78e-05 elapsed=9804s
2026-09-14 23:41:57 | INFO | step=35200 loss=0.2213 lr=7.78e-05 elapsed=9829s
2026-09-14 23:42:22 | INFO | step=35300 loss=0.2984 lr=7.78e-05 elapsed=9854s
2026-09-14 23:42:47 | INFO | step=35400 loss=0.1509 lr=7.78e-05 elapsed=9879s
2026-09-14 23:43:12 | INFO | step=35500 loss=0.2132 lr=7.78e-05 elapsed=9904s
2026-09-14 23:43:37 | INFO | step=35600 loss=0.1966 lr=7.78e-05 elapsed=9929s
2026-09-14 23:44:02 | INFO | step=35700 loss=0.3027 lr=7.78e-05 elapsed=9953s
2026-09-14 23:44:26 | INFO | step=35800 loss=0.0936 lr=7.77e-05 elapsed=9977s
2026-09-14 23:44:50 | INFO | step=35900 loss=0.2134 lr=7.77e-05 elapsed=10002s
2026-09-14 23:45:15 | INFO | step=36000 loss=0.1687 lr=7.77e-05 elapsed=10026s
2026-09-14 23:45:22 | INFO | [eval] step=36000 dev_loss=5.4445
2026-09-14 23:46:27 | INFO |   EM on dev subset (200 samples): 0.00%
2026-09-14 23:46:51 | INFO | step=36100 loss=0.2779 lr=7.77e-05 elapsed=10123s
2026-09-14 23:47:16 | INFO | step=36200 loss=0.1545 lr=7.77e-05 elapsed=10148s
2026-09-14 23:47:41 | INFO | step=36300 loss=0.2453 lr=7.77e-05 elapsed=10172s
2026-09-14 23:48:06 | INFO | step=36400 loss=0.1644 lr=7.77e-05 elapsed=10197s
2026-09-14 23:48:31 | INFO | step=36500 loss=0.2194 lr=7.76e-05 elapsed=10222s
2026-09-14 23:48:56 | INFO | step=36600 loss=0.1901 lr=7.76e-05 elapsed=10247s
2026-09-14 23:49:21 | INFO | step=36700 loss=0.1641 lr=7.76e-05 elapsed=10272s
2026-09-14 23:49:46 | INFO | step=36800 loss=0.1860 lr=7.76e-05 elapsed=10298s
2026-09-14 23:50:11 | INFO | step=36900 loss=0.0763 lr=7.76e-05 elapsed=10322s
2026-09-14 23:50:36 | INFO | step=37000 loss=0.3778 lr=7.76e-05 elapsed=10347s
2026-09-14 23:51:01 | INFO | step=37100 loss=0.3193 lr=7.76e-05 elapsed=10372s
2026-09-14 23:51:26 | INFO | step=37200 loss=0.2194 lr=7.75e-05 elapsed=10397s
2026-09-14 23:51:51 | INFO | step=37300 loss=0.4546 lr=7.75e-05 elapsed=10422s
2026-09-14 23:52:15 | INFO | step=37400 loss=0.2846 lr=7.75e-05 elapsed=10447s
2026-09-14 23:52:40 | INFO | step=37500 loss=0.2165 lr=7.75e-05 elapsed=10471s
2026-09-14 23:53:04 | INFO | step=37600 loss=0.1606 lr=7.75e-05 elapsed=10496s
2026-09-14 23:53:29 | INFO | step=37700 loss=0.3623 lr=7.75e-05 elapsed=10520s
2026-09-14 23:53:53 | INFO | step=37800 loss=0.1315 lr=7.75e-05 elapsed=10545s
2026-09-14 23:54:18 | INFO | step=37900 loss=0.1544 lr=7.74e-05 elapsed=10570s
2026-09-14 23:54:43 | INFO | step=38000 loss=0.1905 lr=7.74e-05 elapsed=10595s
2026-09-14 23:54:51 | INFO | [eval] step=38000 dev_loss=5.3718
2026-09-14 23:55:47 | INFO |   EM on dev subset (200 samples): 0.00%
2026-09-14 23:56:13 | INFO | step=38100 loss=0.2225 lr=7.74e-05 elapsed=10684s
2026-09-14 23:56:38 | INFO | step=38200 loss=0.3426 lr=7.74e-05 elapsed=10709s
2026-09-14 23:57:02 | INFO | step=38300 loss=0.1089 lr=7.74e-05 elapsed=10734s
2026-09-14 23:57:27 | INFO | step=38400 loss=0.3011 lr=7.74e-05 elapsed=10759s
2026-09-14 23:57:52 | INFO | step=38500 loss=0.2885 lr=7.73e-05 elapsed=10784s
2026-09-14 23:58:17 | INFO | step=38600 loss=0.0688 lr=7.73e-05 elapsed=10809s
2026-09-14 23:58:42 | INFO | step=38700 loss=0.3192 lr=7.73e-05 elapsed=10834s
2026-09-14 23:59:07 | INFO | step=38800 loss=0.3576 lr=7.73e-05 elapsed=10858s
2026-09-14 23:59:31 | INFO | step=38900 loss=0.1104 lr=7.73e-05 elapsed=10883s
2026-09-14 23:59:55 | INFO | step=39000 loss=0.1215 lr=7.73e-05 elapsed=10907s
2026-09-15 00:00:20 | INFO | step=39100 loss=0.1845 lr=7.73e-05 elapsed=10931s
2026-09-15 00:00:44 | INFO | step=39200 loss=0.2229 lr=7.72e-05 elapsed=10956s
2026-09-15 00:01:09 | INFO | step=39300 loss=0.1875 lr=7.72e-05 elapsed=10981s
2026-09-15 00:01:34 | INFO | step=39400 loss=0.1270 lr=7.72e-05 elapsed=11006s
2026-09-15 00:01:59 | INFO | step=39500 loss=0.0497 lr=7.72e-05 elapsed=11031s
2026-09-15 00:02:24 | INFO | step=39600 loss=0.1561 lr=7.72e-05 elapsed=11056s
2026-09-15 00:02:49 | INFO | step=39700 loss=0.0879 lr=7.72e-05 elapsed=11081s
2026-09-15 00:03:14 | INFO | step=39800 loss=0.2085 lr=7.71e-05 elapsed=11105s
2026-09-15 00:03:39 | INFO | step=39900 loss=0.1225 lr=7.71e-05 elapsed=11130s
2026-09-15 00:04:04 | INFO | step=40000 loss=0.1818 lr=7.71e-05 elapsed=11156s
2026-09-15 00:04:11 | INFO | [eval] step=40000 dev_loss=5.4868
2026-09-15 00:05:03 | INFO |   EM on dev subset (200 samples): 0.00%
2026-09-15 00:05:44 | INFO | step=40100 loss=0.1399 lr=7.71e-05 elapsed=11256s
2026-09-15 00:06:09 | INFO | step=40200 loss=0.2255 lr=7.71e-05 elapsed=11280s
2026-09-15 00:06:33 | INFO | step=40300 loss=0.1019 lr=7.71e-05 elapsed=11305s
2026-09-15 00:06:58 | INFO | step=40400 loss=0.2139 lr=7.71e-05 elapsed=11329s
2026-09-15 00:07:22 | INFO | step=40500 loss=0.1895 lr=7.70e-05 elapsed=11354s
2026-09-15 00:07:46 | INFO | step=40600 loss=0.1985 lr=7.70e-05 elapsed=11378s
2026-09-15 00:08:11 | INFO | step=40700 loss=0.1454 lr=7.70e-05 elapsed=11402s
2026-09-15 00:08:36 | INFO | step=40800 loss=0.1531 lr=7.70e-05 elapsed=11427s
2026-09-15 00:09:01 | INFO | step=40900 loss=0.0886 lr=7.70e-05 elapsed=11452s
2026-09-15 00:09:26 | INFO | step=41000 loss=0.0813 lr=7.70e-05 elapsed=11477s
2026-09-15 00:09:50 | INFO | step=41100 loss=0.0925 lr=7.69e-05 elapsed=11502s
2026-09-15 00:10:16 | INFO | step=41200 loss=0.1458 lr=7.69e-05 elapsed=11527s
2026-09-15 00:10:40 | INFO | step=41300 loss=0.1470 lr=7.69e-05 elapsed=11552s
2026-09-15 00:11:05 | INFO | step=41400 loss=0.1124 lr=7.69e-05 elapsed=11577s
2026-09-15 00:11:30 | INFO | step=41500 loss=0.1054 lr=7.69e-05 elapsed=11602s
2026-09-15 00:11:55 | INFO | step=41600 loss=0.1541 lr=7.69e-05 elapsed=11627s
2026-09-15 00:12:20 | INFO | step=41700 loss=0.0971 lr=7.68e-05 elapsed=11652s
2026-09-15 00:12:45 | INFO | step=41800 loss=0.2013 lr=7.68e-05 elapsed=11677s
2026-09-15 00:13:10 | INFO | step=41900 loss=0.1016 lr=7.68e-05 elapsed=11701s
2026-09-15 00:13:34 | INFO | step=42000 loss=0.1142 lr=7.68e-05 elapsed=11726s
2026-09-15 00:13:42 | INFO | [eval] step=42000 dev_loss=5.5112
2026-09-15 00:14:42 | INFO |   EM on dev subset (200 samples): 0.00%
2026-09-15 00:15:07 | INFO | step=42100 loss=0.1345 lr=7.68e-05 elapsed=11819s
2026-09-15 00:15:32 | INFO | step=42200 loss=0.2801 lr=7.68e-05 elapsed=11844s
2026-09-15 00:15:57 | INFO | step=42300 loss=0.1054 lr=7.67e-05 elapsed=11869s
2026-09-15 00:16:22 | INFO | step=42400 loss=0.0469 lr=7.67e-05 elapsed=11894s
2026-09-15 00:16:47 | INFO | step=42500 loss=0.1996 lr=7.67e-05 elapsed=11919s
2026-09-15 00:17:12 | INFO | step=42600 loss=0.1126 lr=7.67e-05 elapsed=11943s
2026-09-15 00:17:37 | INFO | step=42700 loss=0.0531 lr=7.67e-05 elapsed=11968s
2026-09-15 00:18:02 | INFO | step=42800 loss=0.0574 lr=7.67e-05 elapsed=11994s
2026-09-15 00:18:27 | INFO | step=42900 loss=0.1252 lr=7.66e-05 elapsed=12019s
2026-09-15 00:18:52 | INFO | step=43000 loss=0.1767 lr=7.66e-05 elapsed=12043s
2026-09-15 00:19:17 | INFO | step=43100 loss=0.1343 lr=7.66e-05 elapsed=12068s
2026-09-15 00:19:41 | INFO | step=43200 loss=0.0973 lr=7.66e-05 elapsed=12093s
2026-09-15 00:20:06 | INFO | step=43300 loss=0.0943 lr=7.66e-05 elapsed=12117s
2026-09-15 00:20:30 | INFO | step=43400 loss=0.1565 lr=7.66e-05 elapsed=12142s
2026-09-15 00:20:54 | INFO | step=43500 loss=0.1271 lr=7.65e-05 elapsed=12166s
2026-09-15 00:21:19 | INFO | step=43600 loss=0.2469 lr=7.65e-05 elapsed=12190s
2026-09-15 00:21:43 | INFO | step=43700 loss=0.0377 lr=7.65e-05 elapsed=12215s
2026-09-15 00:22:08 | INFO | step=43800 loss=0.2198 lr=7.65e-05 elapsed=12240s
2026-09-15 00:22:33 | INFO | step=43900 loss=0.1021 lr=7.65e-05 elapsed=12265s
2026-09-15 00:22:58 | INFO | step=44000 loss=0.0751 lr=7.64e-05 elapsed=12290s
2026-09-15 00:23:06 | INFO | [eval] step=44000 dev_loss=5.6206
2026-09-15 00:24:01 | INFO |   EM on dev subset (200 samples): 0.00%
2026-09-15 00:24:26 | INFO | step=44100 loss=0.0390 lr=7.64e-05 elapsed=12378s
2026-09-15 00:24:51 | INFO | step=44200 loss=0.1535 lr=7.64e-05 elapsed=12403s
2026-09-15 00:25:16 | INFO | step=44300 loss=0.6593 lr=7.64e-05 elapsed=12428s
2026-09-15 00:25:41 | INFO | step=44400 loss=0.1053 lr=7.64e-05 elapsed=12453s
2026-09-15 00:26:06 | INFO | step=44500 loss=0.1328 lr=7.64e-05 elapsed=12478s
2026-09-15 00:26:31 | INFO | step=44600 loss=0.0853 lr=7.63e-05 elapsed=12502s
2026-09-15 00:26:55 | INFO | step=44700 loss=0.1678 lr=7.63e-05 elapsed=12527s
2026-09-15 00:27:20 | INFO | step=44800 loss=0.0992 lr=7.63e-05 elapsed=12551s
2026-09-15 00:27:44 | INFO | step=44900 loss=0.1410 lr=7.63e-05 elapsed=12575s
2026-09-15 00:28:08 | INFO | step=45000 loss=0.1250 lr=7.63e-05 elapsed=12600s
2026-09-15 00:28:32 | INFO | step=45100 loss=0.1835 lr=7.63e-05 elapsed=12624s
2026-09-15 00:28:57 | INFO | step=45200 loss=0.1808 lr=7.62e-05 elapsed=12648s
2026-09-15 00:29:21 | INFO | step=45300 loss=0.2348 lr=7.62e-05 elapsed=12673s
2026-09-15 00:29:45 | INFO | step=45400 loss=0.1066 lr=7.62e-05 elapsed=12697s
2026-09-15 00:30:10 | INFO | step=45500 loss=0.0765 lr=7.62e-05 elapsed=12722s
2026-09-15 00:30:36 | INFO | step=45600 loss=0.2352 lr=7.62e-05 elapsed=12747s
2026-09-15 00:31:01 | INFO | step=45700 loss=0.1785 lr=7.61e-05 elapsed=12772s
2026-09-15 00:31:26 | INFO | step=45800 loss=0.0387 lr=7.61e-05 elapsed=12797s
2026-09-15 00:31:51 | INFO | step=45900 loss=0.1296 lr=7.61e-05 elapsed=12822s
2026-09-15 00:32:16 | INFO | step=46000 loss=0.1012 lr=7.61e-05 elapsed=12847s
2026-09-15 00:32:23 | INFO | [eval] step=46000 dev_loss=5.6616
2026-09-15 00:33:18 | INFO |   EM on dev subset (200 samples): 0.00%
2026-09-15 00:33:43 | INFO | step=46100 loss=0.0740 lr=7.61e-05 elapsed=12934s
2026-09-15 00:34:08 | INFO | step=46200 loss=0.2519 lr=7.61e-05 elapsed=12959s
2026-09-15 00:34:32 | INFO | step=46300 loss=0.1667 lr=7.60e-05 elapsed=12984s
2026-09-15 00:34:57 | INFO | step=46400 loss=0.1046 lr=7.60e-05 elapsed=13009s
2026-09-15 00:35:21 | INFO | step=46500 loss=0.1159 lr=7.60e-05 elapsed=13033s
2026-09-15 00:35:46 | INFO | step=46600 loss=0.1018 lr=7.60e-05 elapsed=13057s
2026-09-15 00:36:10 | INFO | step=46700 loss=0.1849 lr=7.60e-05 elapsed=13082s
2026-09-15 00:36:34 | INFO | step=46800 loss=0.0645 lr=7.59e-05 elapsed=13106s
2026-09-15 00:36:59 | INFO | step=46900 loss=0.1737 lr=7.59e-05 elapsed=13131s
2026-09-15 00:37:24 | INFO | step=47000 loss=0.1464 lr=7.59e-05 elapsed=13156s
2026-09-15 00:37:49 | INFO | step=47100 loss=0.1290 lr=7.59e-05 elapsed=13181s
2026-09-15 00:38:14 | INFO | step=47200 loss=0.1597 lr=7.59e-05 elapsed=13206s
2026-09-15 00:38:39 | INFO | step=47300 loss=0.0541 lr=7.58e-05 elapsed=13231s
2026-09-15 00:39:04 | INFO | step=47400 loss=0.0633 lr=7.58e-05 elapsed=13256s
2026-09-15 00:39:29 | INFO | step=47500 loss=0.1197 lr=7.58e-05 elapsed=13281s
2026-09-15 00:39:54 | INFO | step=47600 loss=0.1076 lr=7.58e-05 elapsed=13306s
2026-09-15 00:40:19 | INFO | step=47700 loss=0.1367 lr=7.58e-05 elapsed=13331s
2026-09-15 00:40:44 | INFO | step=47800 loss=0.0272 lr=7.58e-05 elapsed=13356s
2026-09-15 00:41:09 | INFO | step=47900 loss=0.0403 lr=7.57e-05 elapsed=13381s
2026-09-15 00:41:34 | INFO | step=48000 loss=0.0799 lr=7.57e-05 elapsed=13406s
2026-09-15 00:41:41 | INFO | [eval] step=48000 dev_loss=5.6838
2026-09-15 00:42:39 | INFO |   EM on dev subset (200 samples): 0.00%
2026-09-15 00:43:03 | INFO | step=48100 loss=0.0815 lr=7.57e-05 elapsed=13495s
2026-09-15 00:43:28 | INFO | step=48200 loss=0.1103 lr=7.57e-05 elapsed=13519s
2026-09-15 00:43:52 | INFO | step=48300 loss=0.0797 lr=7.57e-05 elapsed=13544s
2026-09-15 00:44:17 | INFO | step=48400 loss=0.1547 lr=7.56e-05 elapsed=13569s
2026-09-15 00:44:42 | INFO | step=48500 loss=0.3469 lr=7.56e-05 elapsed=13594s
2026-09-15 00:45:07 | INFO | step=48600 loss=0.0358 lr=7.56e-05 elapsed=13618s
2026-09-15 00:45:32 | INFO | step=48700 loss=0.1833 lr=7.56e-05 elapsed=13643s
2026-09-15 00:45:57 | INFO | step=48800 loss=0.0313 lr=7.56e-05 elapsed=13668s
2026-09-15 00:46:22 | INFO | step=48900 loss=0.0104 lr=7.55e-05 elapsed=13693s
2026-09-15 00:46:47 | INFO | step=49000 loss=0.0373 lr=7.55e-05 elapsed=13718s
2026-09-15 00:47:12 | INFO | step=49100 loss=0.0997 lr=7.55e-05 elapsed=13743s
2026-09-15 00:47:37 | INFO | step=49200 loss=0.0582 lr=7.55e-05 elapsed=13768s
2026-09-15 00:48:02 | INFO | step=49300 loss=0.0919 lr=7.55e-05 elapsed=13793s
2026-09-15 00:48:27 | INFO | step=49400 loss=0.1500 lr=7.54e-05 elapsed=13818s
2026-09-15 00:48:52 | INFO | step=49500 loss=0.0156 lr=7.54e-05 elapsed=13843s
2026-09-15 00:49:16 | INFO | step=49600 loss=0.1560 lr=7.54e-05 elapsed=13868s
2026-09-15 00:49:41 | INFO | step=49700 loss=0.0788 lr=7.54e-05 elapsed=13892s
2026-09-15 00:50:05 | INFO | step=49800 loss=0.1018 lr=7.54e-05 elapsed=13916s
2026-09-15 00:50:29 | INFO | step=49900 loss=0.1574 lr=7.53e-05 elapsed=13941s
2026-09-15 00:50:53 | INFO | step=50000 loss=0.0989 lr=7.53e-05 elapsed=13965s
2026-09-15 00:51:01 | INFO | [eval] step=50000 dev_loss=5.6293
2026-09-15 00:51:58 | INFO |   EM on dev subset (200 samples): 0.00%
2026-09-15 00:52:23 | INFO | step=50100 loss=0.0802 lr=7.53e-05 elapsed=14055s
2026-09-15 00:52:48 | INFO | step=50200 loss=0.1475 lr=7.53e-05 elapsed=14080s
2026-09-15 00:53:13 | INFO | step=50300 loss=0.0362 lr=7.53e-05 elapsed=14105s
2026-09-15 00:53:38 | INFO | step=50400 loss=0.0683 lr=7.52e-05 elapsed=14130s
2026-09-15 00:54:03 | INFO | step=50500 loss=0.0644 lr=7.52e-05 elapsed=14155s
2026-09-15 00:54:28 | INFO | step=50600 loss=0.1584 lr=7.52e-05 elapsed=14180s
2026-09-15 00:54:53 | INFO | step=50700 loss=0.0548 lr=7.52e-05 elapsed=14205s
2026-09-15 00:55:18 | INFO | step=50800 loss=0.0768 lr=7.52e-05 elapsed=14230s
2026-09-15 00:55:43 | INFO | step=50900 loss=0.1421 lr=7.51e-05 elapsed=14255s
2026-09-15 00:56:08 | INFO | step=51000 loss=0.1243 lr=7.51e-05 elapsed=14280s
2026-09-15 00:56:33 | INFO | step=51100 loss=0.0902 lr=7.51e-05 elapsed=14305s
2026-09-15 00:56:58 | INFO | step=51200 loss=0.0371 lr=7.51e-05 elapsed=14330s
2026-09-15 00:57:23 | INFO | step=51300 loss=0.1309 lr=7.51e-05 elapsed=14354s
2026-09-15 00:57:47 | INFO | step=51400 loss=0.0189 lr=7.50e-05 elapsed=14379s
2026-09-15 00:58:11 | INFO | step=51500 loss=0.1720 lr=7.50e-05 elapsed=14403s
2026-09-15 00:58:36 | INFO | step=51600 loss=0.1727 lr=7.50e-05 elapsed=14428s
2026-09-15 00:59:00 | INFO | step=51700 loss=0.2112 lr=7.50e-05 elapsed=14452s
2026-09-15 00:59:25 | INFO | step=51800 loss=0.1488 lr=7.50e-05 elapsed=14476s
2026-09-15 00:59:50 | INFO | step=51900 loss=0.1052 lr=7.49e-05 elapsed=14501s
2026-09-15 01:00:15 | INFO | step=52000 loss=0.0651 lr=7.49e-05 elapsed=14526s
2026-09-15 01:00:22 | INFO | [eval] step=52000 dev_loss=5.6040
2026-09-15 01:01:32 | INFO |   EM on dev subset (200 samples): 0.00%
2026-09-15 01:01:57 | INFO | step=52100 loss=0.1332 lr=7.49e-05 elapsed=14629s
2026-09-15 01:02:22 | INFO | step=52200 loss=0.0720 lr=7.49e-05 elapsed=14654s
2026-09-15 01:02:47 | INFO | step=52300 loss=0.0271 lr=7.49e-05 elapsed=14679s
2026-09-15 01:03:12 | INFO | step=52400 loss=0.0578 lr=7.48e-05 elapsed=14704s
2026-09-15 01:03:37 | INFO | step=52500 loss=0.0904 lr=7.48e-05 elapsed=14729s
2026-09-15 01:04:02 | INFO | step=52600 loss=0.0650 lr=7.48e-05 elapsed=14753s
2026-09-15 01:04:26 | INFO | step=52700 loss=0.1108 lr=7.48e-05 elapsed=14778s
2026-09-15 01:04:51 | INFO | step=52800 loss=0.1081 lr=7.48e-05 elapsed=14802s
2026-09-15 01:05:15 | INFO | step=52900 loss=0.0997 lr=7.47e-05 elapsed=14827s
2026-09-15 01:05:39 | INFO | step=53000 loss=0.1100 lr=7.47e-05 elapsed=14851s
2026-09-15 01:06:04 | INFO | step=53100 loss=0.0168 lr=7.47e-05 elapsed=14875s
2026-09-15 01:06:28 | INFO | step=53200 loss=0.1617 lr=7.47e-05 elapsed=14900s
2026-09-15 01:06:52 | INFO | step=53300 loss=0.0902 lr=7.46e-05 elapsed=14924s
2026-09-15 01:07:17 | INFO | step=53400 loss=0.1352 lr=7.46e-05 elapsed=14949s
2026-09-15 01:07:42 | INFO | step=53500 loss=0.1084 lr=7.46e-05 elapsed=14973s
2026-09-15 01:08:07 | INFO | step=53600 loss=0.0459 lr=7.46e-05 elapsed=14999s
2026-09-15 01:08:32 | INFO | step=53700 loss=0.0924 lr=7.46e-05 elapsed=15023s
2026-09-15 01:08:57 | INFO | step=53800 loss=0.0394 lr=7.45e-05 elapsed=15048s
2026-09-15 01:09:21 | INFO | step=53900 loss=0.1307 lr=7.45e-05 elapsed=15073s
2026-09-15 01:09:46 | INFO | step=54000 loss=0.1294 lr=7.45e-05 elapsed=15098s
2026-09-15 01:09:54 | INFO | [eval] step=54000 dev_loss=5.8087
2026-09-15 01:10:43 | INFO |   EM on dev subset (200 samples): 0.00%
2026-09-15 01:11:08 | INFO | step=54100 loss=0.1159 lr=7.45e-05 elapsed=15179s
2026-09-15 01:11:33 | INFO | step=54200 loss=0.0737 lr=7.45e-05 elapsed=15204s
2026-09-15 01:11:58 | INFO | step=54300 loss=0.0875 lr=7.44e-05 elapsed=15229s
2026-09-15 01:12:22 | INFO | step=54400 loss=0.0648 lr=7.44e-05 elapsed=15254s
2026-09-15 01:12:46 | INFO | step=54500 loss=0.0083 lr=7.44e-05 elapsed=15278s
2026-09-15 01:13:11 | INFO | step=54600 loss=0.0467 lr=7.44e-05 elapsed=15302s
2026-09-15 01:13:35 | INFO | step=54700 loss=0.0398 lr=7.43e-05 elapsed=15326s
2026-09-15 01:13:59 | INFO | step=54800 loss=0.1423 lr=7.43e-05 elapsed=15351s
2026-09-15 01:14:24 | INFO | step=54900 loss=0.0568 lr=7.43e-05 elapsed=15376s
2026-09-15 01:14:49 | INFO | step=55000 loss=0.0411 lr=7.43e-05 elapsed=15401s
2026-09-15 01:15:14 | INFO | step=55100 loss=0.0924 lr=7.43e-05 elapsed=15426s
2026-09-15 01:15:39 | INFO | step=55200 loss=0.0168 lr=7.42e-05 elapsed=15451s
2026-09-15 01:16:04 | INFO | step=55300 loss=0.0755 lr=7.42e-05 elapsed=15476s
2026-09-15 01:16:29 | INFO | step=55400 loss=0.0625 lr=7.42e-05 elapsed=15501s
2026-09-15 01:16:54 | INFO | step=55500 loss=0.0903 lr=7.42e-05 elapsed=15526s
2026-09-15 01:17:19 | INFO | step=55600 loss=0.0391 lr=7.41e-05 elapsed=15551s
2026-09-15 01:17:44 | INFO | step=55700 loss=0.0336 lr=7.41e-05 elapsed=15576s
2026-09-15 01:18:09 | INFO | step=55800 loss=0.0568 lr=7.41e-05 elapsed=15601s
2026-09-15 01:18:34 | INFO | step=55900 loss=0.1186 lr=7.41e-05 elapsed=15626s
2026-09-15 01:18:59 | INFO | step=56000 loss=0.0408 lr=7.41e-05 elapsed=15650s
2026-09-15 01:19:06 | INFO | [eval] step=56000 dev_loss=5.8543
2026-09-15 01:19:58 | INFO |   EM on dev subset (200 samples): 0.00%
2026-09-15 01:20:23 | INFO | step=56100 loss=0.0611 lr=7.40e-05 elapsed=15734s
2026-09-15 01:20:47 | INFO | step=56200 loss=0.0626 lr=7.40e-05 elapsed=15759s
2026-09-15 01:21:11 | INFO | step=56300 loss=0.0985 lr=7.40e-05 elapsed=15783s
2026-09-15 01:21:36 | INFO | step=56400 loss=0.0560 lr=7.40e-05 elapsed=15807s
2026-09-15 01:22:01 | INFO | step=56500 loss=0.0672 lr=7.39e-05 elapsed=15832s
2026-09-15 01:22:25 | INFO | step=56600 loss=0.0695 lr=7.39e-05 elapsed=15857s
2026-09-15 01:22:50 | INFO | step=56700 loss=0.0596 lr=7.39e-05 elapsed=15882s
2026-09-15 01:23:15 | INFO | step=56800 loss=0.0674 lr=7.39e-05 elapsed=15907s
2026-09-15 01:23:40 | INFO | step=56900 loss=0.0593 lr=7.39e-05 elapsed=15932s
2026-09-15 01:24:05 | INFO | step=57000 loss=0.0440 lr=7.38e-05 elapsed=15957s
2026-09-15 01:24:30 | INFO | step=57100 loss=0.1385 lr=7.38e-05 elapsed=15982s
2026-09-15 01:24:55 | INFO | step=57200 loss=0.0926 lr=7.38e-05 elapsed=16007s
2026-09-15 01:25:20 | INFO | step=57300 loss=0.0242 lr=7.38e-05 elapsed=16032s
2026-09-15 01:25:45 | INFO | step=57400 loss=0.0455 lr=7.37e-05 elapsed=16057s
2026-09-15 01:26:10 | INFO | step=57500 loss=0.0100 lr=7.37e-05 elapsed=16081s
2026-09-15 01:26:35 | INFO | step=57600 loss=0.0986 lr=7.37e-05 elapsed=16106s
2026-09-15 01:26:59 | INFO | step=57700 loss=0.0877 lr=7.37e-05 elapsed=16131s
2026-09-15 01:27:24 | INFO | step=57800 loss=0.0268 lr=7.37e-05 elapsed=16155s
2026-09-15 01:27:48 | INFO | step=57900 loss=0.1062 lr=7.36e-05 elapsed=16180s
2026-09-15 01:28:13 | INFO | step=58000 loss=0.0168 lr=7.36e-05 elapsed=16204s
2026-09-15 01:28:20 | INFO | [eval] step=58000 dev_loss=5.7999
2026-09-15 01:29:12 | INFO |   EM on dev subset (200 samples): 0.00%
2026-09-15 01:29:38 | INFO | step=58100 loss=0.0577 lr=7.36e-05 elapsed=16289s
2026-09-15 01:30:03 | INFO | step=58200 loss=0.1605 lr=7.36e-05 elapsed=16314s
2026-09-15 01:30:28 | INFO | step=58300 loss=0.0912 lr=7.35e-05 elapsed=16339s
2026-09-15 01:30:53 | INFO | step=58400 loss=0.0380 lr=7.35e-05 elapsed=16364s
2026-09-15 01:31:17 | INFO | step=58500 loss=0.0738 lr=7.35e-05 elapsed=16389s
2026-09-15 01:31:42 | INFO | step=58600 loss=0.0285 lr=7.35e-05 elapsed=16414s
2026-09-15 01:32:07 | INFO | step=58700 loss=0.1508 lr=7.34e-05 elapsed=16439s
2026-09-15 01:32:32 | INFO | step=58800 loss=0.0293 lr=7.34e-05 elapsed=16464s
2026-09-15 01:32:57 | INFO | step=58900 loss=0.1045 lr=7.34e-05 elapsed=16489s
2026-09-15 01:33:22 | INFO | step=59000 loss=0.1752 lr=7.34e-05 elapsed=16514s
2026-09-15 01:33:47 | INFO | step=59100 loss=0.0726 lr=7.34e-05 elapsed=16538s
2026-09-15 01:34:11 | INFO | step=59200 loss=0.0301 lr=7.33e-05 elapsed=16563s
2026-09-15 01:34:35 | INFO | step=59300 loss=0.1318 lr=7.33e-05 elapsed=16587s
2026-09-15 01:35:00 | INFO | step=59400 loss=0.0718 lr=7.33e-05 elapsed=16611s
2026-09-15 01:35:24 | INFO | step=59500 loss=0.0317 lr=7.33e-05 elapsed=16636s
2026-09-15 01:35:49 | INFO | step=59600 loss=0.0452 lr=7.32e-05 elapsed=16660s
2026-09-15 01:36:13 | INFO | step=59700 loss=0.0701 lr=7.32e-05 elapsed=16684s
2026-09-15 01:36:37 | INFO | step=59800 loss=0.0303 lr=7.32e-05 elapsed=16709s
2026-09-15 01:37:02 | INFO | step=59900 loss=0.0169 lr=7.32e-05 elapsed=16734s
2026-09-15 01:37:27 | INFO | step=60000 loss=0.0610 lr=7.31e-05 elapsed=16759s
2026-09-15 01:37:35 | INFO | [eval] step=60000 dev_loss=5.8531
2026-09-15 01:38:32 | INFO |   EM on dev subset (200 samples): 0.00%
2026-09-15 01:39:14 | INFO | step=60100 loss=0.0572 lr=7.31e-05 elapsed=16866s
2026-09-15 01:39:39 | INFO | step=60200 loss=0.0253 lr=7.31e-05 elapsed=16891s
2026-09-15 01:40:04 | INFO | step=60300 loss=0.0295 lr=7.31e-05 elapsed=16915s
2026-09-15 01:40:29 | INFO | step=60400 loss=0.1051 lr=7.30e-05 elapsed=16941s
2026-09-15 01:40:54 | INFO | step=60500 loss=0.0233 lr=7.30e-05 elapsed=16966s
2026-09-15 01:41:19 | INFO | step=60600 loss=0.0534 lr=7.30e-05 elapsed=16991s
2026-09-15 01:41:44 | INFO | step=60700 loss=0.0177 lr=7.30e-05 elapsed=17015s
2026-09-15 01:42:08 | INFO | step=60800 loss=0.0408 lr=7.29e-05 elapsed=17040s
2026-09-15 01:42:33 | INFO | step=60900 loss=0.0252 lr=7.29e-05 elapsed=17064s
2026-09-15 01:42:57 | INFO | step=61000 loss=0.0528 lr=7.29e-05 elapsed=17088s
2026-09-15 01:43:21 | INFO | step=61100 loss=0.0599 lr=7.29e-05 elapsed=17113s
2026-09-15 01:43:46 | INFO | step=61200 loss=0.0588 lr=7.29e-05 elapsed=17137s
2026-09-15 01:44:11 | INFO | step=61300 loss=0.0593 lr=7.28e-05 elapsed=17163s
2026-09-15 01:44:36 | INFO | step=61400 loss=0.1892 lr=7.28e-05 elapsed=17187s
2026-09-15 01:45:01 | INFO | step=61500 loss=0.0440 lr=7.28e-05 elapsed=17212s
2026-09-15 01:45:26 | INFO | step=61600 loss=0.0394 lr=7.28e-05 elapsed=17237s
2026-09-15 01:45:51 | INFO | step=61700 loss=0.0646 lr=7.27e-05 elapsed=17262s
2026-09-15 01:46:16 | INFO | step=61800 loss=0.1111 lr=7.27e-05 elapsed=17287s
2026-09-15 01:46:41 | INFO | step=61900 loss=0.1065 lr=7.27e-05 elapsed=17312s
2026-09-15 01:47:06 | INFO | step=62000 loss=0.0277 lr=7.27e-05 elapsed=17337s
2026-09-15 01:47:13 | INFO | [eval] step=62000 dev_loss=5.8014
2026-09-15 01:48:04 | INFO |   EM on dev subset (200 samples): 0.00%
2026-09-15 01:48:28 | INFO | step=62100 loss=0.0144 lr=7.26e-05 elapsed=17420s
2026-09-15 01:48:52 | INFO | step=62200 loss=0.0414 lr=7.26e-05 elapsed=17444s
2026-09-15 01:49:17 | INFO | step=62300 loss=0.1107 lr=7.26e-05 elapsed=17468s
2026-09-15 01:49:41 | INFO | step=62400 loss=0.0993 lr=7.26e-05 elapsed=17493s
2026-09-15 01:50:06 | INFO | step=62500 loss=0.0132 lr=7.25e-05 elapsed=17517s
2026-09-15 01:50:30 | INFO | step=62600 loss=0.0471 lr=7.25e-05 elapsed=17542s
2026-09-15 01:50:55 | INFO | step=62700 loss=0.0531 lr=7.25e-05 elapsed=17567s
2026-09-15 01:51:20 | INFO | step=62800 loss=0.0165 lr=7.25e-05 elapsed=17592s
2026-09-15 01:51:45 | INFO | step=62900 loss=0.0892 lr=7.24e-05 elapsed=17617s
2026-09-15 01:52:10 | INFO | step=63000 loss=0.0324 lr=7.24e-05 elapsed=17642s
2026-09-15 01:52:35 | INFO | step=63100 loss=0.1621 lr=7.24e-05 elapsed=17667s
2026-09-15 01:53:01 | INFO | step=63200 loss=0.0732 lr=7.24e-05 elapsed=17692s
2026-09-15 01:53:26 | INFO | step=63300 loss=0.0474 lr=7.23e-05 elapsed=17717s
2026-09-15 01:53:51 | INFO | step=63400 loss=0.0674 lr=7.23e-05 elapsed=17742s
2026-09-15 01:54:16 | INFO | step=63500 loss=0.0081 lr=7.23e-05 elapsed=17767s
2026-09-15 01:54:41 | INFO | step=63600 loss=0.0024 lr=7.23e-05 elapsed=17792s
2026-09-15 01:55:05 | INFO | step=63700 loss=0.1014 lr=7.22e-05 elapsed=17817s
2026-09-15 01:55:30 | INFO | step=63800 loss=0.0477 lr=7.22e-05 elapsed=17841s
2026-09-15 01:55:54 | INFO | step=63900 loss=0.0254 lr=7.22e-05 elapsed=17866s
2026-09-15 01:56:19 | INFO | step=64000 loss=0.0241 lr=7.22e-05 elapsed=17890s
2026-09-15 01:56:26 | INFO | [eval] step=64000 dev_loss=5.9155
2026-09-15 01:57:18 | INFO |   EM on dev subset (200 samples): 0.00%
2026-09-15 01:57:44 | INFO | step=64100 loss=0.0525 lr=7.21e-05 elapsed=17975s
2026-09-15 01:58:09 | INFO | step=64200 loss=0.0310 lr=7.21e-05 elapsed=18000s
2026-09-15 01:58:33 | INFO | step=64300 loss=0.0750 lr=7.21e-05 elapsed=18025s
2026-09-15 01:58:58 | INFO | step=64400 loss=0.0289 lr=7.21e-05 elapsed=18050s
2026-09-15 01:59:23 | INFO | step=64500 loss=0.0084 lr=7.20e-05 elapsed=18075s
2026-09-15 01:59:48 | INFO | step=64600 loss=0.0375 lr=7.20e-05 elapsed=18100s
2026-09-15 02:00:13 | INFO | step=64700 loss=0.1010 lr=7.20e-05 elapsed=18125s
2026-09-15 02:00:38 | INFO | step=64800 loss=0.0561 lr=7.20e-05 elapsed=18150s
2026-09-15 02:01:03 | INFO | step=64900 loss=0.0193 lr=7.19e-05 elapsed=18175s
2026-09-15 02:01:28 | INFO | step=65000 loss=0.0666 lr=7.19e-05 elapsed=18200s
2026-09-15 02:01:53 | INFO | step=65100 loss=0.0214 lr=7.19e-05 elapsed=18224s
2026-09-15 02:02:17 | INFO | step=65200 loss=0.0396 lr=7.19e-05 elapsed=18249s
2026-09-15 02:02:42 | INFO | step=65300 loss=0.0565 lr=7.18e-05 elapsed=18273s
2026-09-15 02:03:06 | INFO | step=65400 loss=0.0197 lr=7.18e-05 elapsed=18297s
2026-09-15 02:03:30 | INFO | step=65500 loss=0.0050 lr=7.18e-05 elapsed=18322s
2026-09-15 02:03:55 | INFO | step=65600 loss=0.0638 lr=7.18e-05 elapsed=18346s
2026-09-15 02:04:19 | INFO | step=65700 loss=0.0133 lr=7.17e-05 elapsed=18370s
2026-09-15 02:04:43 | INFO | step=65800 loss=0.0881 lr=7.17e-05 elapsed=18395s
2026-09-15 02:05:08 | INFO | step=65900 loss=0.0131 lr=7.17e-05 elapsed=18419s
2026-09-15 02:05:32 | INFO | step=66000 loss=0.0207 lr=7.16e-05 elapsed=18444s
2026-09-15 02:05:40 | INFO | [eval] step=66000 dev_loss=5.9130
2026-09-15 02:06:31 | INFO |   EM on dev subset (200 samples): 0.00%
2026-09-15 02:06:56 | INFO | step=66100 loss=0.0396 lr=7.16e-05 elapsed=18528s
2026-09-15 02:07:21 | INFO | step=66200 loss=0.0260 lr=7.16e-05 elapsed=18553s
2026-09-15 02:07:46 | INFO | step=66300 loss=0.0762 lr=7.16e-05 elapsed=18578s
2026-09-15 02:08:11 | INFO | step=66400 loss=0.0672 lr=7.15e-05 elapsed=18603s
2026-09-15 02:08:36 | INFO | step=66500 loss=0.0217 lr=7.15e-05 elapsed=18628s
2026-09-15 02:09:01 | INFO | step=66600 loss=0.0321 lr=7.15e-05 elapsed=18653s
2026-09-15 02:09:26 | INFO | step=66700 loss=0.0353 lr=7.15e-05 elapsed=18678s
2026-09-15 02:09:52 | INFO | step=66800 loss=0.0152 lr=7.14e-05 elapsed=18703s
2026-09-15 02:10:16 | INFO | step=66900 loss=0.0840 lr=7.14e-05 elapsed=18728s
2026-09-15 02:10:41 | INFO | step=67000 loss=0.0339 lr=7.14e-05 elapsed=18752s
2026-09-15 02:11:05 | INFO | step=67100 loss=0.0255 lr=7.14e-05 elapsed=18777s
2026-09-15 02:11:29 | INFO | step=67200 loss=0.0245 lr=7.13e-05 elapsed=18801s
2026-09-15 02:11:54 | INFO | step=67300 loss=0.0551 lr=7.13e-05 elapsed=18825s
2026-09-15 02:12:18 | INFO | step=67400 loss=0.0398 lr=7.13e-05 elapsed=18850s
2026-09-15 02:12:43 | INFO | step=67500 loss=0.0128 lr=7.13e-05 elapsed=18874s
2026-09-15 02:13:08 | INFO | step=67600 loss=0.0133 lr=7.12e-05 elapsed=18900s
2026-09-15 02:13:33 | INFO | step=67700 loss=0.0536 lr=7.12e-05 elapsed=18924s
2026-09-15 02:13:58 | INFO | step=67800 loss=0.0511 lr=7.12e-05 elapsed=18949s
2026-09-15 02:14:23 | INFO | step=67900 loss=0.1078 lr=7.11e-05 elapsed=18974s
2026-09-15 02:14:48 | INFO | step=68000 loss=0.0383 lr=7.11e-05 elapsed=18999s
2026-09-15 02:14:55 | INFO | [eval] step=68000 dev_loss=5.9129
2026-09-15 02:15:43 | INFO |   EM on dev subset (200 samples): 0.00%
2026-09-15 02:16:08 | INFO | step=68100 loss=0.0240 lr=7.11e-05 elapsed=19080s
2026-09-15 02:16:33 | INFO | step=68200 loss=0.0116 lr=7.11e-05 elapsed=19105s
2026-09-15 02:16:58 | INFO | step=68300 loss=0.0927 lr=7.10e-05 elapsed=19130s
2026-09-15 02:17:23 | INFO | step=68400 loss=0.1142 lr=7.10e-05 elapsed=19154s
2026-09-15 02:17:47 | INFO | step=68500 loss=0.0185 lr=7.10e-05 elapsed=19179s
2026-09-15 02:18:11 | INFO | step=68600 loss=0.0430 lr=7.10e-05 elapsed=19203s
2026-09-15 02:18:36 | INFO | step=68700 loss=0.0729 lr=7.09e-05 elapsed=19227s
2026-09-15 02:19:01 | INFO | step=68800 loss=0.0547 lr=7.09e-05 elapsed=19252s
2026-09-15 02:19:25 | INFO | step=68900 loss=0.0259 lr=7.09e-05 elapsed=19277s
2026-09-15 02:19:49 | INFO | step=69000 loss=0.0268 lr=7.09e-05 elapsed=19301s
2026-09-15 02:20:14 | INFO | step=69100 loss=0.0638 lr=7.08e-05 elapsed=19325s
2026-09-15 02:20:38 | INFO | step=69200 loss=0.0113 lr=7.08e-05 elapsed=19350s
2026-09-15 02:21:02 | INFO | step=69300 loss=0.0155 lr=7.08e-05 elapsed=19374s
2026-09-15 02:21:27 | INFO | step=69400 loss=0.0211 lr=7.07e-05 elapsed=19398s
2026-09-15 02:21:51 | INFO | step=69500 loss=0.0588 lr=7.07e-05 elapsed=19423s
2026-09-15 02:22:15 | INFO | step=69600 loss=0.0158 lr=7.07e-05 elapsed=19447s
2026-09-15 02:22:40 | INFO | step=69700 loss=0.0284 lr=7.07e-05 elapsed=19471s
2026-09-15 02:23:04 | INFO | step=69800 loss=0.0172 lr=7.06e-05 elapsed=19496s
2026-09-15 02:23:28 | INFO | step=69900 loss=0.1194 lr=7.06e-05 elapsed=19520s
2026-09-15 02:23:53 | INFO | step=70000 loss=0.0631 lr=7.06e-05 elapsed=19545s
2026-09-15 02:24:00 | INFO | [eval] step=70000 dev_loss=5.8890
2026-09-15 02:24:49 | INFO |   EM on dev subset (200 samples): 0.00%
2026-09-15 02:25:14 | INFO | step=70100 loss=0.0411 lr=7.06e-05 elapsed=19625s
2026-09-15 02:25:38 | INFO | step=70200 loss=0.0127 lr=7.05e-05 elapsed=19650s
2026-09-15 02:26:03 | INFO | step=70300 loss=0.0117 lr=7.05e-05 elapsed=19674s
2026-09-15 02:26:27 | INFO | step=70400 loss=0.0464 lr=7.05e-05 elapsed=19699s
2026-09-15 02:26:52 | INFO | step=70500 loss=0.0208 lr=7.04e-05 elapsed=19724s
2026-09-15 02:27:16 | INFO | step=70600 loss=0.0170 lr=7.04e-05 elapsed=19748s
2026-09-15 02:27:41 | INFO | step=70700 loss=0.0219 lr=7.04e-05 elapsed=19772s
2026-09-15 02:28:05 | INFO | step=70800 loss=0.0257 lr=7.04e-05 elapsed=19797s
2026-09-15 02:28:30 | INFO | step=70900 loss=0.0207 lr=7.03e-05 elapsed=19821s
2026-09-15 02:28:54 | INFO | step=71000 loss=0.0700 lr=7.03e-05 elapsed=19846s
2026-09-15 02:29:19 | INFO | step=71100 loss=0.0697 lr=7.03e-05 elapsed=19870s
2026-09-15 02:29:43 | INFO | step=71200 loss=0.0080 lr=7.03e-05 elapsed=19895s
2026-09-15 02:30:07 | INFO | step=71300 loss=0.0229 lr=7.02e-05 elapsed=19919s
2026-09-15 02:30:32 | INFO | step=71400 loss=0.0210 lr=7.02e-05 elapsed=19943s
2026-09-15 02:30:56 | INFO | step=71500 loss=0.0290 lr=7.02e-05 elapsed=19968s
2026-09-15 02:31:21 | INFO | step=71600 loss=0.0164 lr=7.01e-05 elapsed=19992s
2026-09-15 02:31:45 | INFO | step=71700 loss=0.1264 lr=7.01e-05 elapsed=20017s
2026-09-15 02:32:10 | INFO | step=71800 loss=0.0172 lr=7.01e-05 elapsed=20041s
2026-09-15 02:32:34 | INFO | step=71900 loss=0.0181 lr=7.01e-05 elapsed=20066s
2026-09-15 02:32:58 | INFO | step=72000 loss=0.0855 lr=7.00e-05 elapsed=20090s
2026-09-15 02:33:06 | INFO | [eval] step=72000 dev_loss=5.9559
2026-09-15 02:34:01 | INFO |   EM on dev subset (200 samples): 0.00%
2026-09-15 02:34:26 | INFO | step=72100 loss=0.0307 lr=7.00e-05 elapsed=20177s
2026-09-15 02:34:50 | INFO | step=72200 loss=0.0230 lr=7.00e-05 elapsed=20202s
2026-09-15 02:35:15 | INFO | step=72300 loss=0.0098 lr=6.99e-05 elapsed=20226s
2026-09-15 02:35:39 | INFO | step=72400 loss=0.0779 lr=6.99e-05 elapsed=20251s
2026-09-15 02:36:04 | INFO | step=72500 loss=0.0267 lr=6.99e-05 elapsed=20275s
2026-09-15 02:36:28 | INFO | step=72600 loss=0.0154 lr=6.99e-05 elapsed=20299s
2026-09-15 02:36:52 | INFO | step=72700 loss=0.0238 lr=6.98e-05 elapsed=20324s
2026-09-15 02:37:17 | INFO | step=72800 loss=0.0803 lr=6.98e-05 elapsed=20348s
2026-09-15 02:37:41 | INFO | step=72900 loss=0.0355 lr=6.98e-05 elapsed=20372s
2026-09-15 02:38:05 | INFO | step=73000 loss=0.0197 lr=6.97e-05 elapsed=20397s
2026-09-15 02:38:29 | INFO | step=73100 loss=0.0293 lr=6.97e-05 elapsed=20421s
2026-09-15 02:38:54 | INFO | step=73200 loss=0.0341 lr=6.97e-05 elapsed=20445s
2026-09-15 02:39:18 | INFO | step=73300 loss=0.0513 lr=6.97e-05 elapsed=20470s
2026-09-15 02:39:42 | INFO | step=73400 loss=0.0222 lr=6.96e-05 elapsed=20494s
2026-09-15 02:40:07 | INFO | step=73500 loss=0.0338 lr=6.96e-05 elapsed=20518s
2026-09-15 02:40:31 | INFO | step=73600 loss=0.0848 lr=6.96e-05 elapsed=20543s
2026-09-15 02:40:56 | INFO | step=73700 loss=0.2700 lr=6.95e-05 elapsed=20567s
2026-09-15 02:41:20 | INFO | step=73800 loss=0.0104 lr=6.95e-05 elapsed=20592s
2026-09-15 02:41:45 | INFO | step=73900 loss=0.0514 lr=6.95e-05 elapsed=20616s
2026-09-15 02:42:09 | INFO | step=74000 loss=0.0108 lr=6.95e-05 elapsed=20641s
2026-09-15 02:42:16 | INFO | [eval] step=74000 dev_loss=5.9515
2026-09-15 02:43:06 | INFO |   EM on dev subset (200 samples): 1.50%
2026-09-15 02:43:23 | INFO |   -> New best model saved (dev_loss=5.9515)
2026-09-15 02:43:47 | INFO | step=74100 loss=0.0310 lr=6.94e-05 elapsed=20739s
2026-09-15 02:44:12 | INFO | step=74200 loss=0.0507 lr=6.94e-05 elapsed=20763s
2026-09-15 02:44:36 | INFO | step=74300 loss=0.0172 lr=6.94e-05 elapsed=20788s
2026-09-15 02:45:00 | INFO | step=74400 loss=0.0234 lr=6.93e-05 elapsed=20812s
2026-09-15 02:45:25 | INFO | step=74500 loss=0.0160 lr=6.93e-05 elapsed=20836s
2026-09-15 02:45:49 | INFO | step=74600 loss=0.0202 lr=6.93e-05 elapsed=20861s
2026-09-15 02:46:13 | INFO | step=74700 loss=0.0071 lr=6.93e-05 elapsed=20885s
2026-09-15 02:46:38 | INFO | step=74800 loss=0.0390 lr=6.92e-05 elapsed=20909s
2026-09-15 02:47:02 | INFO | step=74900 loss=0.0505 lr=6.92e-05 elapsed=20934s
2026-09-15 02:47:26 | INFO | step=75000 loss=0.0231 lr=6.92e-05 elapsed=20958s
2026-09-15 02:47:51 | INFO | step=75100 loss=0.0404 lr=6.91e-05 elapsed=20982s
2026-09-15 02:48:15 | INFO | step=75200 loss=0.0167 lr=6.91e-05 elapsed=21007s
2026-09-15 02:48:40 | INFO | step=75300 loss=0.0274 lr=6.91e-05 elapsed=21031s
2026-09-15 02:49:04 | INFO | step=75400 loss=0.0547 lr=6.91e-05 elapsed=21056s
2026-09-15 02:49:29 | INFO | step=75500 loss=0.0926 lr=6.90e-05 elapsed=21080s
2026-09-15 02:49:53 | INFO | step=75600 loss=0.0418 lr=6.90e-05 elapsed=21105s
2026-09-15 02:50:18 | INFO | step=75700 loss=0.0231 lr=6.90e-05 elapsed=21129s
2026-09-15 02:50:42 | INFO | step=75800 loss=0.0312 lr=6.89e-05 elapsed=21154s
2026-09-15 02:51:06 | INFO | step=75900 loss=0.0084 lr=6.89e-05 elapsed=21178s
2026-09-15 02:51:31 | INFO | step=76000 loss=0.0111 lr=6.89e-05 elapsed=21202s
2026-09-15 02:51:38 | INFO | [eval] step=76000 dev_loss=6.0459
2026-09-15 02:52:28 | INFO |   EM on dev subset (200 samples): 1.00%
2026-09-15 02:52:53 | INFO | step=76100 loss=0.0093 lr=6.88e-05 elapsed=21285s
2026-09-15 02:53:17 | INFO | step=76200 loss=0.0444 lr=6.88e-05 elapsed=21309s
2026-09-15 02:53:42 | INFO | step=76300 loss=0.0297 lr=6.88e-05 elapsed=21333s
2026-09-15 02:54:06 | INFO | step=76400 loss=0.0293 lr=6.88e-05 elapsed=21358s
2026-09-15 02:54:31 | INFO | step=76500 loss=0.0242 lr=6.87e-05 elapsed=21382s
2026-09-15 02:54:55 | INFO | step=76600 loss=0.0248 lr=6.87e-05 elapsed=21407s
2026-09-15 02:55:19 | INFO | step=76700 loss=0.0752 lr=6.87e-05 elapsed=21431s
2026-09-15 02:55:44 | INFO | step=76800 loss=0.0201 lr=6.86e-05 elapsed=21455s
2026-09-15 02:56:08 | INFO | step=76900 loss=0.0102 lr=6.86e-05 elapsed=21480s
2026-09-15 02:56:33 | INFO | step=77000 loss=0.0194 lr=6.86e-05 elapsed=21504s
2026-09-15 02:56:57 | INFO | step=77100 loss=0.0696 lr=6.86e-05 elapsed=21529s
2026-09-15 02:57:22 | INFO | step=77200 loss=0.0316 lr=6.85e-05 elapsed=21553s
2026-09-15 02:57:46 | INFO | step=77300 loss=0.0081 lr=6.85e-05 elapsed=21578s
2026-09-15 02:58:10 | INFO | step=77400 loss=0.0209 lr=6.85e-05 elapsed=21602s
2026-09-15 02:58:35 | INFO | step=77500 loss=0.0404 lr=6.84e-05 elapsed=21626s
2026-09-15 02:58:59 | INFO | step=77600 loss=0.0182 lr=6.84e-05 elapsed=21651s
2026-09-15 02:59:24 | INFO | step=77700 loss=0.0072 lr=6.84e-05 elapsed=21675s
2026-09-15 02:59:48 | INFO | step=77800 loss=0.0169 lr=6.83e-05 elapsed=21700s
2026-09-15 03:00:12 | INFO | step=77900 loss=0.0201 lr=6.83e-05 elapsed=21724s
2026-09-15 03:00:37 | INFO | step=78000 loss=0.0057 lr=6.83e-05 elapsed=21748s
2026-09-15 03:00:44 | INFO | [eval] step=78000 dev_loss=6.0149
2026-09-15 03:01:42 | INFO |   EM on dev subset (200 samples): 0.50%
2026-09-15 03:02:06 | INFO | step=78100 loss=0.0083 lr=6.83e-05 elapsed=21838s
2026-09-15 03:02:31 | INFO | step=78200 loss=0.0154 lr=6.82e-05 elapsed=21862s
2026-09-15 03:02:55 | INFO | step=78300 loss=0.0156 lr=6.82e-05 elapsed=21887s
2026-09-15 03:03:19 | INFO | step=78400 loss=0.0447 lr=6.82e-05 elapsed=21911s
2026-09-15 03:03:44 | INFO | step=78500 loss=0.0052 lr=6.81e-05 elapsed=21935s
2026-09-15 03:04:08 | INFO | step=78600 loss=0.0355 lr=6.81e-05 elapsed=21960s
2026-09-15 03:04:33 | INFO | step=78700 loss=0.0139 lr=6.81e-05 elapsed=21984s
2026-09-15 03:04:57 | INFO | step=78800 loss=0.0515 lr=6.80e-05 elapsed=22009s
2026-09-15 03:05:22 | INFO | step=78900 loss=0.0240 lr=6.80e-05 elapsed=22033s
2026-09-15 03:05:46 | INFO | step=79000 loss=0.0201 lr=6.80e-05 elapsed=22058s
2026-09-15 03:06:10 | INFO | step=79100 loss=0.0242 lr=6.80e-05 elapsed=22082s
2026-09-15 03:06:35 | INFO | step=79200 loss=0.0065 lr=6.79e-05 elapsed=22106s
2026-09-15 03:06:59 | INFO | step=79300 loss=0.0109 lr=6.79e-05 elapsed=22131s
2026-09-15 03:07:23 | INFO | step=79400 loss=0.0229 lr=6.79e-05 elapsed=22155s
2026-09-15 03:07:48 | INFO | step=79500 loss=0.0118 lr=6.78e-05 elapsed=22179s
2026-09-15 03:08:12 | INFO | step=79600 loss=0.0331 lr=6.78e-05 elapsed=22204s
2026-09-15 03:08:37 | INFO | step=79700 loss=0.0314 lr=6.78e-05 elapsed=22228s
2026-09-15 03:09:01 | INFO | step=79800 loss=0.0102 lr=6.77e-05 elapsed=22253s
2026-09-15 03:09:25 | INFO | step=79900 loss=0.0325 lr=6.77e-05 elapsed=22277s
2026-09-15 03:09:50 | INFO | step=80000 loss=0.0155 lr=6.77e-05 elapsed=22301s
2026-09-15 03:09:57 | INFO | [eval] step=80000 dev_loss=5.9393
2026-09-15 03:10:43 | INFO |   EM on dev subset (200 samples): 0.00%
2026-09-15 03:11:25 | INFO | step=80100 loss=0.0375 lr=6.76e-05 elapsed=22396s
2026-09-15 03:11:49 | INFO | step=80200 loss=0.0098 lr=6.76e-05 elapsed=22421s
2026-09-15 03:12:13 | INFO | step=80300 loss=0.0120 lr=6.76e-05 elapsed=22445s
2026-09-15 03:12:38 | INFO | step=80400 loss=0.0149 lr=6.76e-05 elapsed=22469s
2026-09-15 03:13:02 | INFO | step=80500 loss=0.0190 lr=6.75e-05 elapsed=22494s
2026-09-15 03:13:27 | INFO | step=80600 loss=0.0275 lr=6.75e-05 elapsed=22518s
2026-09-15 03:13:51 | INFO | step=80700 loss=0.0716 lr=6.75e-05 elapsed=22542s
2026-09-15 03:14:15 | INFO | step=80800 loss=0.0072 lr=6.74e-05 elapsed=22567s
2026-09-15 03:14:40 | INFO | step=80900 loss=0.0144 lr=6.74e-05 elapsed=22591s
2026-09-15 03:15:04 | INFO | step=81000 loss=0.1023 lr=6.74e-05 elapsed=22616s
2026-09-15 03:15:29 | INFO | step=81100 loss=0.0197 lr=6.73e-05 elapsed=22640s
2026-09-15 03:15:53 | INFO | step=81200 loss=0.1060 lr=6.73e-05 elapsed=22665s
2026-09-15 03:16:17 | INFO | step=81300 loss=0.0100 lr=6.73e-05 elapsed=22689s
2026-09-15 03:16:42 | INFO | step=81400 loss=0.0169 lr=6.72e-05 elapsed=22713s
2026-09-15 03:17:06 | INFO | step=81500 loss=0.1176 lr=6.72e-05 elapsed=22738s
2026-09-15 03:17:31 | INFO | step=81600 loss=0.0430 lr=6.72e-05 elapsed=22762s
2026-09-15 03:17:55 | INFO | step=81700 loss=0.0237 lr=6.72e-05 elapsed=22786s
2026-09-15 03:18:19 | INFO | step=81800 loss=0.0235 lr=6.71e-05 elapsed=22811s
2026-09-15 03:18:44 | INFO | step=81900 loss=0.0375 lr=6.71e-05 elapsed=22835s
2026-09-15 03:19:08 | INFO | step=82000 loss=0.0172 lr=6.71e-05 elapsed=22860s
2026-09-15 03:19:15 | INFO | [eval] step=82000 dev_loss=6.0114
2026-09-15 03:20:20 | INFO |   EM on dev subset (200 samples): 0.00%
2026-09-15 03:20:45 | INFO | step=82100 loss=0.0178 lr=6.70e-05 elapsed=22956s
2026-09-15 03:21:09 | INFO | step=82200 loss=0.0117 lr=6.70e-05 elapsed=22981s
2026-09-15 03:21:33 | INFO | step=82300 loss=0.0312 lr=6.70e-05 elapsed=23005s
2026-09-15 03:21:58 | INFO | step=82400 loss=0.0327 lr=6.69e-05 elapsed=23030s
2026-09-15 03:22:22 | INFO | step=82500 loss=0.0232 lr=6.69e-05 elapsed=23054s
2026-09-15 03:22:47 | INFO | step=82600 loss=0.0076 lr=6.69e-05 elapsed=23078s
2026-09-15 03:23:11 | INFO | step=82700 loss=0.0230 lr=6.68e-05 elapsed=23103s
2026-09-15 03:23:36 | INFO | step=82800 loss=0.0199 lr=6.68e-05 elapsed=23127s
2026-09-15 03:24:00 | INFO | step=82900 loss=0.0071 lr=6.68e-05 elapsed=23152s
2026-09-15 03:24:24 | INFO | step=83000 loss=0.0130 lr=6.67e-05 elapsed=23176s
2026-09-15 03:24:49 | INFO | step=83100 loss=0.0327 lr=6.67e-05 elapsed=23200s
2026-09-15 03:25:13 | INFO | step=83200 loss=0.0045 lr=6.67e-05 elapsed=23225s
2026-09-15 03:25:38 | INFO | step=83300 loss=0.0226 lr=6.66e-05 elapsed=23249s
2026-09-15 03:26:02 | INFO | step=83400 loss=0.0205 lr=6.66e-05 elapsed=23273s
2026-09-15 03:26:26 | INFO | step=83500 loss=0.0091 lr=6.66e-05 elapsed=23298s
2026-09-15 03:26:51 | INFO | step=83600 loss=0.0090 lr=6.66e-05 elapsed=23322s
2026-09-15 03:27:15 | INFO | step=83700 loss=0.0092 lr=6.65e-05 elapsed=23347s
2026-09-15 03:27:39 | INFO | step=83800 loss=0.0041 lr=6.65e-05 elapsed=23371s
2026-09-15 03:28:04 | INFO | step=83900 loss=0.0076 lr=6.65e-05 elapsed=23395s
2026-09-15 03:28:28 | INFO | step=84000 loss=0.0268 lr=6.64e-05 elapsed=23420s
2026-09-15 03:28:36 | INFO | [eval] step=84000 dev_loss=6.0740
2026-09-15 03:29:22 | INFO |   EM on dev subset (200 samples): 2.00%
2026-09-15 03:29:39 | INFO |   -> New best model saved (dev_loss=6.0740)
2026-09-15 03:30:04 | INFO | step=84100 loss=0.0065 lr=6.64e-05 elapsed=23516s
2026-09-15 03:30:28 | INFO | step=84200 loss=0.0121 lr=6.64e-05 elapsed=23540s
2026-09-15 03:30:53 | INFO | step=84300 loss=0.0309 lr=6.63e-05 elapsed=23564s
2026-09-15 03:31:17 | INFO | step=84400 loss=0.0335 lr=6.63e-05 elapsed=23589s
2026-09-15 03:31:41 | INFO | step=84500 loss=0.0413 lr=6.63e-05 elapsed=23613s
2026-09-15 03:32:06 | INFO | step=84600 loss=0.0303 lr=6.62e-05 elapsed=23637s
2026-09-15 03:32:30 | INFO | step=84700 loss=0.0033 lr=6.62e-05 elapsed=23661s
2026-09-15 03:32:54 | INFO | step=84800 loss=0.0220 lr=6.62e-05 elapsed=23686s
2026-09-15 03:33:19 | INFO | step=84900 loss=0.0379 lr=6.61e-05 elapsed=23710s
2026-09-15 03:33:43 | INFO | step=85000 loss=0.0214 lr=6.61e-05 elapsed=23735s
2026-09-15 03:34:07 | INFO | step=85100 loss=0.0061 lr=6.61e-05 elapsed=23759s
2026-09-15 03:34:32 | INFO | step=85200 loss=0.0143 lr=6.60e-05 elapsed=23783s
2026-09-15 03:34:56 | INFO | step=85300 loss=0.0202 lr=6.60e-05 elapsed=23808s
2026-09-15 03:35:20 | INFO | step=85400 loss=0.0100 lr=6.60e-05 elapsed=23832s
2026-09-15 03:35:45 | INFO | step=85500 loss=0.0152 lr=6.59e-05 elapsed=23856s
2026-09-15 03:36:09 | INFO | step=85600 loss=0.0111 lr=6.59e-05 elapsed=23881s
2026-09-15 03:36:33 | INFO | step=85700 loss=0.0519 lr=6.59e-05 elapsed=23905s
2026-09-15 03:36:58 | INFO | step=85800 loss=0.0096 lr=6.58e-05 elapsed=23930s
2026-09-15 03:37:22 | INFO | step=85900 loss=0.0148 lr=6.58e-05 elapsed=23954s
2026-09-15 03:37:47 | INFO | step=86000 loss=0.0543 lr=6.58e-05 elapsed=23978s
2026-09-15 03:37:54 | INFO | [eval] step=86000 dev_loss=6.1082
2026-09-15 03:38:48 | INFO |   EM on dev subset (200 samples): 0.00%
2026-09-15 03:39:12 | INFO | step=86100 loss=0.0125 lr=6.58e-05 elapsed=24064s
2026-09-15 03:39:37 | INFO | step=86200 loss=0.0036 lr=6.57e-05 elapsed=24088s
2026-09-15 03:40:01 | INFO | step=86300 loss=0.0057 lr=6.57e-05 elapsed=24112s
2026-09-15 03:40:26 | INFO | step=86400 loss=0.0106 lr=6.57e-05 elapsed=24137s
2026-09-15 03:40:50 | INFO | step=86500 loss=0.0171 lr=6.56e-05 elapsed=24161s
2026-09-15 03:41:14 | INFO | step=86600 loss=0.0137 lr=6.56e-05 elapsed=24186s
2026-09-15 03:41:39 | INFO | step=86700 loss=0.0224 lr=6.56e-05 elapsed=24210s
2026-09-15 03:42:03 | INFO | step=86800 loss=0.0084 lr=6.55e-05 elapsed=24235s
2026-09-15 03:42:28 | INFO | step=86900 loss=0.0065 lr=6.55e-05 elapsed=24259s
2026-09-15 03:42:52 | INFO | step=87000 loss=0.0062 lr=6.55e-05 elapsed=24283s
2026-09-15 03:43:16 | INFO | step=87100 loss=0.0098 lr=6.54e-05 elapsed=24308s
2026-09-15 03:43:41 | INFO | step=87200 loss=0.0212 lr=6.54e-05 elapsed=24332s
2026-09-15 03:44:05 | INFO | step=87300 loss=0.0483 lr=6.54e-05 elapsed=24356s
2026-09-15 03:44:29 | INFO | step=87400 loss=0.0300 lr=6.53e-05 elapsed=24381s
2026-09-15 03:44:54 | INFO | step=87500 loss=0.0101 lr=6.53e-05 elapsed=24405s
2026-09-15 03:45:18 | INFO | step=87600 loss=0.0201 lr=6.53e-05 elapsed=24430s
2026-09-15 03:45:43 | INFO | step=87700 loss=0.0160 lr=6.52e-05 elapsed=24454s
2026-09-15 03:46:07 | INFO | step=87800 loss=0.0058 lr=6.52e-05 elapsed=24479s
2026-09-15 03:46:31 | INFO | step=87900 loss=0.0264 lr=6.52e-05 elapsed=24503s
2026-09-15 03:46:56 | INFO | step=88000 loss=0.0027 lr=6.51e-05 elapsed=24527s
2026-09-15 03:47:03 | INFO | [eval] step=88000 dev_loss=6.0633
2026-09-15 03:47:53 | INFO |   EM on dev subset (200 samples): 0.00%
2026-09-15 03:48:18 | INFO | step=88100 loss=0.0073 lr=6.51e-05 elapsed=24609s
2026-09-15 03:48:42 | INFO | step=88200 loss=0.0087 lr=6.51e-05 elapsed=24634s
2026-09-15 03:49:07 | INFO | step=88300 loss=0.0126 lr=6.50e-05 elapsed=24658s
2026-09-15 03:49:31 | INFO | step=88400 loss=0.0280 lr=6.50e-05 elapsed=24683s
2026-09-15 03:49:55 | INFO | step=88500 loss=0.0044 lr=6.50e-05 elapsed=24707s
2026-09-15 03:50:20 | INFO | step=88600 loss=0.0537 lr=6.49e-05 elapsed=24731s
2026-09-15 03:50:44 | INFO | step=88700 loss=0.0031 lr=6.49e-05 elapsed=24756s
2026-09-15 03:51:09 | INFO | step=88800 loss=0.0153 lr=6.49e-05 elapsed=24780s
2026-09-15 03:51:33 | INFO | step=88900 loss=0.0028 lr=6.48e-05 elapsed=24805s
2026-09-15 03:51:57 | INFO | step=89000 loss=0.0097 lr=6.48e-05 elapsed=24829s
2026-09-15 03:52:22 | INFO | step=89100 loss=0.0158 lr=6.48e-05 elapsed=24853s
2026-09-15 03:52:46 | INFO | step=89200 loss=0.0067 lr=6.47e-05 elapsed=24878s
2026-09-15 03:53:11 | INFO | step=89300 loss=0.0059 lr=6.47e-05 elapsed=24902s
2026-09-15 03:53:35 | INFO | step=89400 loss=0.0114 lr=6.47e-05 elapsed=24927s
2026-09-15 03:53:59 | INFO | step=89500 loss=0.0048 lr=6.46e-05 elapsed=24951s
2026-09-15 03:54:24 | INFO | step=89600 loss=0.0046 lr=6.46e-05 elapsed=24975s
2026-09-15 03:54:48 | INFO | step=89700 loss=0.0147 lr=6.46e-05 elapsed=25000s
2026-09-15 03:55:13 | INFO | step=89800 loss=0.0095 lr=6.45e-05 elapsed=25024s
2026-09-15 03:55:37 | INFO | step=89900 loss=0.0155 lr=6.45e-05 elapsed=25048s
2026-09-15 03:56:01 | INFO | step=90000 loss=0.0061 lr=6.45e-05 elapsed=25073s
2026-09-15 03:56:09 | INFO | [eval] step=90000 dev_loss=6.0003
2026-09-15 03:57:01 | INFO |   EM on dev subset (200 samples): 0.00%
2026-09-15 03:57:26 | INFO | step=90100 loss=0.0336 lr=6.44e-05 elapsed=25157s
2026-09-15 03:57:50 | INFO | step=90200 loss=0.0101 lr=6.44e-05 elapsed=25182s
2026-09-15 03:58:15 | INFO | step=90300 loss=0.0111 lr=6.44e-05 elapsed=25206s
2026-09-15 03:58:39 | INFO | step=90400 loss=0.0057 lr=6.43e-05 elapsed=25231s
2026-09-15 03:59:03 | INFO | step=90500 loss=0.0296 lr=6.43e-05 elapsed=25255s
2026-09-15 03:59:28 | INFO | step=90600 loss=0.0281 lr=6.43e-05 elapsed=25279s
2026-09-15 03:59:52 | INFO | step=90700 loss=0.0068 lr=6.42e-05 elapsed=25304s
2026-09-15 04:00:17 | INFO | step=90800 loss=0.0055 lr=6.42e-05 elapsed=25328s
2026-09-15 04:00:41 | INFO | step=90900 loss=0.0121 lr=6.42e-05 elapsed=25352s
2026-09-15 04:01:05 | INFO | step=91000 loss=0.0178 lr=6.41e-05 elapsed=25377s
2026-09-15 04:01:30 | INFO | step=91100 loss=0.0065 lr=6.41e-05 elapsed=25401s
2026-09-15 04:01:54 | INFO | step=91200 loss=0.0063 lr=6.41e-05 elapsed=25426s
2026-09-15 04:02:19 | INFO | step=91300 loss=0.0113 lr=6.40e-05 elapsed=25450s
2026-09-15 04:02:43 | INFO | step=91400 loss=0.0712 lr=6.40e-05 elapsed=25474s
2026-09-15 04:03:07 | INFO | step=91500 loss=0.0206 lr=6.40e-05 elapsed=25499s
2026-09-15 04:03:32 | INFO | step=91600 loss=0.0313 lr=6.39e-05 elapsed=25523s
2026-09-15 04:03:56 | INFO | step=91700 loss=0.0131 lr=6.39e-05 elapsed=25547s
2026-09-15 04:04:20 | INFO | step=91800 loss=0.0334 lr=6.39e-05 elapsed=25572s
2026-09-15 04:04:44 | INFO | step=91900 loss=0.0035 lr=6.38e-05 elapsed=25596s
2026-09-15 04:05:09 | INFO | step=92000 loss=0.1108 lr=6.38e-05 elapsed=25621s
2026-09-15 04:05:16 | INFO | [eval] step=92000 dev_loss=6.1798
2026-09-15 04:06:12 | INFO |   EM on dev subset (200 samples): 0.00%
2026-09-15 04:06:36 | INFO | step=92100 loss=0.0629 lr=6.38e-05 elapsed=25708s
2026-09-15 04:07:01 | INFO | step=92200 loss=0.0255 lr=6.37e-05 elapsed=25733s
2026-09-15 04:07:25 | INFO | step=92300 loss=0.0030 lr=6.37e-05 elapsed=25757s
2026-09-15 04:07:50 | INFO | step=92400 loss=0.0139 lr=6.36e-05 elapsed=25781s
2026-09-15 04:08:14 | INFO | step=92500 loss=0.0106 lr=6.36e-05 elapsed=25806s
2026-09-15 04:08:38 | INFO | step=92600 loss=0.0113 lr=6.36e-05 elapsed=25830s
2026-09-15 04:09:03 | INFO | step=92700 loss=0.0250 lr=6.35e-05 elapsed=25854s
2026-09-15 04:09:27 | INFO | step=92800 loss=0.1084 lr=6.35e-05 elapsed=25879s
2026-09-15 04:09:52 | INFO | step=92900 loss=0.0055 lr=6.35e-05 elapsed=25903s
2026-09-15 04:10:16 | INFO | step=93000 loss=0.0419 lr=6.34e-05 elapsed=25928s
2026-09-15 04:10:40 | INFO | step=93100 loss=0.0144 lr=6.34e-05 elapsed=25952s
2026-09-15 04:11:05 | INFO | step=93200 loss=0.0209 lr=6.34e-05 elapsed=25977s
2026-09-15 04:11:29 | INFO | step=93300 loss=0.0056 lr=6.33e-05 elapsed=26001s
2026-09-15 04:11:54 | INFO | step=93400 loss=0.0071 lr=6.33e-05 elapsed=26025s
2026-09-15 04:12:18 | INFO | step=93500 loss=0.0037 lr=6.33e-05 elapsed=26050s
2026-09-15 04:12:42 | INFO | step=93600 loss=0.0260 lr=6.32e-05 elapsed=26074s
2026-09-15 04:13:07 | INFO | step=93700 loss=0.0039 lr=6.32e-05 elapsed=26098s
2026-09-15 04:13:31 | INFO | step=93800 loss=0.0136 lr=6.32e-05 elapsed=26123s
2026-09-15 04:13:55 | INFO | step=93900 loss=0.0147 lr=6.31e-05 elapsed=26147s
2026-09-15 04:14:20 | INFO | step=94000 loss=0.0098 lr=6.31e-05 elapsed=26171s
2026-09-15 04:14:27 | INFO | [eval] step=94000 dev_loss=6.2578
2026-09-15 04:15:22 | INFO |   EM on dev subset (200 samples): 0.00%
2026-09-15 04:15:46 | INFO | step=94100 loss=0.0054 lr=6.31e-05 elapsed=26258s
2026-09-15 04:16:11 | INFO | step=94200 loss=0.0258 lr=6.30e-05 elapsed=26282s
2026-09-15 04:16:35 | INFO | step=94300 loss=0.0076 lr=6.30e-05 elapsed=26307s
2026-09-15 04:17:00 | INFO | step=94400 loss=0.0088 lr=6.30e-05 elapsed=26331s
2026-09-15 04:17:24 | INFO | step=94500 loss=0.0052 lr=6.29e-05 elapsed=26356s
2026-09-15 04:17:48 | INFO | step=94600 loss=0.0125 lr=6.29e-05 elapsed=26380s
2026-09-15 04:18:13 | INFO | step=94700 loss=0.0063 lr=6.29e-05 elapsed=26404s
2026-09-15 04:18:37 | INFO | step=94800 loss=0.0044 lr=6.28e-05 elapsed=26429s
2026-09-15 04:19:02 | INFO | step=94900 loss=0.0251 lr=6.28e-05 elapsed=26453s
2026-09-15 04:19:26 | INFO | step=95000 loss=0.0232 lr=6.27e-05 elapsed=26478s
2026-09-15 04:19:50 | INFO | step=95100 loss=0.0349 lr=6.27e-05 elapsed=26502s
2026-09-15 04:20:15 | INFO | step=95200 loss=0.0075 lr=6.27e-05 elapsed=26527s
2026-09-15 04:20:39 | INFO | step=95300 loss=0.0065 lr=6.26e-05 elapsed=26551s
2026-09-15 04:21:04 | INFO | step=95400 loss=0.0199 lr=6.26e-05 elapsed=26575s
2026-09-15 04:21:28 | INFO | step=95500 loss=0.0262 lr=6.26e-05 elapsed=26599s
2026-09-15 04:21:52 | INFO | step=95600 loss=0.0091 lr=6.25e-05 elapsed=26624s
2026-09-15 04:22:16 | INFO | step=95700 loss=0.0320 lr=6.25e-05 elapsed=26648s
2026-09-15 04:22:41 | INFO | step=95800 loss=0.0140 lr=6.25e-05 elapsed=26672s
2026-09-15 04:23:05 | INFO | step=95900 loss=0.0255 lr=6.24e-05 elapsed=26697s
2026-09-15 04:23:30 | INFO | step=96000 loss=0.0806 lr=6.24e-05 elapsed=26721s
2026-09-15 04:23:37 | INFO | [eval] step=96000 dev_loss=6.1627
2026-09-15 04:24:27 | INFO |   EM on dev subset (200 samples): 0.00%
2026-09-15 04:24:52 | INFO | step=96100 loss=0.0069 lr=6.24e-05 elapsed=26803s
2026-09-15 04:25:16 | INFO | step=96200 loss=0.0040 lr=6.23e-05 elapsed=26828s
2026-09-15 04:25:41 | INFO | step=96300 loss=0.0048 lr=6.23e-05 elapsed=26852s
2026-09-15 04:26:05 | INFO | step=96400 loss=0.0485 lr=6.23e-05 elapsed=26877s
2026-09-15 04:26:30 | INFO | step=96500 loss=0.0037 lr=6.22e-05 elapsed=26901s
2026-09-15 04:26:54 | INFO | step=96600 loss=0.0070 lr=6.22e-05 elapsed=26926s
2026-09-15 04:27:19 | INFO | step=96700 loss=0.0254 lr=6.22e-05 elapsed=26950s
2026-09-15 04:27:43 | INFO | step=96800 loss=0.0026 lr=6.21e-05 elapsed=26975s
2026-09-15 04:28:08 | INFO | step=96900 loss=0.0114 lr=6.21e-05 elapsed=26999s
2026-09-15 04:28:32 | INFO | step=97000 loss=0.0029 lr=6.20e-05 elapsed=27023s
2026-09-15 04:28:56 | INFO | step=97100 loss=0.0108 lr=6.20e-05 elapsed=27048s
2026-09-15 04:29:21 | INFO | step=97200 loss=0.0045 lr=6.20e-05 elapsed=27072s
2026-09-15 04:29:45 | INFO | step=97300 loss=0.0180 lr=6.19e-05 elapsed=27097s
2026-09-15 04:30:09 | INFO | step=97400 loss=0.0144 lr=6.19e-05 elapsed=27121s
2026-09-15 04:30:34 | INFO | step=97500 loss=0.0325 lr=6.19e-05 elapsed=27145s
2026-09-15 04:30:58 | INFO | step=97600 loss=0.0176 lr=6.18e-05 elapsed=27170s
2026-09-15 04:31:23 | INFO | step=97700 loss=0.0070 lr=6.18e-05 elapsed=27194s
2026-09-15 04:31:47 | INFO | step=97800 loss=0.0129 lr=6.18e-05 elapsed=27219s
2026-09-15 04:32:11 | INFO | step=97900 loss=0.0069 lr=6.17e-05 elapsed=27243s
2026-09-15 04:32:36 | INFO | step=98000 loss=0.0078 lr=6.17e-05 elapsed=27268s
2026-09-15 04:32:43 | INFO | [eval] step=98000 dev_loss=6.2321
2026-09-15 04:33:33 | INFO |   EM on dev subset (200 samples): 0.00%
2026-09-15 04:33:58 | INFO | step=98100 loss=0.0016 lr=6.17e-05 elapsed=27349s
2026-09-15 04:34:22 | INFO | step=98200 loss=0.0261 lr=6.16e-05 elapsed=27374s
2026-09-15 04:34:47 | INFO | step=98300 loss=0.0045 lr=6.16e-05 elapsed=27398s
2026-09-15 04:35:11 | INFO | step=98400 loss=0.0363 lr=6.15e-05 elapsed=27423s
2026-09-15 04:35:35 | INFO | step=98500 loss=0.0039 lr=6.15e-05 elapsed=27447s
2026-09-15 04:36:00 | INFO | step=98600 loss=0.0203 lr=6.15e-05 elapsed=27471s
2026-09-15 04:36:24 | INFO | step=98700 loss=0.0117 lr=6.14e-05 elapsed=27496s
2026-09-15 04:36:49 | INFO | step=98800 loss=0.0090 lr=6.14e-05 elapsed=27520s
2026-09-15 04:37:13 | INFO | step=98900 loss=0.0015 lr=6.14e-05 elapsed=27544s
2026-09-15 04:37:37 | INFO | step=99000 loss=0.0107 lr=6.13e-05 elapsed=27569s
2026-09-15 04:38:02 | INFO | step=99100 loss=0.0035 lr=6.13e-05 elapsed=27593s
2026-09-15 04:38:26 | INFO | step=99200 loss=0.0067 lr=6.13e-05 elapsed=27618s
2026-09-15 04:38:51 | INFO | step=99300 loss=0.0468 lr=6.12e-05 elapsed=27642s
2026-09-15 04:39:15 | INFO | step=99400 loss=0.0077 lr=6.12e-05 elapsed=27666s
2026-09-15 04:39:39 | INFO | step=99500 loss=0.0136 lr=6.12e-05 elapsed=27691s
2026-09-15 04:40:04 | INFO | step=99600 loss=0.0077 lr=6.11e-05 elapsed=27715s
2026-09-15 04:40:28 | INFO | step=99700 loss=0.0197 lr=6.11e-05 elapsed=27740s
2026-09-15 04:40:53 | INFO | step=99800 loss=0.0131 lr=6.10e-05 elapsed=27764s
2026-09-15 04:41:17 | INFO | step=99900 loss=0.0424 lr=6.10e-05 elapsed=27789s
2026-09-15 04:41:42 | INFO | step=100000 loss=0.0503 lr=6.10e-05 elapsed=27813s
2026-09-15 04:41:49 | INFO | [eval] step=100000 dev_loss=6.1757
2026-09-15 04:42:40 | INFO |   EM on dev subset (200 samples): 0.00%
2026-09-15 04:43:22 | INFO | step=100100 loss=0.0120 lr=6.09e-05 elapsed=27913s
2026-09-15 04:43:46 | INFO | step=100200 loss=0.0182 lr=6.09e-05 elapsed=27938s
2026-09-15 04:44:11 | INFO | step=100300 loss=0.0143 lr=6.09e-05 elapsed=27962s
2026-09-15 04:44:35 | INFO | step=100400 loss=0.0094 lr=6.08e-05 elapsed=27987s
2026-09-15 04:45:00 | INFO | step=100500 loss=0.0030 lr=6.08e-05 elapsed=28011s
2026-09-15 04:45:24 | INFO | step=100600 loss=0.0064 lr=6.08e-05 elapsed=28036s
2026-09-15 04:45:48 | INFO | step=100700 loss=0.0046 lr=6.07e-05 elapsed=28060s
2026-09-15 04:46:13 | INFO | step=100800 loss=0.0051 lr=6.07e-05 elapsed=28084s
2026-09-15 04:46:37 | INFO | step=100900 loss=0.0099 lr=6.06e-05 elapsed=28109s
2026-09-15 04:47:01 | INFO | step=101000 loss=0.0027 lr=6.06e-05 elapsed=28133s
2026-09-15 04:47:26 | INFO | step=101100 loss=0.0060 lr=6.06e-05 elapsed=28157s
2026-09-15 04:47:50 | INFO | step=101200 loss=0.0222 lr=6.05e-05 elapsed=28182s
2026-09-15 04:48:15 | INFO | step=101300 loss=0.0279 lr=6.05e-05 elapsed=28207s
2026-09-15 04:48:39 | INFO | step=101400 loss=0.0252 lr=6.05e-05 elapsed=28231s
2026-09-15 04:49:04 | INFO | step=101500 loss=0.0126 lr=6.04e-05 elapsed=28256s
2026-09-15 04:49:29 | INFO | step=101600 loss=0.0026 lr=6.04e-05 elapsed=28280s
2026-09-15 04:49:53 | INFO | step=101700 loss=0.0031 lr=6.04e-05 elapsed=28305s
2026-09-15 04:50:18 | INFO | step=101800 loss=0.0059 lr=6.03e-05 elapsed=28329s
2026-09-15 04:50:42 | INFO | step=101900 loss=0.0233 lr=6.03e-05 elapsed=28353s
2026-09-15 04:51:06 | INFO | step=102000 loss=0.0032 lr=6.02e-05 elapsed=28378s
2026-09-15 04:51:14 | INFO | [eval] step=102000 dev_loss=6.1340
2026-09-15 04:52:16 | INFO |   EM on dev subset (200 samples): 0.00%
2026-09-15 04:52:41 | INFO | step=102100 loss=0.0292 lr=6.02e-05 elapsed=28472s
2026-09-15 04:53:05 | INFO | step=102200 loss=0.0023 lr=6.02e-05 elapsed=28497s
2026-09-15 04:53:30 | INFO | step=102300 loss=0.0024 lr=6.01e-05 elapsed=28521s
2026-09-15 04:53:54 | INFO | step=102400 loss=0.0020 lr=6.01e-05 elapsed=28546s
2026-09-15 04:54:19 | INFO | step=102500 loss=0.0356 lr=6.01e-05 elapsed=28570s
2026-09-15 04:54:43 | INFO | step=102600 loss=0.0023 lr=6.00e-05 elapsed=28595s
2026-09-15 04:55:07 | INFO | step=102700 loss=0.0095 lr=6.00e-05 elapsed=28619s
2026-09-15 04:55:32 | INFO | step=102800 loss=0.0168 lr=6.00e-05 elapsed=28644s
2026-09-15 04:55:56 | INFO | step=102900 loss=0.0068 lr=5.99e-05 elapsed=28668s
2026-09-15 04:56:21 | INFO | step=103000 loss=0.0080 lr=5.99e-05 elapsed=28692s
2026-09-15 04:56:45 | INFO | step=103100 loss=0.0279 lr=5.98e-05 elapsed=28717s
2026-09-15 04:57:10 | INFO | step=103200 loss=0.0021 lr=5.98e-05 elapsed=28741s
2026-09-15 04:57:34 | INFO | step=103300 loss=0.0037 lr=5.98e-05 elapsed=28766s
2026-09-15 04:57:59 | INFO | step=103400 loss=0.0046 lr=5.97e-05 elapsed=28790s
2026-09-15 04:58:23 | INFO | step=103500 loss=0.0134 lr=5.97e-05 elapsed=28815s
2026-09-15 04:58:48 | INFO | step=103600 loss=0.0066 lr=5.97e-05 elapsed=28839s
2026-09-15 04:59:12 | INFO | step=103700 loss=0.0010 lr=5.96e-05 elapsed=28864s
2026-09-15 04:59:37 | INFO | step=103800 loss=0.0059 lr=5.96e-05 elapsed=28888s
2026-09-15 05:00:01 | INFO | step=103900 loss=0.0152 lr=5.95e-05 elapsed=28912s
2026-09-15 05:00:25 | INFO | step=104000 loss=0.0065 lr=5.95e-05 elapsed=28937s
2026-09-15 05:00:33 | INFO | [eval] step=104000 dev_loss=6.2210
2026-09-15 05:01:24 | INFO |   EM on dev subset (200 samples): 0.00%
2026-09-15 05:01:48 | INFO | step=104100 loss=0.0072 lr=5.95e-05 elapsed=29020s
2026-09-15 05:02:13 | INFO | step=104200 loss=0.0048 lr=5.94e-05 elapsed=29045s
2026-09-15 05:02:37 | INFO | step=104300 loss=0.0075 lr=5.94e-05 elapsed=29069s
2026-09-15 05:03:02 | INFO | step=104400 loss=0.0134 lr=5.94e-05 elapsed=29094s
2026-09-15 05:03:26 | INFO | step=104500 loss=0.0227 lr=5.93e-05 elapsed=29118s
2026-09-15 05:03:51 | INFO | step=104600 loss=0.0209 lr=5.93e-05 elapsed=29142s
2026-09-15 05:04:15 | INFO | step=104700 loss=0.0109 lr=5.92e-05 elapsed=29167s
2026-09-15 05:04:40 | INFO | step=104800 loss=0.0050 lr=5.92e-05 elapsed=29191s
2026-09-15 05:05:04 | INFO | step=104900 loss=0.0106 lr=5.92e-05 elapsed=29216s
2026-09-15 05:05:28 | INFO | step=105000 loss=0.0038 lr=5.91e-05 elapsed=29240s
2026-09-15 05:05:53 | INFO | step=105100 loss=0.0525 lr=5.91e-05 elapsed=29264s
2026-09-15 05:06:17 | INFO | step=105200 loss=0.0164 lr=5.91e-05 elapsed=29289s
2026-09-15 05:06:42 | INFO | step=105300 loss=0.0023 lr=5.90e-05 elapsed=29313s
2026-09-15 05:07:06 | INFO | step=105400 loss=0.0105 lr=5.90e-05 elapsed=29337s
2026-09-15 05:07:30 | INFO | step=105500 loss=0.0550 lr=5.89e-05 elapsed=29362s
2026-09-15 05:07:55 | INFO | step=105600 loss=0.0121 lr=5.89e-05 elapsed=29386s
2026-09-15 05:08:19 | INFO | step=105700 loss=0.0039 lr=5.89e-05 elapsed=29410s
2026-09-15 05:08:43 | INFO | step=105800 loss=0.0050 lr=5.88e-05 elapsed=29435s
2026-09-15 05:09:08 | INFO | step=105900 loss=0.0062 lr=5.88e-05 elapsed=29459s
2026-09-15 05:09:32 | INFO | step=106000 loss=0.0080 lr=5.88e-05 elapsed=29484s
2026-09-15 05:09:40 | INFO | [eval] step=106000 dev_loss=6.1961
2026-09-15 05:10:25 | INFO |   EM on dev subset (200 samples): 0.00%
2026-09-15 05:10:50 | INFO | step=106100 loss=0.0021 lr=5.87e-05 elapsed=29561s
2026-09-15 05:11:14 | INFO | step=106200 loss=0.0037 lr=5.87e-05 elapsed=29586s
2026-09-15 05:11:39 | INFO | step=106300 loss=0.0178 lr=5.86e-05 elapsed=29610s
2026-09-15 05:12:03 | INFO | step=106400 loss=0.0037 lr=5.86e-05 elapsed=29635s
2026-09-15 05:12:28 | INFO | step=106500 loss=0.0106 lr=5.86e-05 elapsed=29659s
2026-09-15 05:12:52 | INFO | step=106600 loss=0.0028 lr=5.85e-05 elapsed=29684s
2026-09-15 05:13:16 | INFO | step=106700 loss=0.0026 lr=5.85e-05 elapsed=29708s
2026-09-15 05:13:41 | INFO | step=106800 loss=0.0022 lr=5.85e-05 elapsed=29733s
2026-09-15 05:14:05 | INFO | step=106900 loss=0.0027 lr=5.84e-05 elapsed=29757s
2026-09-15 05:14:30 | INFO | step=107000 loss=0.0026 lr=5.84e-05 elapsed=29781s
2026-09-15 05:14:54 | INFO | step=107100 loss=0.0055 lr=5.83e-05 elapsed=29806s
2026-09-15 05:15:19 | INFO | step=107200 loss=0.0040 lr=5.83e-05 elapsed=29830s
2026-09-15 05:15:43 | INFO | step=107300 loss=0.0018 lr=5.83e-05 elapsed=29855s
2026-09-15 05:16:07 | INFO | step=107400 loss=0.0045 lr=5.82e-05 elapsed=29879s
2026-09-15 05:16:32 | INFO | step=107500 loss=0.0080 lr=5.82e-05 elapsed=29903s
2026-09-15 05:16:56 | INFO | step=107600 loss=0.0097 lr=5.82e-05 elapsed=29928s
2026-09-15 05:17:20 | INFO | step=107700 loss=0.0013 lr=5.81e-05 elapsed=29952s
2026-09-15 05:17:45 | INFO | step=107800 loss=0.0053 lr=5.81e-05 elapsed=29976s
2026-09-15 05:18:09 | INFO | step=107900 loss=0.0065 lr=5.80e-05 elapsed=30001s
2026-09-15 05:18:34 | INFO | step=108000 loss=0.0268 lr=5.80e-05 elapsed=30025s
2026-09-15 05:18:41 | INFO | [eval] step=108000 dev_loss=6.2185
2026-09-15 05:19:24 | INFO |   EM on dev subset (200 samples): 0.00%
2026-09-15 05:19:49 | INFO | step=108100 loss=0.0121 lr=5.80e-05 elapsed=30101s
2026-09-15 05:20:14 | INFO | step=108200 loss=0.0111 lr=5.79e-05 elapsed=30125s
2026-09-15 05:20:38 | INFO | step=108300 loss=0.0065 lr=5.79e-05 elapsed=30150s
2026-09-15 05:21:03 | INFO | step=108400 loss=0.0059 lr=5.79e-05 elapsed=30174s
2026-09-15 05:21:27 | INFO | step=108500 loss=0.0127 lr=5.78e-05 elapsed=30199s
2026-09-15 05:21:52 | INFO | step=108600 loss=0.0122 lr=5.78e-05 elapsed=30223s
2026-09-15 05:22:16 | INFO | step=108700 loss=0.0060 lr=5.77e-05 elapsed=30248s
2026-09-15 05:22:41 | INFO | step=108800 loss=0.0034 lr=5.77e-05 elapsed=30272s
2026-09-15 05:23:05 | INFO | step=108900 loss=0.0024 lr=5.77e-05 elapsed=30297s
2026-09-15 05:23:29 | INFO | step=109000 loss=0.0083 lr=5.76e-05 elapsed=30321s
2026-09-15 05:23:54 | INFO | step=109100 loss=0.0021 lr=5.76e-05 elapsed=30345s
2026-09-15 05:24:18 | INFO | step=109200 loss=0.0035 lr=5.76e-05 elapsed=30370s
2026-09-15 05:24:42 | INFO | step=109300 loss=0.0023 lr=5.75e-05 elapsed=30394s
2026-09-15 05:25:07 | INFO | step=109400 loss=0.0007 lr=5.75e-05 elapsed=30418s
2026-09-15 05:25:31 | INFO | step=109500 loss=0.0160 lr=5.74e-05 elapsed=30443s
2026-09-15 05:25:56 | INFO | step=109600 loss=0.0067 lr=5.74e-05 elapsed=30467s
2026-09-15 05:26:20 | INFO | step=109700 loss=0.0079 lr=5.74e-05 elapsed=30491s
2026-09-15 05:26:44 | INFO | step=109800 loss=0.0037 lr=5.73e-05 elapsed=30516s
2026-09-15 05:27:09 | INFO | step=109900 loss=0.0028 lr=5.73e-05 elapsed=30540s
2026-09-15 05:27:33 | INFO | step=110000 loss=0.0065 lr=5.72e-05 elapsed=30565s
2026-09-15 05:27:41 | INFO | [eval] step=110000 dev_loss=6.3071
2026-09-15 05:28:25 | INFO |   EM on dev subset (200 samples): 0.00%
2026-09-15 05:28:50 | INFO | step=110100 loss=0.0114 lr=5.72e-05 elapsed=30642s
2026-09-15 05:29:15 | INFO | step=110200 loss=0.0114 lr=5.72e-05 elapsed=30666s
2026-09-15 05:29:39 | INFO | step=110300 loss=0.0068 lr=5.71e-05 elapsed=30691s
2026-09-15 05:30:04 | INFO | step=110400 loss=0.0314 lr=5.71e-05 elapsed=30715s
2026-09-15 05:30:28 | INFO | step=110500 loss=0.0040 lr=5.71e-05 elapsed=30740s
2026-09-15 05:30:53 | INFO | step=110600 loss=0.0095 lr=5.70e-05 elapsed=30764s
2026-09-15 05:31:17 | INFO | step=110700 loss=0.0071 lr=5.70e-05 elapsed=30789s
2026-09-15 05:31:42 | INFO | step=110800 loss=0.0069 lr=5.69e-05 elapsed=30813s
2026-09-15 05:32:06 | INFO | step=110900 loss=0.0060 lr=5.69e-05 elapsed=30838s
2026-09-15 05:32:30 | INFO | step=111000 loss=0.0228 lr=5.69e-05 elapsed=30862s
2026-09-15 05:32:55 | INFO | step=111100 loss=0.0040 lr=5.68e-05 elapsed=30886s
2026-09-15 05:33:19 | INFO | step=111200 loss=0.0012 lr=5.68e-05 elapsed=30911s
2026-09-15 05:33:44 | INFO | step=111300 loss=0.0053 lr=5.67e-05 elapsed=30935s
2026-09-15 05:34:08 | INFO | step=111400 loss=0.0042 lr=5.67e-05 elapsed=30960s
2026-09-15 05:34:32 | INFO | step=111500 loss=0.0081 lr=5.67e-05 elapsed=30984s
2026-09-15 05:34:57 | INFO | step=111600 loss=0.0165 lr=5.66e-05 elapsed=31008s
2026-09-15 05:35:21 | INFO | step=111700 loss=0.0582 lr=5.66e-05 elapsed=31033s
2026-09-15 05:35:46 | INFO | step=111800 loss=0.0029 lr=5.66e-05 elapsed=31057s
2026-09-15 05:36:10 | INFO | step=111900 loss=0.0144 lr=5.65e-05 elapsed=31082s
2026-09-15 05:36:35 | INFO | step=112000 loss=0.0029 lr=5.65e-05 elapsed=31106s
2026-09-15 05:36:42 | INFO | [eval] step=112000 dev_loss=6.2384
2026-09-15 05:37:28 | INFO |   EM on dev subset (200 samples): 0.00%
2026-09-15 05:37:53 | INFO | step=112100 loss=0.0046 lr=5.64e-05 elapsed=31184s
2026-09-15 05:38:17 | INFO | step=112200 loss=0.0104 lr=5.64e-05 elapsed=31209s
2026-09-15 05:38:42 | INFO | step=112300 loss=0.0042 lr=5.64e-05 elapsed=31233s
2026-09-15 05:39:06 | INFO | step=112400 loss=0.0029 lr=5.63e-05 elapsed=31258s
2026-09-15 05:39:31 | INFO | step=112500 loss=0.0353 lr=5.63e-05 elapsed=31282s
2026-09-15 05:39:55 | INFO | step=112600 loss=0.0021 lr=5.62e-05 elapsed=31307s
2026-09-15 05:40:19 | INFO | step=112700 loss=0.0030 lr=5.62e-05 elapsed=31331s
2026-09-15 05:40:44 | INFO | step=112800 loss=0.0808 lr=5.62e-05 elapsed=31355s
2026-09-15 05:41:08 | INFO | step=112900 loss=0.0032 lr=5.61e-05 elapsed=31380s
2026-09-15 05:41:32 | INFO | step=113000 loss=0.0101 lr=5.61e-05 elapsed=31404s
2026-09-15 05:41:57 | INFO | step=113100 loss=0.0048 lr=5.60e-05 elapsed=31428s
2026-09-15 05:42:21 | INFO | step=113200 loss=0.0034 lr=5.60e-05 elapsed=31453s
2026-09-15 05:42:46 | INFO | step=113300 loss=0.0021 lr=5.60e-05 elapsed=31477s
2026-09-15 05:43:10 | INFO | step=113400 loss=0.0042 lr=5.59e-05 elapsed=31501s
2026-09-15 05:43:34 | INFO | step=113500 loss=0.0025 lr=5.59e-05 elapsed=31526s
2026-09-15 05:43:59 | INFO | step=113600 loss=0.0062 lr=5.59e-05 elapsed=31550s
2026-09-15 05:44:23 | INFO | step=113700 loss=0.0040 lr=5.58e-05 elapsed=31574s
2026-09-15 05:44:48 | INFO | step=113800 loss=0.0013 lr=5.58e-05 elapsed=31599s
2026-09-15 05:45:12 | INFO | step=113900 loss=0.0034 lr=5.57e-05 elapsed=31623s
2026-09-15 05:45:36 | INFO | step=114000 loss=0.0150 lr=5.57e-05 elapsed=31648s
2026-09-15 05:45:44 | INFO | [eval] step=114000 dev_loss=6.3058
2026-09-15 05:46:37 | INFO |   EM on dev subset (200 samples): 0.00%
2026-09-15 05:47:01 | INFO | step=114100 loss=0.0135 lr=5.57e-05 elapsed=31733s
2026-09-15 05:47:26 | INFO | step=114200 loss=0.0599 lr=5.56e-05 elapsed=31757s
2026-09-15 05:47:50 | INFO | step=114300 loss=0.0017 lr=5.56e-05 elapsed=31782s
2026-09-15 05:48:15 | INFO | step=114400 loss=0.0085 lr=5.55e-05 elapsed=31806s
2026-09-15 05:48:39 | INFO | step=114500 loss=0.0027 lr=5.55e-05 elapsed=31831s
2026-09-15 05:49:04 | INFO | step=114600 loss=0.0150 lr=5.55e-05 elapsed=31855s
2026-09-15 05:49:28 | INFO | step=114700 loss=0.0065 lr=5.54e-05 elapsed=31879s
2026-09-15 05:49:52 | INFO | step=114800 loss=0.0010 lr=5.54e-05 elapsed=31904s
2026-09-15 05:50:17 | INFO | step=114900 loss=0.0086 lr=5.53e-05 elapsed=31928s
2026-09-15 05:50:41 | INFO | step=115000 loss=0.0194 lr=5.53e-05 elapsed=31953s
2026-09-15 05:51:05 | INFO | step=115100 loss=0.0113 lr=5.53e-05 elapsed=31977s
2026-09-15 05:51:30 | INFO | step=115200 loss=0.0307 lr=5.52e-05 elapsed=32001s
2026-09-15 05:51:54 | INFO | step=115300 loss=0.0213 lr=5.52e-05 elapsed=32026s
2026-09-15 05:52:19 | INFO | step=115400 loss=0.0022 lr=5.52e-05 elapsed=32050s
2026-09-15 05:52:43 | INFO | step=115500 loss=0.0066 lr=5.51e-05 elapsed=32075s
2026-09-15 05:53:08 | INFO | step=115600 loss=0.0004 lr=5.51e-05 elapsed=32100s
2026-09-15 05:53:32 | INFO | step=115700 loss=0.0054 lr=5.50e-05 elapsed=32124s
2026-09-15 05:53:57 | INFO | step=115800 loss=0.0169 lr=5.50e-05 elapsed=32148s
2026-09-15 05:54:21 | INFO | step=115900 loss=0.0054 lr=5.50e-05 elapsed=32173s
2026-09-15 05:54:46 | INFO | step=116000 loss=0.0014 lr=5.49e-05 elapsed=32197s
2026-09-15 05:54:53 | INFO | [eval] step=116000 dev_loss=6.3024
2026-09-15 05:55:42 | INFO |   EM on dev subset (200 samples): 0.00%
2026-09-15 05:56:06 | INFO | step=116100 loss=0.0072 lr=5.49e-05 elapsed=32278s
2026-09-15 05:56:30 | INFO | step=116200 loss=0.0067 lr=5.48e-05 elapsed=32302s
2026-09-15 05:56:55 | INFO | step=116300 loss=0.0021 lr=5.48e-05 elapsed=32327s
2026-09-15 05:57:20 | INFO | step=116400 loss=0.0194 lr=5.48e-05 elapsed=32351s
2026-09-15 05:57:44 | INFO | step=116500 loss=0.0136 lr=5.47e-05 elapsed=32375s
2026-09-15 05:58:08 | INFO | step=116600 loss=0.0003 lr=5.47e-05 elapsed=32400s
2026-09-15 05:58:33 | INFO | step=116700 loss=0.0127 lr=5.46e-05 elapsed=32424s
2026-09-15 05:58:57 | INFO | step=116800 loss=0.0050 lr=5.46e-05 elapsed=32449s
2026-09-15 05:59:22 | INFO | step=116900 loss=0.0132 lr=5.46e-05 elapsed=32473s
2026-09-15 05:59:46 | INFO | step=117000 loss=0.0068 lr=5.45e-05 elapsed=32498s
2026-09-15 06:00:10 | INFO | step=117100 loss=0.0023 lr=5.45e-05 elapsed=32522s
2026-09-15 06:00:35 | INFO | step=117200 loss=0.0127 lr=5.44e-05 elapsed=32546s
2026-09-15 06:00:59 | INFO | step=117300 loss=0.0022 lr=5.44e-05 elapsed=32571s
2026-09-15 06:01:24 | INFO | step=117400 loss=0.0019 lr=5.44e-05 elapsed=32595s
2026-09-15 06:01:48 | INFO | step=117500 loss=0.0134 lr=5.43e-05 elapsed=32619s
2026-09-15 06:02:12 | INFO | step=117600 loss=0.0028 lr=5.43e-05 elapsed=32644s
2026-09-15 06:02:37 | INFO | step=117700 loss=0.0541 lr=5.42e-05 elapsed=32668s
2026-09-15 06:03:01 | INFO | step=117800 loss=0.0009 lr=5.42e-05 elapsed=32693s
2026-09-15 06:03:25 | INFO | step=117900 loss=0.0033 lr=5.42e-05 elapsed=32717s
2026-09-15 06:03:50 | INFO | step=118000 loss=0.0026 lr=5.41e-05 elapsed=32741s
2026-09-15 06:03:57 | INFO | [eval] step=118000 dev_loss=6.2947
2026-09-15 06:04:46 | INFO |   EM on dev subset (200 samples): 0.00%
2026-09-15 06:05:11 | INFO | step=118100 loss=0.0321 lr=5.41e-05 elapsed=32822s
2026-09-15 06:05:35 | INFO | step=118200 loss=0.0014 lr=5.40e-05 elapsed=32847s
2026-09-15 06:06:00 | INFO | step=118300 loss=0.0013 lr=5.40e-05 elapsed=32871s
2026-09-15 06:06:24 | INFO | step=118400 loss=0.0168 lr=5.40e-05 elapsed=32896s
2026-09-15 06:06:49 | INFO | step=118500 loss=0.0132 lr=5.39e-05 elapsed=32920s
2026-09-15 06:07:13 | INFO | step=118600 loss=0.0013 lr=5.39e-05 elapsed=32945s
2026-09-15 06:07:37 | INFO | step=118700 loss=0.0034 lr=5.38e-05 elapsed=32969s
2026-09-15 06:08:02 | INFO | step=118800 loss=0.0051 lr=5.38e-05 elapsed=32993s
2026-09-15 06:08:26 | INFO | step=118900 loss=0.0422 lr=5.38e-05 elapsed=33018s
2026-09-15 06:08:51 | INFO | step=119000 loss=0.0025 lr=5.37e-05 elapsed=33042s
2026-09-15 06:09:15 | INFO | step=119100 loss=0.0113 lr=5.37e-05 elapsed=33067s
2026-09-15 06:09:40 | INFO | step=119200 loss=0.0087 lr=5.36e-05 elapsed=33091s
2026-09-15 06:10:04 | INFO | step=119300 loss=0.0022 lr=5.36e-05 elapsed=33116s
2026-09-15 06:10:28 | INFO | step=119400 loss=0.0021 lr=5.36e-05 elapsed=33140s
2026-09-15 06:10:53 | INFO | step=119500 loss=0.0030 lr=5.35e-05 elapsed=33164s
2026-09-15 06:11:17 | INFO | step=119600 loss=0.0032 lr=5.35e-05 elapsed=33189s
2026-09-15 06:11:42 | INFO | step=119700 loss=0.0016 lr=5.34e-05 elapsed=33213s
2026-09-15 06:12:06 | INFO | step=119800 loss=0.0029 lr=5.34e-05 elapsed=33237s
2026-09-15 06:12:30 | INFO | step=119900 loss=0.0030 lr=5.34e-05 elapsed=33262s
2026-09-15 06:12:55 | INFO | step=120000 loss=0.0032 lr=5.33e-05 elapsed=33286s
2026-09-15 06:13:02 | INFO | [eval] step=120000 dev_loss=6.3022
2026-09-15 06:13:52 | INFO |   EM on dev subset (200 samples): 0.00%
2026-09-15 06:14:33 | INFO | step=120100 loss=0.0011 lr=5.33e-05 elapsed=33385s
2026-09-15 06:14:58 | INFO | step=120200 loss=0.0675 lr=5.32e-05 elapsed=33409s
2026-09-15 06:15:22 | INFO | step=120300 loss=0.0106 lr=5.32e-05 elapsed=33434s
2026-09-15 06:15:47 | INFO | step=120400 loss=0.0373 lr=5.32e-05 elapsed=33458s
2026-09-15 06:16:11 | INFO | step=120500 loss=0.0043 lr=5.31e-05 elapsed=33483s
2026-09-15 06:16:36 | INFO | step=120600 loss=0.0133 lr=5.31e-05 elapsed=33507s
2026-09-15 06:17:00 | INFO | step=120700 loss=0.0048 lr=5.30e-05 elapsed=33531s
2026-09-15 06:17:25 | INFO | step=120800 loss=0.0088 lr=5.30e-05 elapsed=33556s
2026-09-15 06:17:49 | INFO | step=120900 loss=0.0042 lr=5.30e-05 elapsed=33580s
2026-09-15 06:18:13 | INFO | step=121000 loss=0.0020 lr=5.29e-05 elapsed=33605s
2026-09-15 06:18:38 | INFO | step=121100 loss=0.0210 lr=5.29e-05 elapsed=33629s
2026-09-15 06:19:02 | INFO | step=121200 loss=0.0032 lr=5.28e-05 elapsed=33654s
2026-09-15 06:19:27 | INFO | step=121300 loss=0.0097 lr=5.28e-05 elapsed=33678s
2026-09-15 06:19:51 | INFO | step=121400 loss=0.0055 lr=5.28e-05 elapsed=33703s
2026-09-15 06:20:15 | INFO | step=121500 loss=0.0030 lr=5.27e-05 elapsed=33727s
2026-09-15 06:20:40 | INFO | step=121600 loss=0.0121 lr=5.27e-05 elapsed=33752s
2026-09-15 06:21:05 | INFO | step=121700 loss=0.0245 lr=5.26e-05 elapsed=33776s
2026-09-15 06:21:29 | INFO | step=121800 loss=0.0040 lr=5.26e-05 elapsed=33801s
2026-09-15 06:21:53 | INFO | step=121900 loss=0.0262 lr=5.26e-05 elapsed=33825s
2026-09-15 06:22:18 | INFO | step=122000 loss=0.0012 lr=5.25e-05 elapsed=33849s
2026-09-15 06:22:25 | INFO | [eval] step=122000 dev_loss=6.3161
2026-09-15 06:23:15 | INFO |   EM on dev subset (200 samples): 0.00%
2026-09-15 06:23:39 | INFO | step=122100 loss=0.0233 lr=5.25e-05 elapsed=33931s
2026-09-15 06:24:04 | INFO | step=122200 loss=0.0030 lr=5.24e-05 elapsed=33955s
2026-09-15 06:24:28 | INFO | step=122300 loss=0.0158 lr=5.24e-05 elapsed=33979s
2026-09-15 06:24:53 | INFO | step=122400 loss=0.0104 lr=5.24e-05 elapsed=34004s
2026-09-15 06:25:17 | INFO | step=122500 loss=0.0015 lr=5.23e-05 elapsed=34029s
2026-09-15 06:25:42 | INFO | step=122600 loss=0.0071 lr=5.23e-05 elapsed=34053s
2026-09-15 06:26:06 | INFO | step=122700 loss=0.0219 lr=5.22e-05 elapsed=34077s
2026-09-15 06:26:30 | INFO | step=122800 loss=0.0041 lr=5.22e-05 elapsed=34102s
2026-09-15 06:26:55 | INFO | step=122900 loss=0.0056 lr=5.22e-05 elapsed=34126s
2026-09-15 06:27:19 | INFO | step=123000 loss=0.0030 lr=5.21e-05 elapsed=34151s
2026-09-15 06:27:43 | INFO | step=123100 loss=0.0024 lr=5.21e-05 elapsed=34175s
2026-09-15 06:28:08 | INFO | step=123200 loss=0.0014 lr=5.20e-05 elapsed=34199s
2026-09-15 06:28:32 | INFO | step=123300 loss=0.0027 lr=5.20e-05 elapsed=34224s
2026-09-15 06:28:56 | INFO | step=123400 loss=0.0024 lr=5.20e-05 elapsed=34248s
2026-09-15 06:29:21 | INFO | step=123500 loss=0.0009 lr=5.19e-05 elapsed=34272s
2026-09-15 06:29:45 | INFO | step=123600 loss=0.0085 lr=5.19e-05 elapsed=34297s
2026-09-15 06:30:10 | INFO | step=123700 loss=0.0012 lr=5.18e-05 elapsed=34321s
2026-09-15 06:30:34 | INFO | step=123800 loss=0.0064 lr=5.18e-05 elapsed=34346s
2026-09-15 06:30:58 | INFO | step=123900 loss=0.0048 lr=5.18e-05 elapsed=34370s
2026-09-15 06:31:23 | INFO | step=124000 loss=0.0021 lr=5.17e-05 elapsed=34394s
2026-09-15 06:31:30 | INFO | [eval] step=124000 dev_loss=6.3644
2026-09-15 06:32:17 | INFO |   EM on dev subset (200 samples): 0.00%
2026-09-15 06:32:42 | INFO | step=124100 loss=0.0065 lr=5.17e-05 elapsed=34473s
2026-09-15 06:33:06 | INFO | step=124200 loss=0.0004 lr=5.16e-05 elapsed=34498s
2026-09-15 06:33:31 | INFO | step=124300 loss=0.0066 lr=5.16e-05 elapsed=34523s
2026-09-15 06:33:56 | INFO | step=124400 loss=0.0043 lr=5.16e-05 elapsed=34547s
2026-09-15 06:34:20 | INFO | step=124500 loss=0.0009 lr=5.15e-05 elapsed=34572s
2026-09-15 06:34:44 | INFO | step=124600 loss=0.0012 lr=5.15e-05 elapsed=34596s
2026-09-15 06:35:09 | INFO | step=124700 loss=0.0029 lr=5.14e-05 elapsed=34620s
2026-09-15 06:35:33 | INFO | step=124800 loss=0.0209 lr=5.14e-05 elapsed=34645s
2026-09-15 06:35:58 | INFO | step=124900 loss=0.0042 lr=5.13e-05 elapsed=34669s
2026-09-15 06:36:22 | INFO | step=125000 loss=0.0202 lr=5.13e-05 elapsed=34694s
2026-09-15 06:36:46 | INFO | step=125100 loss=0.0037 lr=5.13e-05 elapsed=34718s
2026-09-15 06:37:11 | INFO | step=125200 loss=0.0014 lr=5.12e-05 elapsed=34743s
2026-09-15 06:37:35 | INFO | step=125300 loss=0.0016 lr=5.12e-05 elapsed=34767s
2026-09-15 06:38:00 | INFO | step=125400 loss=0.0246 lr=5.11e-05 elapsed=34791s
2026-09-15 06:38:24 | INFO | step=125500 loss=0.0041 lr=5.11e-05 elapsed=34815s
2026-09-15 06:38:49 | INFO | step=125600 loss=0.0017 lr=5.11e-05 elapsed=34840s
2026-09-15 06:39:13 | INFO | step=125700 loss=0.0041 lr=5.10e-05 elapsed=34864s
2026-09-15 06:39:37 | INFO | step=125800 loss=0.0006 lr=5.10e-05 elapsed=34889s
2026-09-15 06:40:01 | INFO | step=125900 loss=0.0021 lr=5.09e-05 elapsed=34913s
2026-09-15 06:40:26 | INFO | step=126000 loss=0.0105 lr=5.09e-05 elapsed=34938s
2026-09-15 06:40:33 | INFO | [eval] step=126000 dev_loss=6.3350
2026-09-15 06:41:21 | INFO |   EM on dev subset (200 samples): 0.00%
2026-09-15 06:41:46 | INFO | step=126100 loss=0.0078 lr=5.09e-05 elapsed=35017s
2026-09-15 06:42:10 | INFO | step=126200 loss=0.0025 lr=5.08e-05 elapsed=35042s
2026-09-15 06:42:35 | INFO | step=126300 loss=0.0024 lr=5.08e-05 elapsed=35066s
2026-09-15 06:42:59 | INFO | step=126400 loss=0.0012 lr=5.07e-05 elapsed=35091s
2026-09-15 06:43:23 | INFO | step=126500 loss=0.0038 lr=5.07e-05 elapsed=35115s
2026-09-15 06:43:48 | INFO | step=126600 loss=0.0020 lr=5.07e-05 elapsed=35139s
2026-09-15 06:44:12 | INFO | step=126700 loss=0.0080 lr=5.06e-05 elapsed=35164s
2026-09-15 06:44:37 | INFO | step=126800 loss=0.0054 lr=5.06e-05 elapsed=35188s
2026-09-15 06:45:01 | INFO | step=126900 loss=0.0171 lr=5.05e-05 elapsed=35212s
2026-09-15 06:45:25 | INFO | step=127000 loss=0.0663 lr=5.05e-05 elapsed=35237s
2026-09-15 06:45:50 | INFO | step=127100 loss=0.0023 lr=5.04e-05 elapsed=35261s
2026-09-15 06:46:14 | INFO | step=127200 loss=0.0037 lr=5.04e-05 elapsed=35286s
2026-09-15 06:46:38 | INFO | step=127300 loss=0.0020 lr=5.04e-05 elapsed=35310s
2026-09-15 06:47:03 | INFO | step=127400 loss=0.0029 lr=5.03e-05 elapsed=35334s
2026-09-15 06:47:27 | INFO | step=127500 loss=0.0018 lr=5.03e-05 elapsed=35359s
2026-09-15 06:47:52 | INFO | step=127600 loss=0.0053 lr=5.02e-05 elapsed=35383s
2026-09-15 06:48:16 | INFO | step=127700 loss=0.0118 lr=5.02e-05 elapsed=35407s
2026-09-15 06:48:40 | INFO | step=127800 loss=0.0009 lr=5.02e-05 elapsed=35432s
2026-09-15 06:49:05 | INFO | step=127900 loss=0.0011 lr=5.01e-05 elapsed=35456s
2026-09-15 06:49:29 | INFO | step=128000 loss=0.0057 lr=5.01e-05 elapsed=35481s
2026-09-15 06:49:37 | INFO | [eval] step=128000 dev_loss=6.3401
2026-09-15 06:50:28 | INFO |   EM on dev subset (200 samples): 0.00%
2026-09-15 06:50:53 | INFO | step=128100 loss=0.0049 lr=5.00e-05 elapsed=35564s
2026-09-15 06:51:17 | INFO | step=128200 loss=0.0181 lr=5.00e-05 elapsed=35589s
2026-09-15 06:51:42 | INFO | step=128300 loss=0.0017 lr=5.00e-05 elapsed=35613s
2026-09-15 06:52:06 | INFO | step=128400 loss=0.0069 lr=4.99e-05 elapsed=35638s
2026-09-15 06:52:31 | INFO | step=128500 loss=0.0230 lr=4.99e-05 elapsed=35662s
2026-09-15 06:52:55 | INFO | step=128600 loss=0.0141 lr=4.98e-05 elapsed=35687s
2026-09-15 06:53:19 | INFO | step=128700 loss=0.0028 lr=4.98e-05 elapsed=35711s
2026-09-15 06:53:44 | INFO | step=128800 loss=0.0020 lr=4.98e-05 elapsed=35735s
2026-09-15 06:54:08 | INFO | step=128900 loss=0.0010 lr=4.97e-05 elapsed=35759s
2026-09-15 06:54:32 | INFO | step=129000 loss=0.0120 lr=4.97e-05 elapsed=35784s
2026-09-15 06:54:57 | INFO | step=129100 loss=0.0016 lr=4.96e-05 elapsed=35808s
2026-09-15 06:55:21 | INFO | step=129200 loss=0.0086 lr=4.96e-05 elapsed=35833s
2026-09-15 06:55:46 | INFO | step=129300 loss=0.0026 lr=4.95e-05 elapsed=35858s
2026-09-15 06:56:10 | INFO | step=129400 loss=0.0072 lr=4.95e-05 elapsed=35882s
2026-09-15 06:56:35 | INFO | step=129500 loss=0.0011 lr=4.95e-05 elapsed=35906s
2026-09-15 06:57:00 | INFO | step=129600 loss=0.0015 lr=4.94e-05 elapsed=35931s
2026-09-15 06:57:24 | INFO | step=129700 loss=0.0034 lr=4.94e-05 elapsed=35956s
2026-09-15 06:57:48 | INFO | step=129800 loss=0.0027 lr=4.93e-05 elapsed=35980s
2026-09-15 06:58:13 | INFO | step=129900 loss=0.0012 lr=4.93e-05 elapsed=36004s
2026-09-15 06:58:37 | INFO | step=130000 loss=0.0057 lr=4.93e-05 elapsed=36029s
2026-09-15 06:58:45 | INFO | [eval] step=130000 dev_loss=6.3736
2026-09-15 06:59:28 | INFO |   EM on dev subset (200 samples): 0.00%
2026-09-15 06:59:53 | INFO | step=130100 loss=0.0025 lr=4.92e-05 elapsed=36105s
2026-09-15 07:00:18 | INFO | step=130200 loss=0.0061 lr=4.92e-05 elapsed=36129s
2026-09-15 07:00:42 | INFO | step=130300 loss=0.0186 lr=4.91e-05 elapsed=36153s
2026-09-15 07:01:06 | INFO | step=130400 loss=0.0041 lr=4.91e-05 elapsed=36178s
2026-09-15 07:01:31 | INFO | step=130500 loss=0.0024 lr=4.90e-05 elapsed=36202s
2026-09-15 07:01:55 | INFO | step=130600 loss=0.0023 lr=4.90e-05 elapsed=36227s
2026-09-15 07:02:20 | INFO | step=130700 loss=0.0028 lr=4.90e-05 elapsed=36251s
2026-09-15 07:02:44 | INFO | step=130800 loss=0.0026 lr=4.89e-05 elapsed=36276s
2026-09-15 07:03:08 | INFO | step=130900 loss=0.0008 lr=4.89e-05 elapsed=36300s
2026-09-15 07:03:33 | INFO | step=131000 loss=0.0035 lr=4.88e-05 elapsed=36324s
2026-09-15 07:03:57 | INFO | step=131100 loss=0.0012 lr=4.88e-05 elapsed=36349s
2026-09-15 07:04:21 | INFO | step=131200 loss=0.0097 lr=4.88e-05 elapsed=36373s
2026-09-15 07:04:46 | INFO | step=131300 loss=0.0008 lr=4.87e-05 elapsed=36398s
2026-09-15 07:05:10 | INFO | step=131400 loss=0.0019 lr=4.87e-05 elapsed=36422s
2026-09-15 07:05:35 | INFO | step=131500 loss=0.0055 lr=4.86e-05 elapsed=36446s
2026-09-15 07:05:59 | INFO | step=131600 loss=0.0013 lr=4.86e-05 elapsed=36471s
2026-09-15 07:06:24 | INFO | step=131700 loss=0.0029 lr=4.86e-05 elapsed=36495s
2026-09-15 07:06:48 | INFO | step=131800 loss=0.0062 lr=4.85e-05 elapsed=36520s
2026-09-15 07:07:12 | INFO | step=131900 loss=0.0526 lr=4.85e-05 elapsed=36544s
2026-09-15 07:07:37 | INFO | step=132000 loss=0.0030 lr=4.84e-05 elapsed=36568s
2026-09-15 07:07:44 | INFO | [eval] step=132000 dev_loss=6.2928
2026-09-15 07:08:34 | INFO |   EM on dev subset (200 samples): 0.00%
2026-09-15 07:08:58 | INFO | step=132100 loss=0.0055 lr=4.84e-05 elapsed=36650s
2026-09-15 07:09:23 | INFO | step=132200 loss=0.0003 lr=4.83e-05 elapsed=36674s
2026-09-15 07:09:47 | INFO | step=132300 loss=0.0115 lr=4.83e-05 elapsed=36699s
2026-09-15 07:10:12 | INFO | step=132400 loss=0.0013 lr=4.83e-05 elapsed=36723s
2026-09-15 07:10:36 | INFO | step=132500 loss=0.0063 lr=4.82e-05 elapsed=36748s
2026-09-15 07:11:00 | INFO | step=132600 loss=0.0015 lr=4.82e-05 elapsed=36772s
2026-09-15 07:11:25 | INFO | step=132700 loss=0.0057 lr=4.81e-05 elapsed=36796s
2026-09-15 07:11:50 | INFO | step=132800 loss=0.0039 lr=4.81e-05 elapsed=36821s
2026-09-15 07:12:14 | INFO | step=132900 loss=0.0064 lr=4.81e-05 elapsed=36845s
2026-09-15 07:12:38 | INFO | step=133000 loss=0.0369 lr=4.80e-05 elapsed=36870s
2026-09-15 07:13:03 | INFO | step=133100 loss=0.0029 lr=4.80e-05 elapsed=36894s
2026-09-15 07:13:27 | INFO | step=133200 loss=0.0031 lr=4.79e-05 elapsed=36919s
2026-09-15 07:13:52 | INFO | step=133300 loss=0.0008 lr=4.79e-05 elapsed=36943s
2026-09-15 07:14:16 | INFO | step=133400 loss=0.0014 lr=4.78e-05 elapsed=36967s
2026-09-15 07:14:40 | INFO | step=133500 loss=0.0010 lr=4.78e-05 elapsed=36992s
2026-09-15 07:15:05 | INFO | step=133600 loss=0.0028 lr=4.78e-05 elapsed=37016s
2026-09-15 07:15:29 | INFO | step=133700 loss=0.0042 lr=4.77e-05 elapsed=37041s
2026-09-15 07:15:53 | INFO | step=133800 loss=0.0012 lr=4.77e-05 elapsed=37065s
2026-09-15 07:16:18 | INFO | step=133900 loss=0.0043 lr=4.76e-05 elapsed=37089s
2026-09-15 07:16:42 | INFO | step=134000 loss=0.0052 lr=4.76e-05 elapsed=37114s
2026-09-15 07:16:50 | INFO | [eval] step=134000 dev_loss=6.3169
2026-09-15 07:17:38 | INFO |   EM on dev subset (200 samples): 0.00%
2026-09-15 07:18:02 | INFO | step=134100 loss=0.0315 lr=4.76e-05 elapsed=37194s
2026-09-15 07:18:27 | INFO | step=134200 loss=0.0005 lr=4.75e-05 elapsed=37218s
2026-09-15 07:18:51 | INFO | step=134300 loss=0.0013 lr=4.75e-05 elapsed=37243s
2026-09-15 07:19:16 | INFO | step=134400 loss=0.0022 lr=4.74e-05 elapsed=37267s
2026-09-15 07:19:40 | INFO | step=134500 loss=0.0018 lr=4.74e-05 elapsed=37292s
2026-09-15 07:20:04 | INFO | step=134600 loss=0.0034 lr=4.73e-05 elapsed=37316s
2026-09-15 07:20:29 | INFO | step=134700 loss=0.0150 lr=4.73e-05 elapsed=37340s
2026-09-15 07:20:53 | INFO | step=134800 loss=0.0066 lr=4.73e-05 elapsed=37365s
2026-09-15 07:21:18 | INFO | step=134900 loss=0.0244 lr=4.72e-05 elapsed=37389s
2026-09-15 07:21:42 | INFO | step=135000 loss=0.0012 lr=4.72e-05 elapsed=37414s
2026-09-15 07:22:06 | INFO | step=135100 loss=0.0018 lr=4.71e-05 elapsed=37438s
2026-09-15 07:22:31 | INFO | step=135200 loss=0.0006 lr=4.71e-05 elapsed=37463s
2026-09-15 07:22:55 | INFO | step=135300 loss=0.0012 lr=4.71e-05 elapsed=37487s
2026-09-15 07:23:20 | INFO | step=135400 loss=0.0014 lr=4.70e-05 elapsed=37511s
2026-09-15 07:23:44 | INFO | step=135500 loss=0.0031 lr=4.70e-05 elapsed=37536s
2026-09-15 07:24:09 | INFO | step=135600 loss=0.0012 lr=4.69e-05 elapsed=37560s
2026-09-15 07:24:33 | INFO | step=135700 loss=0.0008 lr=4.69e-05 elapsed=37585s
2026-09-15 07:24:57 | INFO | step=135800 loss=0.0078 lr=4.68e-05 elapsed=37609s
2026-09-15 07:25:21 | INFO | step=135900 loss=0.0040 lr=4.68e-05 elapsed=37633s
2026-09-15 07:25:46 | INFO | step=136000 loss=0.0011 lr=4.68e-05 elapsed=37657s
2026-09-15 07:25:53 | INFO | [eval] step=136000 dev_loss=6.4062
2026-09-15 07:26:43 | INFO |   EM on dev subset (200 samples): 0.50%
2026-09-15 07:27:08 | INFO | step=136100 loss=0.0093 lr=4.67e-05 elapsed=37740s
2026-09-15 07:27:33 | INFO | step=136200 loss=0.0019 lr=4.67e-05 elapsed=37764s
2026-09-15 07:27:57 | INFO | step=136300 loss=0.0010 lr=4.66e-05 elapsed=37789s
2026-09-15 07:28:22 | INFO | step=136400 loss=0.0230 lr=4.66e-05 elapsed=37813s
2026-09-15 07:28:46 | INFO | step=136500 loss=0.0250 lr=4.66e-05 elapsed=37838s
2026-09-15 07:29:11 | INFO | step=136600 loss=0.0025 lr=4.65e-05 elapsed=37862s
2026-09-15 07:29:35 | INFO | step=136700 loss=0.0142 lr=4.65e-05 elapsed=37886s
2026-09-15 07:29:59 | INFO | step=136800 loss=0.0012 lr=4.64e-05 elapsed=37911s
2026-09-15 07:30:24 | INFO | step=136900 loss=0.0015 lr=4.64e-05 elapsed=37935s
2026-09-15 07:30:48 | INFO | step=137000 loss=0.0003 lr=4.63e-05 elapsed=37960s
2026-09-15 07:31:12 | INFO | step=137100 loss=0.0028 lr=4.63e-05 elapsed=37984s
2026-09-15 07:31:37 | INFO | step=137200 loss=0.0027 lr=4.63e-05 elapsed=38008s
2026-09-15 07:32:01 | INFO | step=137300 loss=0.0155 lr=4.62e-05 elapsed=38033s
2026-09-15 07:32:25 | INFO | step=137400 loss=0.0013 lr=4.62e-05 elapsed=38057s
2026-09-15 07:32:50 | INFO | step=137500 loss=0.0023 lr=4.61e-05 elapsed=38081s
2026-09-15 07:33:14 | INFO | step=137600 loss=0.0032 lr=4.61e-05 elapsed=38106s
2026-09-15 07:33:39 | INFO | step=137700 loss=0.0008 lr=4.60e-05 elapsed=38130s
2026-09-15 07:34:03 | INFO | step=137800 loss=0.0016 lr=4.60e-05 elapsed=38155s
2026-09-15 07:34:27 | INFO | step=137900 loss=0.0020 lr=4.60e-05 elapsed=38179s
2026-09-15 07:34:52 | INFO | step=138000 loss=0.0055 lr=4.59e-05 elapsed=38204s
2026-09-15 07:34:59 | INFO | [eval] step=138000 dev_loss=6.3780
2026-09-15 07:35:50 | INFO |   EM on dev subset (200 samples): 0.00%
2026-09-15 07:36:15 | INFO | step=138100 loss=0.0033 lr=4.59e-05 elapsed=38286s
2026-09-15 07:36:39 | INFO | step=138200 loss=0.0062 lr=4.58e-05 elapsed=38311s
2026-09-15 07:37:04 | INFO | step=138300 loss=0.0017 lr=4.58e-05 elapsed=38335s
2026-09-15 07:37:28 | INFO | step=138400 loss=0.0088 lr=4.58e-05 elapsed=38360s
2026-09-15 07:37:53 | INFO | step=138500 loss=0.0129 lr=4.57e-05 elapsed=38384s
2026-09-15 07:38:17 | INFO | step=138600 loss=0.0024 lr=4.57e-05 elapsed=38409s
2026-09-15 07:38:41 | INFO | step=138700 loss=0.0023 lr=4.56e-05 elapsed=38433s
2026-09-15 07:39:06 | INFO | step=138800 loss=0.0048 lr=4.56e-05 elapsed=38457s
2026-09-15 07:39:30 | INFO | step=138900 loss=0.0066 lr=4.55e-05 elapsed=38482s
2026-09-15 07:39:54 | INFO | step=139000 loss=0.0054 lr=4.55e-05 elapsed=38506s
2026-09-15 07:40:19 | INFO | step=139100 loss=0.0098 lr=4.55e-05 elapsed=38530s
2026-09-15 07:40:43 | INFO | step=139200 loss=0.0010 lr=4.54e-05 elapsed=38555s
2026-09-15 07:41:07 | INFO | step=139300 loss=0.0316 lr=4.54e-05 elapsed=38579s
2026-09-15 07:41:32 | INFO | step=139400 loss=0.0086 lr=4.53e-05 elapsed=38603s
2026-09-15 07:41:56 | INFO | step=139500 loss=0.0014 lr=4.53e-05 elapsed=38628s
2026-09-15 07:42:21 | INFO | step=139600 loss=0.0021 lr=4.52e-05 elapsed=38652s
2026-09-15 07:42:45 | INFO | step=139700 loss=0.0005 lr=4.52e-05 elapsed=38677s
2026-09-15 07:43:09 | INFO | step=139800 loss=0.0019 lr=4.52e-05 elapsed=38701s
2026-09-15 07:43:34 | INFO | step=139900 loss=0.0021 lr=4.51e-05 elapsed=38725s
2026-09-15 07:43:58 | INFO | step=140000 loss=0.0047 lr=4.51e-05 elapsed=38750s
2026-09-15 07:44:06 | INFO | [eval] step=140000 dev_loss=6.4032
2026-09-15 07:44:57 | INFO |   EM on dev subset (200 samples): 0.00%
2026-09-15 07:45:38 | INFO | step=140100 loss=0.0008 lr=4.50e-05 elapsed=38850s
2026-09-15 07:46:03 | INFO | step=140200 loss=0.0071 lr=4.50e-05 elapsed=38874s
2026-09-15 07:46:27 | INFO | step=140300 loss=0.0015 lr=4.50e-05 elapsed=38899s
2026-09-15 07:46:52 | INFO | step=140400 loss=0.0106 lr=4.49e-05 elapsed=38923s
2026-09-15 07:47:16 | INFO | step=140500 loss=0.0019 lr=4.49e-05 elapsed=38948s
2026-09-15 07:47:40 | INFO | step=140600 loss=0.0059 lr=4.48e-05 elapsed=38972s
2026-09-15 07:48:05 | INFO | step=140700 loss=0.0030 lr=4.48e-05 elapsed=38996s
2026-09-15 07:48:29 | INFO | step=140800 loss=0.0025 lr=4.47e-05 elapsed=39021s
2026-09-15 07:48:54 | INFO | step=140900 loss=0.0007 lr=4.47e-05 elapsed=39045s
2026-09-15 07:49:18 | INFO | step=141000 loss=0.0003 lr=4.47e-05 elapsed=39069s
2026-09-15 07:49:42 | INFO | step=141100 loss=0.0303 lr=4.46e-05 elapsed=39094s
2026-09-15 07:50:07 | INFO | step=141200 loss=0.0044 lr=4.46e-05 elapsed=39118s
2026-09-15 07:50:31 | INFO | step=141300 loss=0.0020 lr=4.45e-05 elapsed=39143s
2026-09-15 07:50:56 | INFO | step=141400 loss=0.0020 lr=4.45e-05 elapsed=39167s
2026-09-15 07:51:20 | INFO | step=141500 loss=0.0103 lr=4.44e-05 elapsed=39192s
2026-09-15 07:51:45 | INFO | step=141600 loss=0.0014 lr=4.44e-05 elapsed=39216s
2026-09-15 07:52:09 | INFO | step=141700 loss=0.0008 lr=4.44e-05 elapsed=39240s
2026-09-15 07:52:33 | INFO | step=141800 loss=0.0037 lr=4.43e-05 elapsed=39265s
2026-09-15 07:52:58 | INFO | step=141900 loss=0.0006 lr=4.43e-05 elapsed=39289s
2026-09-15 07:53:22 | INFO | step=142000 loss=0.0007 lr=4.42e-05 elapsed=39314s
2026-09-15 07:53:30 | INFO | [eval] step=142000 dev_loss=6.4093
2026-09-15 07:54:15 | INFO |   EM on dev subset (200 samples): 0.00%
2026-09-15 07:54:40 | INFO | step=142100 loss=0.0014 lr=4.42e-05 elapsed=39392s
2026-09-15 07:55:04 | INFO | step=142200 loss=0.0022 lr=4.42e-05 elapsed=39416s
2026-09-15 07:55:29 | INFO | step=142300 loss=0.0008 lr=4.41e-05 elapsed=39440s
2026-09-15 07:55:53 | INFO | step=142400 loss=0.0021 lr=4.41e-05 elapsed=39465s
2026-09-15 07:56:18 | INFO | step=142500 loss=0.0116 lr=4.40e-05 elapsed=39489s
2026-09-15 07:56:42 | INFO | step=142600 loss=0.0033 lr=4.40e-05 elapsed=39514s
2026-09-15 07:57:07 | INFO | step=142700 loss=0.0008 lr=4.39e-05 elapsed=39538s
2026-09-15 07:57:31 | INFO | step=142800 loss=0.0078 lr=4.39e-05 elapsed=39563s
2026-09-15 07:57:56 | INFO | step=142900 loss=0.0024 lr=4.39e-05 elapsed=39587s
2026-09-15 07:58:20 | INFO | step=143000 loss=0.0011 lr=4.38e-05 elapsed=39611s
2026-09-15 07:58:44 | INFO | step=143100 loss=0.0010 lr=4.38e-05 elapsed=39636s
2026-09-15 07:59:09 | INFO | step=143200 loss=0.0010 lr=4.37e-05 elapsed=39660s
2026-09-15 07:59:33 | INFO | step=143300 loss=0.0039 lr=4.37e-05 elapsed=39685s
2026-09-15 07:59:58 | INFO | step=143400 loss=0.0030 lr=4.36e-05 elapsed=39709s
2026-09-15 08:00:22 | INFO | step=143500 loss=0.0008 lr=4.36e-05 elapsed=39734s
2026-09-15 08:00:47 | INFO | step=143600 loss=0.0015 lr=4.36e-05 elapsed=39758s
2026-09-15 08:01:11 | INFO | step=143700 loss=0.0013 lr=4.35e-05 elapsed=39783s
2026-09-15 08:01:35 | INFO | step=143800 loss=0.0136 lr=4.35e-05 elapsed=39807s
2026-09-15 08:02:00 | INFO | step=143900 loss=0.0025 lr=4.34e-05 elapsed=39831s
2026-09-15 08:02:24 | INFO | step=144000 loss=0.0137 lr=4.34e-05 elapsed=39856s
2026-09-15 08:02:32 | INFO | [eval] step=144000 dev_loss=6.4283
2026-09-15 08:03:21 | INFO |   EM on dev subset (200 samples): 0.00%
2026-09-15 08:03:21 | INFO | Early stopping triggered.
2026-09-15 08:03:21 | INFO | Training complete. Best dev loss: 6.0740
