2026-09-22 08:06:11 | INFO | Device: cuda
2026-09-22 08:06:12 | INFO | Model: standard, k=1, params=122.3M
2026-09-22 08:06:12 | INFO | Training on 7000 examples, eval on 1034
2026-09-22 08:06:12 | INFO | Config: TrainingConfig(model_type='standard', hidden_dim=512, num_encoder_layers=12, num_decoder_layers=12, num_heads=8, num_attributes=1, use_gating=False, use_mixing=False, pairing_strategy='cyclic', pairing_seed=1234, use_composed_join=False, use_true_standard=True, ffn_dim=2048, max_seq_len=512, dropout=0.1, vocab_size=32000, learning_rate=8e-05, weight_decay=0.01, warmup_steps=4000, max_steps=300000, batch_size=4, gradient_accumulation=16, max_grad_norm=1.0, label_smoothing=0.05, eval_every=2000, save_every=20000, patience=30, eval_by_em=True, dataset='spider', nas_dir='/nas/Dataset/nlp', max_src_len=384, max_tgt_len=200, seed=43, num_workers=4, fp16=False, output_dir='/nas/Dataset/experiments/relational-attention/muhiddin_outputs/true_std_spider_copy_s43', log_every=100, copy_mechanism=True, num_copy_heads=1)
2026-09-22 08:06:13 | INFO | step=0 loss=8.9344 lr=0.00e+00 elapsed=0s
2026-09-22 08:06:16 | INFO | step=100 loss=8.4306 lr=2.00e-06 elapsed=3s
2026-09-22 08:06:18 | INFO | step=200 loss=8.5175 lr=4.00e-06 elapsed=6s
2026-09-22 08:06:21 | INFO | step=300 loss=9.4884 lr=6.00e-06 elapsed=9s
2026-09-22 08:06:24 | INFO | step=400 loss=8.1153 lr=8.00e-06 elapsed=11s
2026-09-22 08:06:27 | INFO | step=500 loss=8.2372 lr=1.00e-05 elapsed=14s
2026-09-22 08:06:29 | INFO | step=600 loss=8.6961 lr=1.20e-05 elapsed=17s
2026-09-22 08:06:32 | INFO | step=700 loss=7.7521 lr=1.40e-05 elapsed=20s
2026-09-22 08:06:35 | INFO | step=800 loss=7.9444 lr=1.60e-05 elapsed=23s
2026-09-22 08:06:38 | INFO | step=900 loss=8.0540 lr=1.80e-05 elapsed=25s
2026-09-22 08:06:41 | INFO | step=1000 loss=8.1023 lr=2.00e-05 elapsed=28s
2026-09-22 08:06:43 | INFO | step=1100 loss=7.7431 lr=2.20e-05 elapsed=31s
2026-09-22 08:06:46 | INFO | step=1200 loss=7.4580 lr=2.40e-05 elapsed=34s
2026-09-22 08:06:49 | INFO | step=1300 loss=7.2885 lr=2.60e-05 elapsed=37s
2026-09-22 08:06:52 | INFO | step=1400 loss=8.3526 lr=2.80e-05 elapsed=39s
2026-09-22 08:06:55 | INFO | step=1500 loss=7.1711 lr=3.00e-05 elapsed=42s
2026-09-22 08:06:57 | INFO | step=1600 loss=7.7418 lr=3.20e-05 elapsed=45s
2026-09-22 08:07:00 | INFO | step=1700 loss=6.7485 lr=3.40e-05 elapsed=48s
2026-09-22 08:07:03 | INFO | step=1800 loss=6.7794 lr=3.60e-05 elapsed=50s
2026-09-22 08:07:06 | INFO | step=1900 loss=6.8597 lr=3.80e-05 elapsed=53s
2026-09-22 08:07:08 | INFO | step=2000 loss=7.1571 lr=4.00e-05 elapsed=56s
2026-09-22 08:07:10 | INFO | [eval] step=2000 dev_loss=6.8474
2026-09-22 08:07:43 | INFO |   EM on dev subset (200 samples): 0.00%
2026-09-22 08:07:48 | INFO |   -> New best model saved (dev_loss=6.8474)
2026-09-22 08:07:51 | INFO | step=2100 loss=6.2507 lr=4.20e-05 elapsed=98s
2026-09-22 08:07:54 | INFO | step=2200 loss=6.2931 lr=4.40e-05 elapsed=101s
2026-09-22 08:07:56 | INFO | step=2300 loss=5.3943 lr=4.60e-05 elapsed=104s
2026-09-22 08:07:59 | INFO | step=2400 loss=5.9583 lr=4.80e-05 elapsed=107s
2026-09-22 08:08:02 | INFO | step=2500 loss=5.2386 lr=5.00e-05 elapsed=109s
2026-09-22 08:08:05 | INFO | step=2600 loss=5.1533 lr=5.20e-05 elapsed=112s
2026-09-22 08:08:08 | INFO | step=2700 loss=5.0663 lr=5.40e-05 elapsed=115s
2026-09-22 08:08:10 | INFO | step=2800 loss=5.3865 lr=5.60e-05 elapsed=118s
2026-09-22 08:08:13 | INFO | step=2900 loss=4.5949 lr=5.80e-05 elapsed=121s
2026-09-22 08:08:16 | INFO | step=3000 loss=4.0250 lr=6.00e-05 elapsed=124s
2026-09-22 08:08:19 | INFO | step=3100 loss=4.8414 lr=6.20e-05 elapsed=127s
2026-09-22 08:08:22 | INFO | step=3200 loss=3.6116 lr=6.40e-05 elapsed=129s
2026-09-22 08:08:25 | INFO | step=3300 loss=3.6782 lr=6.60e-05 elapsed=132s
2026-09-22 08:08:28 | INFO | step=3400 loss=4.0433 lr=6.80e-05 elapsed=135s
2026-09-22 08:08:30 | INFO | step=3500 loss=3.9640 lr=7.00e-05 elapsed=138s
2026-09-22 08:08:33 | INFO | step=3600 loss=3.5872 lr=7.20e-05 elapsed=141s
2026-09-22 08:08:36 | INFO | step=3700 loss=3.1868 lr=7.40e-05 elapsed=144s
2026-09-22 08:08:39 | INFO | step=3800 loss=2.9232 lr=7.60e-05 elapsed=147s
2026-09-22 08:08:42 | INFO | step=3900 loss=3.2674 lr=7.80e-05 elapsed=149s
2026-09-22 08:08:45 | INFO | step=4000 loss=2.6723 lr=8.00e-05 elapsed=152s
2026-09-22 08:08:46 | INFO | [eval] step=4000 dev_loss=4.6871
2026-09-22 08:09:36 | INFO |   EM on dev subset (200 samples): 0.00%
2026-09-22 08:09:39 | INFO | step=4100 loss=2.5927 lr=8.00e-05 elapsed=206s
2026-09-22 08:09:41 | INFO | step=4200 loss=2.7724 lr=8.00e-05 elapsed=209s
2026-09-22 08:09:44 | INFO | step=4300 loss=3.0338 lr=8.00e-05 elapsed=212s
2026-09-22 08:09:47 | INFO | step=4400 loss=2.1263 lr=8.00e-05 elapsed=215s
2026-09-22 08:09:50 | INFO | step=4500 loss=2.0490 lr=8.00e-05 elapsed=218s
2026-09-22 08:09:53 | INFO | step=4600 loss=2.1704 lr=8.00e-05 elapsed=220s
2026-09-22 08:09:56 | INFO | step=4700 loss=2.3517 lr=8.00e-05 elapsed=223s
2026-09-22 08:09:58 | INFO | step=4800 loss=2.4554 lr=8.00e-05 elapsed=226s
2026-09-22 08:10:01 | INFO | step=4900 loss=1.9041 lr=8.00e-05 elapsed=229s
2026-09-22 08:10:04 | INFO | step=5000 loss=2.6258 lr=8.00e-05 elapsed=232s
2026-09-22 08:10:07 | INFO | step=5100 loss=2.2696 lr=8.00e-05 elapsed=234s
2026-09-22 08:10:10 | INFO | step=5200 loss=3.0261 lr=8.00e-05 elapsed=237s
2026-09-22 08:10:12 | INFO | step=5300 loss=2.4220 lr=8.00e-05 elapsed=240s
2026-09-22 08:10:15 | INFO | step=5400 loss=2.1075 lr=8.00e-05 elapsed=243s
2026-09-22 08:10:18 | INFO | step=5500 loss=2.1997 lr=8.00e-05 elapsed=246s
2026-09-22 08:10:21 | INFO | step=5600 loss=1.6733 lr=8.00e-05 elapsed=249s
2026-09-22 08:10:24 | INFO | step=5700 loss=2.5773 lr=8.00e-05 elapsed=251s
2026-09-22 08:10:27 | INFO | step=5800 loss=2.1422 lr=8.00e-05 elapsed=254s
2026-09-22 08:10:29 | INFO | step=5900 loss=2.1771 lr=8.00e-05 elapsed=257s
2026-09-22 08:10:32 | INFO | step=6000 loss=2.7543 lr=8.00e-05 elapsed=260s
2026-09-22 08:10:34 | INFO | [eval] step=6000 dev_loss=4.1945
2026-09-22 08:11:12 | INFO |   EM on dev subset (200 samples): 0.00%
2026-09-22 08:11:15 | INFO | step=6100 loss=1.9687 lr=8.00e-05 elapsed=303s
2026-09-22 08:11:18 | INFO | step=6200 loss=1.5565 lr=8.00e-05 elapsed=305s
2026-09-22 08:11:21 | INFO | step=6300 loss=1.0677 lr=8.00e-05 elapsed=308s
2026-09-22 08:11:24 | INFO | step=6400 loss=2.6941 lr=8.00e-05 elapsed=311s
2026-09-22 08:11:26 | INFO | step=6500 loss=1.9568 lr=8.00e-05 elapsed=314s
2026-09-22 08:11:29 | INFO | step=6600 loss=1.0731 lr=8.00e-05 elapsed=317s
2026-09-22 08:11:32 | INFO | step=6700 loss=1.8937 lr=8.00e-05 elapsed=320s
2026-09-22 08:11:35 | INFO | step=6800 loss=1.5803 lr=8.00e-05 elapsed=323s
2026-09-22 08:11:38 | INFO | step=6900 loss=1.6359 lr=8.00e-05 elapsed=325s
2026-09-22 08:11:41 | INFO | step=7000 loss=2.1448 lr=8.00e-05 elapsed=328s
2026-09-22 08:11:44 | INFO | step=7100 loss=1.1280 lr=8.00e-05 elapsed=331s
2026-09-22 08:11:47 | INFO | step=7200 loss=1.8139 lr=8.00e-05 elapsed=334s
2026-09-22 08:11:49 | INFO | step=7300 loss=1.5124 lr=8.00e-05 elapsed=337s
2026-09-22 08:11:52 | INFO | step=7400 loss=2.5932 lr=8.00e-05 elapsed=340s
2026-09-22 08:11:55 | INFO | step=7500 loss=2.2028 lr=8.00e-05 elapsed=343s
2026-09-22 08:11:58 | INFO | step=7600 loss=1.8242 lr=8.00e-05 elapsed=346s
2026-09-22 08:12:01 | INFO | step=7700 loss=1.4604 lr=8.00e-05 elapsed=348s
2026-09-22 08:12:04 | INFO | step=7800 loss=1.4297 lr=8.00e-05 elapsed=351s
2026-09-22 08:12:06 | INFO | step=7900 loss=1.3369 lr=8.00e-05 elapsed=354s
2026-09-22 08:12:09 | INFO | step=8000 loss=1.1071 lr=8.00e-05 elapsed=357s
2026-09-22 08:12:11 | INFO | [eval] step=8000 dev_loss=4.1921
2026-09-22 08:12:17 | INFO |   EM on dev subset (200 samples): 0.00%
2026-09-22 08:12:20 | INFO | step=8100 loss=1.4190 lr=8.00e-05 elapsed=368s
2026-09-22 08:12:23 | INFO | step=8200 loss=1.4850 lr=8.00e-05 elapsed=370s
2026-09-22 08:12:26 | INFO | step=8300 loss=1.6775 lr=8.00e-05 elapsed=373s
2026-09-22 08:12:29 | INFO | step=8400 loss=1.5326 lr=8.00e-05 elapsed=376s
2026-09-22 08:12:31 | INFO | step=8500 loss=2.0048 lr=8.00e-05 elapsed=379s
2026-09-22 08:12:34 | INFO | step=8600 loss=1.0436 lr=8.00e-05 elapsed=382s
2026-09-22 08:12:37 | INFO | step=8700 loss=1.9064 lr=8.00e-05 elapsed=384s
2026-09-22 08:12:40 | INFO | step=8800 loss=1.5575 lr=7.99e-05 elapsed=387s
2026-09-22 08:12:43 | INFO | step=8900 loss=1.5639 lr=7.99e-05 elapsed=390s
2026-09-22 08:12:45 | INFO | step=9000 loss=1.1964 lr=7.99e-05 elapsed=393s
2026-09-22 08:12:48 | INFO | step=9100 loss=1.6383 lr=7.99e-05 elapsed=396s
2026-09-22 08:12:51 | INFO | step=9200 loss=1.1451 lr=7.99e-05 elapsed=399s
2026-09-22 08:12:54 | INFO | step=9300 loss=1.3258 lr=7.99e-05 elapsed=402s
2026-09-22 08:12:57 | INFO | step=9400 loss=1.3579 lr=7.99e-05 elapsed=404s
2026-09-22 08:13:00 | INFO | step=9500 loss=0.9154 lr=7.99e-05 elapsed=407s
2026-09-22 08:13:03 | INFO | step=9600 loss=1.4533 lr=7.99e-05 elapsed=410s
2026-09-22 08:13:05 | INFO | step=9700 loss=1.4242 lr=7.99e-05 elapsed=413s
2026-09-22 08:13:08 | INFO | step=9800 loss=1.0706 lr=7.99e-05 elapsed=416s
2026-09-22 08:13:11 | INFO | step=9900 loss=1.2275 lr=7.99e-05 elapsed=419s
2026-09-22 08:13:14 | INFO | step=10000 loss=1.4670 lr=7.99e-05 elapsed=422s
2026-09-22 08:13:16 | INFO | [eval] step=10000 dev_loss=4.2603
2026-09-22 08:13:28 | INFO |   EM on dev subset (200 samples): 0.00%
2026-09-22 08:13:31 | INFO | step=10100 loss=1.0574 lr=7.99e-05 elapsed=439s
2026-09-22 08:13:34 | INFO | step=10200 loss=1.4236 lr=7.99e-05 elapsed=442s
2026-09-22 08:13:37 | INFO | step=10300 loss=1.1319 lr=7.99e-05 elapsed=445s
2026-09-22 08:13:40 | INFO | step=10400 loss=1.5327 lr=7.99e-05 elapsed=447s
2026-09-22 08:13:43 | INFO | step=10500 loss=1.1428 lr=7.99e-05 elapsed=450s
2026-09-22 08:13:46 | INFO | step=10600 loss=1.3115 lr=7.99e-05 elapsed=453s
2026-09-22 08:13:49 | INFO | step=10700 loss=1.0680 lr=7.99e-05 elapsed=456s
2026-09-22 08:13:51 | INFO | step=10800 loss=1.4747 lr=7.99e-05 elapsed=459s
2026-09-22 08:13:54 | INFO | step=10900 loss=1.1863 lr=7.99e-05 elapsed=462s
2026-09-22 08:13:57 | INFO | step=11000 loss=1.0748 lr=7.99e-05 elapsed=464s
2026-09-22 08:14:00 | INFO | step=11100 loss=1.1837 lr=7.99e-05 elapsed=467s
2026-09-22 08:14:03 | INFO | step=11200 loss=1.3604 lr=7.99e-05 elapsed=470s
2026-09-22 08:14:06 | INFO | step=11300 loss=1.4058 lr=7.99e-05 elapsed=473s
2026-09-22 08:14:08 | INFO | step=11400 loss=0.9436 lr=7.99e-05 elapsed=476s
2026-09-22 08:14:11 | INFO | step=11500 loss=0.7086 lr=7.99e-05 elapsed=479s
2026-09-22 08:14:14 | INFO | step=11600 loss=0.6654 lr=7.99e-05 elapsed=482s
2026-09-22 08:14:17 | INFO | step=11700 loss=1.2548 lr=7.99e-05 elapsed=485s
2026-09-22 08:14:20 | INFO | step=11800 loss=1.1613 lr=7.99e-05 elapsed=487s
2026-09-22 08:14:23 | INFO | step=11900 loss=1.1328 lr=7.99e-05 elapsed=490s
2026-09-22 08:14:26 | INFO | step=12000 loss=0.9989 lr=7.99e-05 elapsed=493s
2026-09-22 08:14:27 | INFO | [eval] step=12000 dev_loss=4.3376
2026-09-22 08:14:35 | INFO |   EM on dev subset (200 samples): 0.00%
2026-09-22 08:14:38 | INFO | step=12100 loss=1.4808 lr=7.99e-05 elapsed=506s
2026-09-22 08:14:41 | INFO | step=12200 loss=1.1305 lr=7.98e-05 elapsed=508s
2026-09-22 08:14:44 | INFO | step=12300 loss=0.8026 lr=7.98e-05 elapsed=511s
2026-09-22 08:14:47 | INFO | step=12400 loss=0.9389 lr=7.98e-05 elapsed=514s
2026-09-22 08:14:49 | INFO | step=12500 loss=1.0024 lr=7.98e-05 elapsed=517s
2026-09-22 08:14:52 | INFO | step=12600 loss=0.7288 lr=7.98e-05 elapsed=520s
2026-09-22 08:14:55 | INFO | step=12700 loss=0.8996 lr=7.98e-05 elapsed=523s
2026-09-22 08:14:58 | INFO | step=12800 loss=0.8498 lr=7.98e-05 elapsed=526s
2026-09-22 08:15:01 | INFO | step=12900 loss=1.2614 lr=7.98e-05 elapsed=528s
2026-09-22 08:15:04 | INFO | step=13000 loss=1.2225 lr=7.98e-05 elapsed=531s
2026-09-22 08:15:06 | INFO | step=13100 loss=0.7999 lr=7.98e-05 elapsed=534s
2026-09-22 08:15:09 | INFO | step=13200 loss=1.0287 lr=7.98e-05 elapsed=537s
2026-09-22 08:15:12 | INFO | step=13300 loss=0.9473 lr=7.98e-05 elapsed=540s
2026-09-22 08:15:15 | INFO | step=13400 loss=0.8106 lr=7.98e-05 elapsed=543s
2026-09-22 08:15:18 | INFO | step=13500 loss=1.0280 lr=7.98e-05 elapsed=545s
2026-09-22 08:15:21 | INFO | step=13600 loss=1.2926 lr=7.98e-05 elapsed=548s
2026-09-22 08:15:24 | INFO | step=13700 loss=0.8624 lr=7.98e-05 elapsed=551s
2026-09-22 08:15:26 | INFO | step=13800 loss=1.1544 lr=7.98e-05 elapsed=554s
2026-09-22 08:15:29 | INFO | step=13900 loss=1.3308 lr=7.98e-05 elapsed=557s
2026-09-22 08:15:32 | INFO | step=14000 loss=1.2493 lr=7.98e-05 elapsed=560s
2026-09-22 08:15:34 | INFO | [eval] step=14000 dev_loss=4.4784
2026-09-22 08:15:42 | INFO |   EM on dev subset (200 samples): 0.00%
2026-09-22 08:15:45 | INFO | step=14100 loss=0.9333 lr=7.98e-05 elapsed=572s
2026-09-22 08:15:48 | INFO | step=14200 loss=0.8877 lr=7.98e-05 elapsed=575s
2026-09-22 08:15:50 | INFO | step=14300 loss=0.7376 lr=7.98e-05 elapsed=578s
2026-09-22 08:15:53 | INFO | step=14400 loss=1.2565 lr=7.98e-05 elapsed=581s
2026-09-22 08:15:56 | INFO | step=14500 loss=0.8764 lr=7.98e-05 elapsed=584s
2026-09-22 08:15:59 | INFO | step=14600 loss=0.8765 lr=7.97e-05 elapsed=587s
2026-09-22 08:16:02 | INFO | step=14700 loss=0.9526 lr=7.97e-05 elapsed=589s
2026-09-22 08:16:05 | INFO | step=14800 loss=0.9884 lr=7.97e-05 elapsed=592s
2026-09-22 08:16:08 | INFO | step=14900 loss=1.2725 lr=7.97e-05 elapsed=595s
2026-09-22 08:16:10 | INFO | step=15000 loss=0.8598 lr=7.97e-05 elapsed=598s
2026-09-22 08:16:13 | INFO | step=15100 loss=0.7674 lr=7.97e-05 elapsed=601s
2026-09-22 08:16:16 | INFO | step=15200 loss=1.1923 lr=7.97e-05 elapsed=604s
2026-09-22 08:16:19 | INFO | step=15300 loss=1.8625 lr=7.97e-05 elapsed=606s
2026-09-22 08:16:22 | INFO | step=15400 loss=1.0874 lr=7.97e-05 elapsed=609s
2026-09-22 08:16:24 | INFO | step=15500 loss=1.1378 lr=7.97e-05 elapsed=612s
2026-09-22 08:16:27 | INFO | step=15600 loss=0.8062 lr=7.97e-05 elapsed=615s
2026-09-22 08:16:30 | INFO | step=15700 loss=0.7828 lr=7.97e-05 elapsed=618s
2026-09-22 08:16:33 | INFO | step=15800 loss=1.2513 lr=7.97e-05 elapsed=621s
2026-09-22 08:16:36 | INFO | step=15900 loss=1.3098 lr=7.97e-05 elapsed=624s
2026-09-22 08:16:39 | INFO | step=16000 loss=1.0592 lr=7.97e-05 elapsed=626s
2026-09-22 08:16:40 | INFO | [eval] step=16000 dev_loss=4.5993
2026-09-22 08:16:55 | INFO |   EM on dev subset (200 samples): 0.00%
2026-09-22 08:16:58 | INFO | step=16100 loss=0.7031 lr=7.97e-05 elapsed=645s
2026-09-22 08:17:01 | INFO | step=16200 loss=0.9028 lr=7.97e-05 elapsed=648s
2026-09-22 08:17:03 | INFO | step=16300 loss=0.9966 lr=7.97e-05 elapsed=651s
2026-09-22 08:17:06 | INFO | step=16400 loss=0.7721 lr=7.97e-05 elapsed=654s
2026-09-22 08:17:09 | INFO | step=16500 loss=1.2361 lr=7.96e-05 elapsed=657s
2026-09-22 08:17:12 | INFO | step=16600 loss=0.6498 lr=7.96e-05 elapsed=660s
2026-09-22 08:17:15 | INFO | step=16700 loss=0.8847 lr=7.96e-05 elapsed=663s
2026-09-22 08:17:18 | INFO | step=16800 loss=0.8731 lr=7.96e-05 elapsed=665s
2026-09-22 08:17:21 | INFO | step=16900 loss=0.6609 lr=7.96e-05 elapsed=668s
2026-09-22 08:17:24 | INFO | step=17000 loss=0.8159 lr=7.96e-05 elapsed=671s
2026-09-22 08:17:26 | INFO | step=17100 loss=0.8608 lr=7.96e-05 elapsed=674s
2026-09-22 08:17:29 | INFO | step=17200 loss=0.6723 lr=7.96e-05 elapsed=677s
2026-09-22 08:17:32 | INFO | step=17300 loss=0.7310 lr=7.96e-05 elapsed=680s
2026-09-22 08:17:35 | INFO | step=17400 loss=0.9678 lr=7.96e-05 elapsed=682s
2026-09-22 08:17:38 | INFO | step=17500 loss=0.7753 lr=7.96e-05 elapsed=685s
2026-09-22 08:17:41 | INFO | step=17600 loss=0.5966 lr=7.96e-05 elapsed=688s
2026-09-22 08:17:44 | INFO | step=17700 loss=0.6647 lr=7.96e-05 elapsed=691s
2026-09-22 08:17:46 | INFO | step=17800 loss=1.0608 lr=7.96e-05 elapsed=694s
2026-09-22 08:17:49 | INFO | step=17900 loss=0.5555 lr=7.96e-05 elapsed=697s
2026-09-22 08:17:52 | INFO | step=18000 loss=1.3085 lr=7.96e-05 elapsed=700s
2026-09-22 08:17:54 | INFO | [eval] step=18000 dev_loss=4.6278
2026-09-22 08:18:02 | INFO |   EM on dev subset (200 samples): 0.00%
2026-09-22 08:18:05 | INFO | step=18100 loss=1.0873 lr=7.96e-05 elapsed=713s
2026-09-22 08:18:08 | INFO | step=18200 loss=0.6692 lr=7.95e-05 elapsed=716s
2026-09-22 08:18:11 | INFO | step=18300 loss=0.7414 lr=7.95e-05 elapsed=719s
2026-09-22 08:18:14 | INFO | step=18400 loss=0.6872 lr=7.95e-05 elapsed=722s
2026-09-22 08:18:17 | INFO | step=18500 loss=0.4249 lr=7.95e-05 elapsed=724s
2026-09-22 08:18:20 | INFO | step=18600 loss=0.7922 lr=7.95e-05 elapsed=727s
2026-09-22 08:18:23 | INFO | step=18700 loss=0.8601 lr=7.95e-05 elapsed=730s
2026-09-22 08:18:25 | INFO | step=18800 loss=1.0356 lr=7.95e-05 elapsed=733s
2026-09-22 08:18:28 | INFO | step=18900 loss=0.8508 lr=7.95e-05 elapsed=736s
2026-09-22 08:18:31 | INFO | step=19000 loss=0.7559 lr=7.95e-05 elapsed=739s
2026-09-22 08:18:34 | INFO | step=19100 loss=0.9235 lr=7.95e-05 elapsed=741s
2026-09-22 08:18:37 | INFO | step=19200 loss=0.8280 lr=7.95e-05 elapsed=744s
2026-09-22 08:18:40 | INFO | step=19300 loss=0.9683 lr=7.95e-05 elapsed=747s
2026-09-22 08:18:43 | INFO | step=19400 loss=0.8036 lr=7.95e-05 elapsed=750s
2026-09-22 08:18:45 | INFO | step=19500 loss=0.7601 lr=7.95e-05 elapsed=753s
2026-09-22 08:18:48 | INFO | step=19600 loss=0.4708 lr=7.95e-05 elapsed=756s
2026-09-22 08:18:51 | INFO | step=19700 loss=0.6230 lr=7.94e-05 elapsed=759s
2026-09-22 08:18:54 | INFO | step=19800 loss=0.4630 lr=7.94e-05 elapsed=762s
2026-09-22 08:18:57 | INFO | step=19900 loss=0.6229 lr=7.94e-05 elapsed=764s
2026-09-22 08:19:00 | INFO | step=20000 loss=0.8741 lr=7.94e-05 elapsed=767s
2026-09-22 08:19:01 | INFO | [eval] step=20000 dev_loss=4.8330
2026-09-22 08:19:10 | INFO |   EM on dev subset (200 samples): 0.00%
2026-09-22 08:19:18 | INFO | step=20100 loss=0.8197 lr=7.94e-05 elapsed=785s
2026-09-22 08:19:20 | INFO | step=20200 loss=0.5054 lr=7.94e-05 elapsed=788s
2026-09-22 08:19:23 | INFO | step=20300 loss=0.4160 lr=7.94e-05 elapsed=791s
2026-09-22 08:19:26 | INFO | step=20400 loss=0.5961 lr=7.94e-05 elapsed=794s
2026-09-22 08:19:29 | INFO | step=20500 loss=0.7727 lr=7.94e-05 elapsed=797s
2026-09-22 08:19:32 | INFO | step=20600 loss=0.6913 lr=7.94e-05 elapsed=799s
2026-09-22 08:19:35 | INFO | step=20700 loss=0.4512 lr=7.94e-05 elapsed=802s
2026-09-22 08:19:37 | INFO | step=20800 loss=0.7884 lr=7.94e-05 elapsed=805s
2026-09-22 08:19:40 | INFO | step=20900 loss=0.8229 lr=7.94e-05 elapsed=808s
2026-09-22 08:19:43 | INFO | step=21000 loss=0.4452 lr=7.94e-05 elapsed=811s
2026-09-22 08:19:46 | INFO | step=21100 loss=0.3030 lr=7.93e-05 elapsed=814s
2026-09-22 08:19:49 | INFO | step=21200 loss=0.5665 lr=7.93e-05 elapsed=817s
2026-09-22 08:19:52 | INFO | step=21300 loss=0.7284 lr=7.93e-05 elapsed=819s
2026-09-22 08:19:55 | INFO | step=21400 loss=0.3344 lr=7.93e-05 elapsed=822s
2026-09-22 08:19:58 | INFO | step=21500 loss=0.7946 lr=7.93e-05 elapsed=825s
2026-09-22 08:20:00 | INFO | step=21600 loss=0.7685 lr=7.93e-05 elapsed=828s
2026-09-22 08:20:03 | INFO | step=21700 loss=0.6029 lr=7.93e-05 elapsed=831s
2026-09-22 08:20:06 | INFO | step=21800 loss=0.9183 lr=7.93e-05 elapsed=834s
2026-09-22 08:20:09 | INFO | step=21900 loss=0.5834 lr=7.93e-05 elapsed=837s
2026-09-22 08:20:12 | INFO | step=22000 loss=0.5251 lr=7.93e-05 elapsed=840s
2026-09-22 08:20:14 | INFO | [eval] step=22000 dev_loss=4.9168
2026-09-22 08:20:22 | INFO |   EM on dev subset (200 samples): 0.00%
2026-09-22 08:20:25 | INFO | step=22100 loss=0.9813 lr=7.93e-05 elapsed=852s
2026-09-22 08:20:28 | INFO | step=22200 loss=0.4154 lr=7.93e-05 elapsed=855s
2026-09-22 08:20:30 | INFO | step=22300 loss=0.6960 lr=7.92e-05 elapsed=858s
2026-09-22 08:20:33 | INFO | step=22400 loss=0.8063 lr=7.92e-05 elapsed=861s
2026-09-22 08:20:36 | INFO | step=22500 loss=0.6619 lr=7.92e-05 elapsed=864s
2026-09-22 08:20:39 | INFO | step=22600 loss=0.4278 lr=7.92e-05 elapsed=867s
2026-09-22 08:20:42 | INFO | step=22700 loss=0.9683 lr=7.92e-05 elapsed=869s
2026-09-22 08:20:45 | INFO | step=22800 loss=0.2782 lr=7.92e-05 elapsed=872s
2026-09-22 08:20:48 | INFO | step=22900 loss=0.6989 lr=7.92e-05 elapsed=875s
2026-09-22 08:20:50 | INFO | step=23000 loss=0.3994 lr=7.92e-05 elapsed=878s
2026-09-22 08:20:53 | INFO | step=23100 loss=0.5280 lr=7.92e-05 elapsed=881s
2026-09-22 08:20:56 | INFO | step=23200 loss=0.5955 lr=7.92e-05 elapsed=884s
2026-09-22 08:20:59 | INFO | step=23300 loss=0.6515 lr=7.92e-05 elapsed=886s
2026-09-22 08:21:02 | INFO | step=23400 loss=0.8523 lr=7.92e-05 elapsed=889s
2026-09-22 08:21:05 | INFO | step=23500 loss=0.9090 lr=7.91e-05 elapsed=892s
2026-09-22 08:21:07 | INFO | step=23600 loss=0.5445 lr=7.91e-05 elapsed=895s
2026-09-22 08:21:10 | INFO | step=23700 loss=0.6581 lr=7.91e-05 elapsed=898s
2026-09-22 08:21:13 | INFO | step=23800 loss=0.6460 lr=7.91e-05 elapsed=901s
2026-09-22 08:21:16 | INFO | step=23900 loss=0.9050 lr=7.91e-05 elapsed=903s
2026-09-22 08:21:19 | INFO | step=24000 loss=0.7003 lr=7.91e-05 elapsed=906s
2026-09-22 08:21:20 | INFO | [eval] step=24000 dev_loss=4.9352
2026-09-22 08:21:32 | INFO |   EM on dev subset (200 samples): 0.00%
2026-09-22 08:21:34 | INFO | step=24100 loss=1.0398 lr=7.91e-05 elapsed=922s
2026-09-22 08:21:37 | INFO | step=24200 loss=0.4816 lr=7.91e-05 elapsed=925s
2026-09-22 08:21:40 | INFO | step=24300 loss=0.8359 lr=7.91e-05 elapsed=928s
2026-09-22 08:21:43 | INFO | step=24400 loss=0.4992 lr=7.91e-05 elapsed=931s
2026-09-22 08:21:46 | INFO | step=24500 loss=0.4592 lr=7.91e-05 elapsed=934s
2026-09-22 08:21:49 | INFO | step=24600 loss=0.6345 lr=7.90e-05 elapsed=936s
2026-09-22 08:21:52 | INFO | step=24700 loss=0.7136 lr=7.90e-05 elapsed=939s
2026-09-22 08:21:55 | INFO | step=24800 loss=0.6166 lr=7.90e-05 elapsed=942s
2026-09-22 08:21:58 | INFO | step=24900 loss=0.6206 lr=7.90e-05 elapsed=945s
2026-09-22 08:22:00 | INFO | step=25000 loss=0.6303 lr=7.90e-05 elapsed=948s
2026-09-22 08:22:03 | INFO | step=25100 loss=0.5291 lr=7.90e-05 elapsed=951s
2026-09-22 08:22:06 | INFO | step=25200 loss=0.4732 lr=7.90e-05 elapsed=954s
2026-09-22 08:22:09 | INFO | step=25300 loss=1.0049 lr=7.90e-05 elapsed=957s
2026-09-22 08:22:12 | INFO | step=25400 loss=0.5233 lr=7.90e-05 elapsed=959s
2026-09-22 08:22:15 | INFO | step=25500 loss=0.3331 lr=7.90e-05 elapsed=962s
2026-09-22 08:22:18 | INFO | step=25600 loss=0.3151 lr=7.90e-05 elapsed=965s
2026-09-22 08:22:21 | INFO | step=25700 loss=0.7527 lr=7.89e-05 elapsed=968s
2026-09-22 08:22:23 | INFO | step=25800 loss=0.4690 lr=7.89e-05 elapsed=971s
2026-09-22 08:22:26 | INFO | step=25900 loss=0.3930 lr=7.89e-05 elapsed=974s
2026-09-22 08:22:29 | INFO | step=26000 loss=0.4058 lr=7.89e-05 elapsed=977s
2026-09-22 08:22:31 | INFO | [eval] step=26000 dev_loss=5.0835
2026-09-22 08:22:40 | INFO |   EM on dev subset (200 samples): 0.00%
2026-09-22 08:22:43 | INFO | step=26100 loss=0.5204 lr=7.89e-05 elapsed=991s
2026-09-22 08:22:46 | INFO | step=26200 loss=0.5082 lr=7.89e-05 elapsed=993s
2026-09-22 08:22:49 | INFO | step=26300 loss=0.4340 lr=7.89e-05 elapsed=996s
2026-09-22 08:22:52 | INFO | step=26400 loss=0.2964 lr=7.89e-05 elapsed=999s
2026-09-22 08:22:54 | INFO | step=26500 loss=0.5682 lr=7.89e-05 elapsed=1002s
2026-09-22 08:22:57 | INFO | step=26600 loss=0.3951 lr=7.89e-05 elapsed=1005s
2026-09-22 08:23:00 | INFO | step=26700 loss=0.7884 lr=7.88e-05 elapsed=1008s
2026-09-22 08:23:03 | INFO | step=26800 loss=0.4622 lr=7.88e-05 elapsed=1011s
2026-09-22 08:23:06 | INFO | step=26900 loss=0.5871 lr=7.88e-05 elapsed=1013s
2026-09-22 08:23:09 | INFO | step=27000 loss=0.5109 lr=7.88e-05 elapsed=1016s
2026-09-22 08:23:12 | INFO | step=27100 loss=0.4637 lr=7.88e-05 elapsed=1019s
2026-09-22 08:23:14 | INFO | step=27200 loss=0.2322 lr=7.88e-05 elapsed=1022s
2026-09-22 08:23:17 | INFO | step=27300 loss=0.4151 lr=7.88e-05 elapsed=1025s
2026-09-22 08:23:20 | INFO | step=27400 loss=0.3651 lr=7.88e-05 elapsed=1028s
2026-09-22 08:23:23 | INFO | step=27500 loss=0.3981 lr=7.88e-05 elapsed=1030s
2026-09-22 08:23:26 | INFO | step=27600 loss=0.6494 lr=7.88e-05 elapsed=1033s
2026-09-22 08:23:29 | INFO | step=27700 loss=0.6643 lr=7.87e-05 elapsed=1036s
2026-09-22 08:23:31 | INFO | step=27800 loss=0.7093 lr=7.87e-05 elapsed=1039s
2026-09-22 08:23:34 | INFO | step=27900 loss=0.3800 lr=7.87e-05 elapsed=1042s
2026-09-22 08:23:37 | INFO | step=28000 loss=0.4953 lr=7.87e-05 elapsed=1045s
2026-09-22 08:23:39 | INFO | [eval] step=28000 dev_loss=5.0544
2026-09-22 08:23:49 | INFO |   EM on dev subset (200 samples): 0.00%
2026-09-22 08:23:52 | INFO | step=28100 loss=0.3780 lr=7.87e-05 elapsed=1059s
2026-09-22 08:23:55 | INFO | step=28200 loss=0.5030 lr=7.87e-05 elapsed=1062s
2026-09-22 08:23:58 | INFO | step=28300 loss=0.4343 lr=7.87e-05 elapsed=1065s
2026-09-22 08:24:00 | INFO | step=28400 loss=0.2980 lr=7.87e-05 elapsed=1068s
2026-09-22 08:24:03 | INFO | step=28500 loss=0.6040 lr=7.87e-05 elapsed=1071s
2026-09-22 08:24:06 | INFO | step=28600 loss=0.9806 lr=7.86e-05 elapsed=1074s
2026-09-22 08:24:09 | INFO | step=28700 loss=0.4526 lr=7.86e-05 elapsed=1077s
2026-09-22 08:24:12 | INFO | step=28800 loss=0.2843 lr=7.86e-05 elapsed=1079s
2026-09-22 08:24:15 | INFO | step=28900 loss=0.8073 lr=7.86e-05 elapsed=1082s
2026-09-22 08:24:18 | INFO | step=29000 loss=0.4583 lr=7.86e-05 elapsed=1085s
2026-09-22 08:24:20 | INFO | step=29100 loss=0.2779 lr=7.86e-05 elapsed=1088s
2026-09-22 08:24:23 | INFO | step=29200 loss=0.6375 lr=7.86e-05 elapsed=1091s
2026-09-22 08:24:26 | INFO | step=29300 loss=0.3974 lr=7.86e-05 elapsed=1094s
2026-09-22 08:24:29 | INFO | step=29400 loss=0.4423 lr=7.86e-05 elapsed=1097s
2026-09-22 08:24:32 | INFO | step=29500 loss=0.2286 lr=7.85e-05 elapsed=1099s
2026-09-22 08:24:35 | INFO | step=29600 loss=0.3286 lr=7.85e-05 elapsed=1102s
2026-09-22 08:24:37 | INFO | step=29700 loss=0.3718 lr=7.85e-05 elapsed=1105s
2026-09-22 08:24:40 | INFO | step=29800 loss=0.2989 lr=7.85e-05 elapsed=1108s
2026-09-22 08:24:43 | INFO | step=29900 loss=0.3696 lr=7.85e-05 elapsed=1111s
2026-09-22 08:24:46 | INFO | step=30000 loss=0.5256 lr=7.85e-05 elapsed=1113s
2026-09-22 08:24:47 | INFO | [eval] step=30000 dev_loss=5.2294
2026-09-22 08:24:59 | INFO |   EM on dev subset (200 samples): 0.00%
2026-09-22 08:25:02 | INFO | step=30100 loss=0.5290 lr=7.85e-05 elapsed=1129s
2026-09-22 08:25:05 | INFO | step=30200 loss=0.2805 lr=7.85e-05 elapsed=1132s
2026-09-22 08:25:07 | INFO | step=30300 loss=0.3037 lr=7.85e-05 elapsed=1135s
2026-09-22 08:25:10 | INFO | step=30400 loss=0.6628 lr=7.84e-05 elapsed=1138s
2026-09-22 08:25:13 | INFO | step=30500 loss=0.3568 lr=7.84e-05 elapsed=1141s
2026-09-22 08:25:16 | INFO | step=30600 loss=0.4039 lr=7.84e-05 elapsed=1143s
2026-09-22 08:25:19 | INFO | step=30700 loss=0.2957 lr=7.84e-05 elapsed=1146s
2026-09-22 08:25:22 | INFO | step=30800 loss=0.4050 lr=7.84e-05 elapsed=1149s
2026-09-22 08:25:24 | INFO | step=30900 loss=0.4651 lr=7.84e-05 elapsed=1152s
2026-09-22 08:25:27 | INFO | step=31000 loss=0.3602 lr=7.84e-05 elapsed=1155s
2026-09-22 08:25:30 | INFO | step=31100 loss=0.4497 lr=7.84e-05 elapsed=1158s
2026-09-22 08:25:33 | INFO | step=31200 loss=0.2599 lr=7.83e-05 elapsed=1161s
2026-09-22 08:25:36 | INFO | step=31300 loss=0.3857 lr=7.83e-05 elapsed=1163s
2026-09-22 08:25:39 | INFO | step=31400 loss=0.3356 lr=7.83e-05 elapsed=1166s
2026-09-22 08:25:42 | INFO | step=31500 loss=0.7016 lr=7.83e-05 elapsed=1169s
2026-09-22 08:25:45 | INFO | step=31600 loss=0.4888 lr=7.83e-05 elapsed=1172s
2026-09-22 08:25:48 | INFO | step=31700 loss=0.2552 lr=7.83e-05 elapsed=1175s
2026-09-22 08:25:50 | INFO | step=31800 loss=0.4205 lr=7.83e-05 elapsed=1178s
2026-09-22 08:25:53 | INFO | step=31900 loss=0.4047 lr=7.83e-05 elapsed=1181s
2026-09-22 08:25:56 | INFO | step=32000 loss=0.9160 lr=7.82e-05 elapsed=1184s
2026-09-22 08:25:58 | INFO | [eval] step=32000 dev_loss=5.2195
2026-09-22 08:26:07 | INFO |   EM on dev subset (200 samples): 0.00%
2026-09-22 08:26:10 | INFO | step=32100 loss=0.5671 lr=7.82e-05 elapsed=1198s
2026-09-22 08:26:13 | INFO | step=32200 loss=0.3320 lr=7.82e-05 elapsed=1200s
2026-09-22 08:26:16 | INFO | step=32300 loss=0.4286 lr=7.82e-05 elapsed=1203s
2026-09-22 08:26:19 | INFO | step=32400 loss=0.1907 lr=7.82e-05 elapsed=1206s
2026-09-22 08:26:21 | INFO | step=32500 loss=0.8248 lr=7.82e-05 elapsed=1209s
2026-09-22 08:26:24 | INFO | step=32600 loss=0.2366 lr=7.82e-05 elapsed=1212s
2026-09-22 08:26:27 | INFO | step=32700 loss=0.4018 lr=7.82e-05 elapsed=1215s
2026-09-22 08:26:30 | INFO | step=32800 loss=0.3904 lr=7.81e-05 elapsed=1218s
2026-09-22 08:26:33 | INFO | step=32900 loss=0.4114 lr=7.81e-05 elapsed=1221s
2026-09-22 08:26:36 | INFO | step=33000 loss=0.2617 lr=7.81e-05 elapsed=1223s
2026-09-22 08:26:38 | INFO | step=33100 loss=0.5286 lr=7.81e-05 elapsed=1226s
2026-09-22 08:26:41 | INFO | step=33200 loss=0.3492 lr=7.81e-05 elapsed=1229s
2026-09-22 08:26:44 | INFO | step=33300 loss=0.4007 lr=7.81e-05 elapsed=1232s
2026-09-22 08:26:47 | INFO | step=33400 loss=0.2725 lr=7.81e-05 elapsed=1235s
2026-09-22 08:26:50 | INFO | step=33500 loss=0.4510 lr=7.81e-05 elapsed=1237s
2026-09-22 08:26:53 | INFO | step=33600 loss=0.5511 lr=7.80e-05 elapsed=1240s
2026-09-22 08:26:56 | INFO | step=33700 loss=0.2787 lr=7.80e-05 elapsed=1243s
2026-09-22 08:26:58 | INFO | step=33800 loss=0.6958 lr=7.80e-05 elapsed=1246s
2026-09-22 08:27:01 | INFO | step=33900 loss=0.2764 lr=7.80e-05 elapsed=1249s
2026-09-22 08:27:04 | INFO | step=34000 loss=0.4398 lr=7.80e-05 elapsed=1252s
2026-09-22 08:27:06 | INFO | [eval] step=34000 dev_loss=5.2992
2026-09-22 08:27:19 | INFO |   EM on dev subset (200 samples): 0.00%
2026-09-22 08:27:22 | INFO | step=34100 loss=0.5833 lr=7.80e-05 elapsed=1270s
2026-09-22 08:27:25 | INFO | step=34200 loss=0.2926 lr=7.80e-05 elapsed=1273s
2026-09-22 08:27:28 | INFO | step=34300 loss=0.3096 lr=7.79e-05 elapsed=1276s
2026-09-22 08:27:31 | INFO | step=34400 loss=0.3007 lr=7.79e-05 elapsed=1279s
2026-09-22 08:27:34 | INFO | step=34500 loss=0.3060 lr=7.79e-05 elapsed=1281s
2026-09-22 08:27:37 | INFO | step=34600 loss=0.2326 lr=7.79e-05 elapsed=1284s
2026-09-22 08:27:40 | INFO | step=34700 loss=0.3302 lr=7.79e-05 elapsed=1287s
2026-09-22 08:27:42 | INFO | step=34800 loss=0.4575 lr=7.79e-05 elapsed=1290s
2026-09-22 08:27:45 | INFO | step=34900 loss=0.2175 lr=7.79e-05 elapsed=1293s
2026-09-22 08:27:48 | INFO | step=35000 loss=0.1965 lr=7.79e-05 elapsed=1296s
2026-09-22 08:27:51 | INFO | step=35100 loss=0.2883 lr=7.78e-05 elapsed=1299s
2026-09-22 08:27:54 | INFO | step=35200 loss=0.2976 lr=7.78e-05 elapsed=1301s
2026-09-22 08:27:57 | INFO | step=35300 loss=0.3426 lr=7.78e-05 elapsed=1304s
2026-09-22 08:28:00 | INFO | step=35400 loss=0.3940 lr=7.78e-05 elapsed=1307s
2026-09-22 08:28:03 | INFO | step=35500 loss=0.4383 lr=7.78e-05 elapsed=1310s
2026-09-22 08:28:05 | INFO | step=35600 loss=0.2661 lr=7.78e-05 elapsed=1313s
2026-09-22 08:28:08 | INFO | step=35700 loss=0.2716 lr=7.78e-05 elapsed=1316s
2026-09-22 08:28:11 | INFO | step=35800 loss=0.3844 lr=7.77e-05 elapsed=1319s
2026-09-22 08:28:14 | INFO | step=35900 loss=0.5318 lr=7.77e-05 elapsed=1321s
2026-09-22 08:28:17 | INFO | step=36000 loss=0.4927 lr=7.77e-05 elapsed=1324s
2026-09-22 08:28:18 | INFO | [eval] step=36000 dev_loss=5.3069
2026-09-22 08:28:28 | INFO |   EM on dev subset (200 samples): 0.00%
2026-09-22 08:28:31 | INFO | step=36100 loss=0.1538 lr=7.77e-05 elapsed=1339s
2026-09-22 08:28:34 | INFO | step=36200 loss=0.3703 lr=7.77e-05 elapsed=1342s
2026-09-22 08:28:37 | INFO | step=36300 loss=0.3272 lr=7.77e-05 elapsed=1345s
2026-09-22 08:28:40 | INFO | step=36400 loss=0.2128 lr=7.77e-05 elapsed=1347s
2026-09-22 08:28:43 | INFO | step=36500 loss=0.2972 lr=7.76e-05 elapsed=1350s
2026-09-22 08:28:46 | INFO | step=36600 loss=0.2094 lr=7.76e-05 elapsed=1353s
2026-09-22 08:28:49 | INFO | step=36700 loss=0.4792 lr=7.76e-05 elapsed=1356s
2026-09-22 08:28:51 | INFO | step=36800 loss=0.2687 lr=7.76e-05 elapsed=1359s
2026-09-22 08:28:54 | INFO | step=36900 loss=0.2856 lr=7.76e-05 elapsed=1362s
2026-09-22 08:28:57 | INFO | step=37000 loss=0.4496 lr=7.76e-05 elapsed=1365s
2026-09-22 08:29:00 | INFO | step=37100 loss=0.4580 lr=7.76e-05 elapsed=1367s
2026-09-22 08:29:03 | INFO | step=37200 loss=0.2385 lr=7.75e-05 elapsed=1370s
2026-09-22 08:29:06 | INFO | step=37300 loss=0.2334 lr=7.75e-05 elapsed=1373s
2026-09-22 08:29:09 | INFO | step=37400 loss=0.4596 lr=7.75e-05 elapsed=1376s
2026-09-22 08:29:11 | INFO | step=37500 loss=0.2458 lr=7.75e-05 elapsed=1379s
2026-09-22 08:29:14 | INFO | step=37600 loss=0.1620 lr=7.75e-05 elapsed=1382s
2026-09-22 08:29:17 | INFO | step=37700 loss=0.3228 lr=7.75e-05 elapsed=1385s
2026-09-22 08:29:20 | INFO | step=37800 loss=0.3498 lr=7.75e-05 elapsed=1388s
2026-09-22 08:29:23 | INFO | step=37900 loss=0.2790 lr=7.74e-05 elapsed=1391s
2026-09-22 08:29:26 | INFO | step=38000 loss=0.3859 lr=7.74e-05 elapsed=1393s
2026-09-22 08:29:27 | INFO | [eval] step=38000 dev_loss=5.4051
2026-09-22 08:29:38 | INFO |   EM on dev subset (200 samples): 0.00%
2026-09-22 08:29:41 | INFO | step=38100 loss=0.2170 lr=7.74e-05 elapsed=1408s
2026-09-22 08:29:43 | INFO | step=38200 loss=0.5674 lr=7.74e-05 elapsed=1411s
2026-09-22 08:29:46 | INFO | step=38300 loss=0.4380 lr=7.74e-05 elapsed=1414s
2026-09-22 08:29:49 | INFO | step=38400 loss=0.2354 lr=7.74e-05 elapsed=1417s
2026-09-22 08:29:52 | INFO | step=38500 loss=0.1433 lr=7.73e-05 elapsed=1420s
2026-09-22 08:29:55 | INFO | step=38600 loss=0.4018 lr=7.73e-05 elapsed=1422s
2026-09-22 08:29:58 | INFO | step=38700 loss=0.1490 lr=7.73e-05 elapsed=1425s
2026-09-22 08:30:01 | INFO | step=38800 loss=0.1873 lr=7.73e-05 elapsed=1428s
2026-09-22 08:30:03 | INFO | step=38900 loss=0.2735 lr=7.73e-05 elapsed=1431s
2026-09-22 08:30:06 | INFO | step=39000 loss=0.1756 lr=7.73e-05 elapsed=1434s
2026-09-22 08:30:09 | INFO | step=39100 loss=0.4074 lr=7.73e-05 elapsed=1437s
2026-09-22 08:30:12 | INFO | step=39200 loss=0.1797 lr=7.72e-05 elapsed=1440s
2026-09-22 08:30:15 | INFO | step=39300 loss=0.2542 lr=7.72e-05 elapsed=1443s
2026-09-22 08:30:18 | INFO | step=39400 loss=0.2388 lr=7.72e-05 elapsed=1445s
2026-09-22 08:30:21 | INFO | step=39500 loss=0.3540 lr=7.72e-05 elapsed=1448s
2026-09-22 08:30:24 | INFO | step=39600 loss=0.3904 lr=7.72e-05 elapsed=1451s
2026-09-22 08:30:26 | INFO | step=39700 loss=0.4440 lr=7.72e-05 elapsed=1454s
2026-09-22 08:30:29 | INFO | step=39800 loss=0.3389 lr=7.71e-05 elapsed=1457s
2026-09-22 08:30:32 | INFO | step=39900 loss=0.3531 lr=7.71e-05 elapsed=1460s
2026-09-22 08:30:35 | INFO | step=40000 loss=0.3551 lr=7.71e-05 elapsed=1463s
2026-09-22 08:30:37 | INFO | [eval] step=40000 dev_loss=5.4354
2026-09-22 08:30:46 | INFO |   EM on dev subset (200 samples): 0.00%
2026-09-22 08:30:54 | INFO | step=40100 loss=0.2225 lr=7.71e-05 elapsed=1481s
2026-09-22 08:30:56 | INFO | step=40200 loss=0.1452 lr=7.71e-05 elapsed=1484s
2026-09-22 08:30:59 | INFO | step=40300 loss=0.2394 lr=7.71e-05 elapsed=1487s
2026-09-22 08:31:02 | INFO | step=40400 loss=0.4369 lr=7.71e-05 elapsed=1490s
2026-09-22 08:31:05 | INFO | step=40500 loss=0.4467 lr=7.70e-05 elapsed=1493s
2026-09-22 08:31:08 | INFO | step=40600 loss=0.4595 lr=7.70e-05 elapsed=1496s
2026-09-22 08:31:11 | INFO | step=40700 loss=0.1895 lr=7.70e-05 elapsed=1498s
2026-09-22 08:31:14 | INFO | step=40800 loss=0.2010 lr=7.70e-05 elapsed=1501s
2026-09-22 08:31:16 | INFO | step=40900 loss=0.2607 lr=7.70e-05 elapsed=1504s
2026-09-22 08:31:19 | INFO | step=41000 loss=0.1481 lr=7.70e-05 elapsed=1507s
2026-09-22 08:31:22 | INFO | step=41100 loss=0.2480 lr=7.69e-05 elapsed=1510s
2026-09-22 08:31:25 | INFO | step=41200 loss=0.3238 lr=7.69e-05 elapsed=1513s
2026-09-22 08:31:28 | INFO | step=41300 loss=0.3880 lr=7.69e-05 elapsed=1515s
2026-09-22 08:31:31 | INFO | step=41400 loss=0.1783 lr=7.69e-05 elapsed=1518s
2026-09-22 08:31:34 | INFO | step=41500 loss=0.5814 lr=7.69e-05 elapsed=1521s
2026-09-22 08:31:36 | INFO | step=41600 loss=0.3558 lr=7.69e-05 elapsed=1524s
2026-09-22 08:31:39 | INFO | step=41700 loss=0.2107 lr=7.68e-05 elapsed=1527s
2026-09-22 08:31:42 | INFO | step=41800 loss=0.3230 lr=7.68e-05 elapsed=1530s
2026-09-22 08:31:45 | INFO | step=41900 loss=0.3814 lr=7.68e-05 elapsed=1532s
2026-09-22 08:31:48 | INFO | step=42000 loss=0.2751 lr=7.68e-05 elapsed=1535s
2026-09-22 08:31:49 | INFO | [eval] step=42000 dev_loss=5.4875
2026-09-22 08:32:01 | INFO |   EM on dev subset (200 samples): 0.00%
2026-09-22 08:32:04 | INFO | step=42100 loss=0.2224 lr=7.68e-05 elapsed=1552s
2026-09-22 08:32:07 | INFO | step=42200 loss=0.2664 lr=7.68e-05 elapsed=1554s
2026-09-22 08:32:10 | INFO | step=42300 loss=0.3497 lr=7.67e-05 elapsed=1557s
2026-09-22 08:32:13 | INFO | step=42400 loss=0.4292 lr=7.67e-05 elapsed=1560s
2026-09-22 08:32:15 | INFO | step=42500 loss=0.1266 lr=7.67e-05 elapsed=1563s
2026-09-22 08:32:18 | INFO | step=42600 loss=0.1880 lr=7.67e-05 elapsed=1566s
2026-09-22 08:32:21 | INFO | step=42700 loss=0.1514 lr=7.67e-05 elapsed=1569s
2026-09-22 08:32:24 | INFO | step=42800 loss=0.4497 lr=7.67e-05 elapsed=1572s
2026-09-22 08:32:27 | INFO | step=42900 loss=0.3936 lr=7.66e-05 elapsed=1574s
2026-09-22 08:32:30 | INFO | step=43000 loss=0.1317 lr=7.66e-05 elapsed=1577s
2026-09-22 08:32:33 | INFO | step=43100 loss=0.1857 lr=7.66e-05 elapsed=1580s
2026-09-22 08:32:36 | INFO | step=43200 loss=0.1746 lr=7.66e-05 elapsed=1583s
2026-09-22 08:32:38 | INFO | step=43300 loss=0.1118 lr=7.66e-05 elapsed=1586s
2026-09-22 08:32:41 | INFO | step=43400 loss=0.4317 lr=7.66e-05 elapsed=1589s
2026-09-22 08:32:44 | INFO | step=43500 loss=0.1836 lr=7.65e-05 elapsed=1592s
2026-09-22 08:32:47 | INFO | step=43600 loss=0.2005 lr=7.65e-05 elapsed=1594s
2026-09-22 08:32:50 | INFO | step=43700 loss=0.4753 lr=7.65e-05 elapsed=1597s
2026-09-22 08:32:53 | INFO | step=43800 loss=0.3973 lr=7.65e-05 elapsed=1600s
2026-09-22 08:32:55 | INFO | step=43900 loss=0.3352 lr=7.65e-05 elapsed=1603s
2026-09-22 08:32:58 | INFO | step=44000 loss=0.3287 lr=7.64e-05 elapsed=1606s
2026-09-22 08:33:00 | INFO | [eval] step=44000 dev_loss=5.4935
2026-09-22 08:33:11 | INFO |   EM on dev subset (200 samples): 0.00%
2026-09-22 08:33:14 | INFO | step=44100 loss=0.3259 lr=7.64e-05 elapsed=1622s
2026-09-22 08:33:17 | INFO | step=44200 loss=0.2487 lr=7.64e-05 elapsed=1625s
2026-09-22 08:33:20 | INFO | step=44300 loss=0.0753 lr=7.64e-05 elapsed=1627s
2026-09-22 08:33:23 | INFO | step=44400 loss=0.1434 lr=7.64e-05 elapsed=1630s
2026-09-22 08:33:26 | INFO | step=44500 loss=0.1167 lr=7.64e-05 elapsed=1633s
2026-09-22 08:33:28 | INFO | step=44600 loss=0.1968 lr=7.63e-05 elapsed=1636s
2026-09-22 08:33:31 | INFO | step=44700 loss=0.1626 lr=7.63e-05 elapsed=1639s
2026-09-22 08:33:34 | INFO | step=44800 loss=0.2544 lr=7.63e-05 elapsed=1642s
2026-09-22 08:33:37 | INFO | step=44900 loss=0.2407 lr=7.63e-05 elapsed=1645s
2026-09-22 08:33:40 | INFO | step=45000 loss=0.3053 lr=7.63e-05 elapsed=1647s
2026-09-22 08:33:43 | INFO | step=45100 loss=0.2666 lr=7.63e-05 elapsed=1650s
2026-09-22 08:33:46 | INFO | step=45200 loss=0.4180 lr=7.62e-05 elapsed=1653s
2026-09-22 08:33:49 | INFO | step=45300 loss=0.2781 lr=7.62e-05 elapsed=1656s
2026-09-22 08:33:51 | INFO | step=45400 loss=0.1190 lr=7.62e-05 elapsed=1659s
2026-09-22 08:33:54 | INFO | step=45500 loss=0.1506 lr=7.62e-05 elapsed=1662s
2026-09-22 08:33:57 | INFO | step=45600 loss=0.1866 lr=7.62e-05 elapsed=1665s
2026-09-22 08:34:00 | INFO | step=45700 loss=0.2185 lr=7.61e-05 elapsed=1668s
2026-09-22 08:34:03 | INFO | step=45800 loss=0.1456 lr=7.61e-05 elapsed=1670s
2026-09-22 08:34:06 | INFO | step=45900 loss=0.0902 lr=7.61e-05 elapsed=1673s
2026-09-22 08:34:09 | INFO | step=46000 loss=0.3300 lr=7.61e-05 elapsed=1676s
2026-09-22 08:34:10 | INFO | [eval] step=46000 dev_loss=5.4991
2026-09-22 08:34:22 | INFO |   EM on dev subset (200 samples): 0.00%
2026-09-22 08:34:25 | INFO | step=46100 loss=0.1164 lr=7.61e-05 elapsed=1692s
2026-09-22 08:34:28 | INFO | step=46200 loss=0.1713 lr=7.61e-05 elapsed=1695s
2026-09-22 08:34:31 | INFO | step=46300 loss=0.2137 lr=7.60e-05 elapsed=1698s
2026-09-22 08:34:33 | INFO | step=46400 loss=0.2516 lr=7.60e-05 elapsed=1701s
2026-09-22 08:34:36 | INFO | step=46500 loss=0.3012 lr=7.60e-05 elapsed=1704s
2026-09-22 08:34:39 | INFO | step=46600 loss=0.1236 lr=7.60e-05 elapsed=1707s
2026-09-22 08:34:42 | INFO | step=46700 loss=0.2463 lr=7.60e-05 elapsed=1710s
2026-09-22 08:34:45 | INFO | step=46800 loss=0.2368 lr=7.59e-05 elapsed=1713s
2026-09-22 08:34:48 | INFO | step=46900 loss=0.2397 lr=7.59e-05 elapsed=1715s
2026-09-22 08:34:51 | INFO | step=47000 loss=0.2719 lr=7.59e-05 elapsed=1718s
2026-09-22 08:34:54 | INFO | step=47100 loss=0.2541 lr=7.59e-05 elapsed=1721s
2026-09-22 08:34:57 | INFO | step=47200 loss=0.1587 lr=7.59e-05 elapsed=1724s
2026-09-22 08:34:59 | INFO | step=47300 loss=0.2400 lr=7.58e-05 elapsed=1727s
2026-09-22 08:35:02 | INFO | step=47400 loss=0.1669 lr=7.58e-05 elapsed=1730s
2026-09-22 08:35:05 | INFO | step=47500 loss=0.1670 lr=7.58e-05 elapsed=1733s
2026-09-22 08:35:08 | INFO | step=47600 loss=0.1731 lr=7.58e-05 elapsed=1736s
2026-09-22 08:35:11 | INFO | step=47700 loss=0.1932 lr=7.58e-05 elapsed=1739s
2026-09-22 08:35:14 | INFO | step=47800 loss=0.1516 lr=7.58e-05 elapsed=1741s
2026-09-22 08:35:17 | INFO | step=47900 loss=0.4566 lr=7.57e-05 elapsed=1744s
2026-09-22 08:35:20 | INFO | step=48000 loss=0.1553 lr=7.57e-05 elapsed=1747s
2026-09-22 08:35:21 | INFO | [eval] step=48000 dev_loss=5.5443
2026-09-22 08:35:31 | INFO |   EM on dev subset (200 samples): 0.00%
2026-09-22 08:35:34 | INFO | step=48100 loss=0.1538 lr=7.57e-05 elapsed=1761s
2026-09-22 08:35:37 | INFO | step=48200 loss=0.2558 lr=7.57e-05 elapsed=1764s
2026-09-22 08:35:39 | INFO | step=48300 loss=0.1815 lr=7.57e-05 elapsed=1767s
2026-09-22 08:35:42 | INFO | step=48400 loss=0.2021 lr=7.56e-05 elapsed=1770s
2026-09-22 08:35:45 | INFO | step=48500 loss=0.1976 lr=7.56e-05 elapsed=1773s
2026-09-22 08:35:48 | INFO | step=48600 loss=0.1182 lr=7.56e-05 elapsed=1775s
2026-09-22 08:35:51 | INFO | step=48700 loss=0.2919 lr=7.56e-05 elapsed=1778s
2026-09-22 08:35:54 | INFO | step=48800 loss=0.1331 lr=7.56e-05 elapsed=1781s
2026-09-22 08:35:56 | INFO | step=48900 loss=0.2660 lr=7.55e-05 elapsed=1784s
2026-09-22 08:35:59 | INFO | step=49000 loss=0.1271 lr=7.55e-05 elapsed=1787s
2026-09-22 08:36:02 | INFO | step=49100 loss=0.0959 lr=7.55e-05 elapsed=1790s
2026-09-22 08:36:05 | INFO | step=49200 loss=0.3527 lr=7.55e-05 elapsed=1793s
2026-09-22 08:36:08 | INFO | step=49300 loss=0.3479 lr=7.55e-05 elapsed=1795s
2026-09-22 08:36:11 | INFO | step=49400 loss=0.1438 lr=7.54e-05 elapsed=1798s
2026-09-22 08:36:14 | INFO | step=49500 loss=0.3334 lr=7.54e-05 elapsed=1801s
2026-09-22 08:36:16 | INFO | step=49600 loss=0.2344 lr=7.54e-05 elapsed=1804s
2026-09-22 08:36:19 | INFO | step=49700 loss=0.2115 lr=7.54e-05 elapsed=1807s
2026-09-22 08:36:22 | INFO | step=49800 loss=0.1027 lr=7.54e-05 elapsed=1810s
2026-09-22 08:36:25 | INFO | step=49900 loss=0.2471 lr=7.53e-05 elapsed=1813s
2026-09-22 08:36:28 | INFO | step=50000 loss=0.1428 lr=7.53e-05 elapsed=1815s
2026-09-22 08:36:29 | INFO | [eval] step=50000 dev_loss=5.6691
2026-09-22 08:36:41 | INFO |   EM on dev subset (200 samples): 0.00%
2026-09-22 08:36:44 | INFO | step=50100 loss=0.1356 lr=7.53e-05 elapsed=1832s
2026-09-22 08:36:47 | INFO | step=50200 loss=0.1903 lr=7.53e-05 elapsed=1835s
2026-09-22 08:36:50 | INFO | step=50300 loss=0.1644 lr=7.53e-05 elapsed=1838s
2026-09-22 08:36:53 | INFO | step=50400 loss=0.1339 lr=7.52e-05 elapsed=1841s
2026-09-22 08:36:56 | INFO | step=50500 loss=0.1413 lr=7.52e-05 elapsed=1843s
2026-09-22 08:36:59 | INFO | step=50600 loss=0.2955 lr=7.52e-05 elapsed=1846s
2026-09-22 08:37:02 | INFO | step=50700 loss=0.1244 lr=7.52e-05 elapsed=1849s
2026-09-22 08:37:04 | INFO | step=50800 loss=0.0976 lr=7.52e-05 elapsed=1852s
2026-09-22 08:37:07 | INFO | step=50900 loss=0.1284 lr=7.51e-05 elapsed=1855s
2026-09-22 08:37:10 | INFO | step=51000 loss=0.2109 lr=7.51e-05 elapsed=1858s
2026-09-22 08:37:13 | INFO | step=51100 loss=0.0938 lr=7.51e-05 elapsed=1861s
2026-09-22 08:37:16 | INFO | step=51200 loss=0.2158 lr=7.51e-05 elapsed=1863s
2026-09-22 08:37:19 | INFO | step=51300 loss=0.1107 lr=7.51e-05 elapsed=1866s
2026-09-22 08:37:21 | INFO | step=51400 loss=0.1486 lr=7.50e-05 elapsed=1869s
2026-09-22 08:37:24 | INFO | step=51500 loss=0.1279 lr=7.50e-05 elapsed=1872s
2026-09-22 08:37:27 | INFO | step=51600 loss=0.1267 lr=7.50e-05 elapsed=1875s
2026-09-22 08:37:30 | INFO | step=51700 loss=0.1999 lr=7.50e-05 elapsed=1878s
2026-09-22 08:37:33 | INFO | step=51800 loss=0.2713 lr=7.50e-05 elapsed=1881s
2026-09-22 08:37:36 | INFO | step=51900 loss=0.0847 lr=7.49e-05 elapsed=1883s
2026-09-22 08:37:39 | INFO | step=52000 loss=0.1569 lr=7.49e-05 elapsed=1886s
2026-09-22 08:37:40 | INFO | [eval] step=52000 dev_loss=5.7443
2026-09-22 08:37:53 | INFO |   EM on dev subset (200 samples): 0.00%
2026-09-22 08:37:56 | INFO | step=52100 loss=0.1486 lr=7.49e-05 elapsed=1904s
2026-09-22 08:37:59 | INFO | step=52200 loss=0.0207 lr=7.49e-05 elapsed=1907s
2026-09-22 08:38:02 | INFO | step=52300 loss=0.1013 lr=7.49e-05 elapsed=1910s
2026-09-22 08:38:05 | INFO | step=52400 loss=0.0574 lr=7.48e-05 elapsed=1913s
2026-09-22 08:38:08 | INFO | step=52500 loss=0.1932 lr=7.48e-05 elapsed=1915s
2026-09-22 08:38:11 | INFO | step=52600 loss=0.1760 lr=7.48e-05 elapsed=1918s
2026-09-22 08:38:14 | INFO | step=52700 loss=0.2133 lr=7.48e-05 elapsed=1921s
2026-09-22 08:38:17 | INFO | step=52800 loss=0.1202 lr=7.48e-05 elapsed=1924s
2026-09-22 08:38:19 | INFO | step=52900 loss=0.2041 lr=7.47e-05 elapsed=1927s
2026-09-22 08:38:22 | INFO | step=53000 loss=0.1974 lr=7.47e-05 elapsed=1930s
2026-09-22 08:38:25 | INFO | step=53100 loss=0.1091 lr=7.47e-05 elapsed=1933s
2026-09-22 08:38:28 | INFO | step=53200 loss=0.1406 lr=7.47e-05 elapsed=1936s
2026-09-22 08:38:31 | INFO | step=53300 loss=0.1486 lr=7.46e-05 elapsed=1938s
2026-09-22 08:38:34 | INFO | step=53400 loss=0.1158 lr=7.46e-05 elapsed=1941s
2026-09-22 08:38:37 | INFO | step=53500 loss=0.1063 lr=7.46e-05 elapsed=1944s
2026-09-22 08:38:39 | INFO | step=53600 loss=0.0716 lr=7.46e-05 elapsed=1947s
2026-09-22 08:38:42 | INFO | step=53700 loss=0.1223 lr=7.46e-05 elapsed=1950s
2026-09-22 08:38:45 | INFO | step=53800 loss=0.1562 lr=7.45e-05 elapsed=1953s
2026-09-22 08:38:48 | INFO | step=53900 loss=0.1273 lr=7.45e-05 elapsed=1955s
2026-09-22 08:38:51 | INFO | step=54000 loss=0.1262 lr=7.45e-05 elapsed=1958s
2026-09-22 08:38:52 | INFO | [eval] step=54000 dev_loss=5.7403
2026-09-22 08:39:03 | INFO |   EM on dev subset (200 samples): 0.00%
2026-09-22 08:39:06 | INFO | step=54100 loss=0.1332 lr=7.45e-05 elapsed=1973s
2026-09-22 08:39:09 | INFO | step=54200 loss=0.1168 lr=7.45e-05 elapsed=1976s
2026-09-22 08:39:12 | INFO | step=54300 loss=0.1031 lr=7.44e-05 elapsed=1979s
2026-09-22 08:39:14 | INFO | step=54400 loss=0.1666 lr=7.44e-05 elapsed=1982s
2026-09-22 08:39:17 | INFO | step=54500 loss=0.0958 lr=7.44e-05 elapsed=1985s
2026-09-22 08:39:20 | INFO | step=54600 loss=0.0594 lr=7.44e-05 elapsed=1988s
2026-09-22 08:39:23 | INFO | step=54700 loss=0.3565 lr=7.43e-05 elapsed=1991s
2026-09-22 08:39:26 | INFO | step=54800 loss=0.0996 lr=7.43e-05 elapsed=1994s
2026-09-22 08:39:29 | INFO | step=54900 loss=0.1821 lr=7.43e-05 elapsed=1996s
2026-09-22 08:39:32 | INFO | step=55000 loss=0.1467 lr=7.43e-05 elapsed=1999s
2026-09-22 08:39:34 | INFO | step=55100 loss=0.0827 lr=7.43e-05 elapsed=2002s
2026-09-22 08:39:37 | INFO | step=55200 loss=0.0723 lr=7.42e-05 elapsed=2005s
2026-09-22 08:39:40 | INFO | step=55300 loss=0.2257 lr=7.42e-05 elapsed=2008s
2026-09-22 08:39:43 | INFO | step=55400 loss=0.1510 lr=7.42e-05 elapsed=2011s
2026-09-22 08:39:46 | INFO | step=55500 loss=0.0671 lr=7.42e-05 elapsed=2013s
2026-09-22 08:39:49 | INFO | step=55600 loss=0.1267 lr=7.41e-05 elapsed=2016s
2026-09-22 08:39:52 | INFO | step=55700 loss=0.1824 lr=7.41e-05 elapsed=2019s
2026-09-22 08:39:54 | INFO | step=55800 loss=0.2023 lr=7.41e-05 elapsed=2022s
2026-09-22 08:39:57 | INFO | step=55900 loss=0.2424 lr=7.41e-05 elapsed=2025s
2026-09-22 08:40:00 | INFO | step=56000 loss=0.0853 lr=7.41e-05 elapsed=2028s
2026-09-22 08:40:02 | INFO | [eval] step=56000 dev_loss=5.7415
2026-09-22 08:40:12 | INFO |   EM on dev subset (200 samples): 0.00%
2026-09-22 08:40:15 | INFO | step=56100 loss=0.0644 lr=7.40e-05 elapsed=2043s
2026-09-22 08:40:18 | INFO | step=56200 loss=0.1149 lr=7.40e-05 elapsed=2046s
2026-09-22 08:40:21 | INFO | step=56300 loss=0.1126 lr=7.40e-05 elapsed=2049s
2026-09-22 08:40:24 | INFO | step=56400 loss=0.1768 lr=7.40e-05 elapsed=2052s
2026-09-22 08:40:27 | INFO | step=56500 loss=0.0633 lr=7.39e-05 elapsed=2054s
2026-09-22 08:40:30 | INFO | step=56600 loss=0.0604 lr=7.39e-05 elapsed=2057s
2026-09-22 08:40:33 | INFO | step=56700 loss=0.1546 lr=7.39e-05 elapsed=2060s
2026-09-22 08:40:35 | INFO | step=56800 loss=0.0583 lr=7.39e-05 elapsed=2063s
2026-09-22 08:40:38 | INFO | step=56900 loss=0.1531 lr=7.39e-05 elapsed=2066s
2026-09-22 08:40:41 | INFO | step=57000 loss=0.2114 lr=7.38e-05 elapsed=2069s
2026-09-22 08:40:44 | INFO | step=57100 loss=0.3071 lr=7.38e-05 elapsed=2071s
2026-09-22 08:40:47 | INFO | step=57200 loss=0.1362 lr=7.38e-05 elapsed=2074s
2026-09-22 08:40:50 | INFO | step=57300 loss=0.1942 lr=7.38e-05 elapsed=2077s
2026-09-22 08:40:53 | INFO | step=57400 loss=0.1296 lr=7.37e-05 elapsed=2080s
2026-09-22 08:40:55 | INFO | step=57500 loss=0.1426 lr=7.37e-05 elapsed=2083s
2026-09-22 08:40:58 | INFO | step=57600 loss=0.1005 lr=7.37e-05 elapsed=2086s
2026-09-22 08:41:01 | INFO | step=57700 loss=0.1549 lr=7.37e-05 elapsed=2089s
2026-09-22 08:41:04 | INFO | step=57800 loss=0.0606 lr=7.37e-05 elapsed=2092s
2026-09-22 08:41:07 | INFO | step=57900 loss=0.2040 lr=7.36e-05 elapsed=2094s
2026-09-22 08:41:10 | INFO | step=58000 loss=0.1155 lr=7.36e-05 elapsed=2097s
2026-09-22 08:41:11 | INFO | [eval] step=58000 dev_loss=5.9157
2026-09-22 08:41:22 | INFO |   EM on dev subset (200 samples): 0.00%
2026-09-22 08:41:25 | INFO | step=58100 loss=0.0832 lr=7.36e-05 elapsed=2112s
2026-09-22 08:41:28 | INFO | step=58200 loss=0.1045 lr=7.36e-05 elapsed=2115s
2026-09-22 08:41:31 | INFO | step=58300 loss=0.0759 lr=7.35e-05 elapsed=2118s
2026-09-22 08:41:34 | INFO | step=58400 loss=0.0718 lr=7.35e-05 elapsed=2121s
2026-09-22 08:41:36 | INFO | step=58500 loss=0.0496 lr=7.35e-05 elapsed=2124s
2026-09-22 08:41:39 | INFO | step=58600 loss=0.0545 lr=7.35e-05 elapsed=2127s
2026-09-22 08:41:42 | INFO | step=58700 loss=0.3356 lr=7.34e-05 elapsed=2130s
2026-09-22 08:41:45 | INFO | step=58800 loss=0.2062 lr=7.34e-05 elapsed=2132s
2026-09-22 08:41:48 | INFO | step=58900 loss=0.1096 lr=7.34e-05 elapsed=2135s
2026-09-22 08:41:51 | INFO | step=59000 loss=0.0740 lr=7.34e-05 elapsed=2138s
2026-09-22 08:41:53 | INFO | step=59100 loss=0.1061 lr=7.34e-05 elapsed=2141s
2026-09-22 08:41:56 | INFO | step=59200 loss=0.0756 lr=7.33e-05 elapsed=2144s
2026-09-22 08:41:59 | INFO | step=59300 loss=0.1599 lr=7.33e-05 elapsed=2147s
2026-09-22 08:42:02 | INFO | step=59400 loss=0.1058 lr=7.33e-05 elapsed=2150s
2026-09-22 08:42:05 | INFO | step=59500 loss=0.1497 lr=7.33e-05 elapsed=2152s
2026-09-22 08:42:08 | INFO | step=59600 loss=0.0578 lr=7.32e-05 elapsed=2155s
2026-09-22 08:42:11 | INFO | step=59700 loss=0.0777 lr=7.32e-05 elapsed=2158s
2026-09-22 08:42:13 | INFO | step=59800 loss=0.1056 lr=7.32e-05 elapsed=2161s
2026-09-22 08:42:16 | INFO | step=59900 loss=0.0546 lr=7.32e-05 elapsed=2164s
2026-09-22 08:42:19 | INFO | step=60000 loss=0.0861 lr=7.31e-05 elapsed=2167s
2026-09-22 08:42:21 | INFO | [eval] step=60000 dev_loss=5.9091
2026-09-22 08:42:32 | INFO |   EM on dev subset (200 samples): 0.00%
2026-09-22 08:42:39 | INFO | step=60100 loss=0.0513 lr=7.31e-05 elapsed=2186s
2026-09-22 08:42:42 | INFO | step=60200 loss=0.0762 lr=7.31e-05 elapsed=2189s
2026-09-22 08:42:45 | INFO | step=60300 loss=0.0940 lr=7.31e-05 elapsed=2192s
2026-09-22 08:42:47 | INFO | step=60400 loss=0.1098 lr=7.30e-05 elapsed=2195s
2026-09-22 08:42:50 | INFO | step=60500 loss=0.1128 lr=7.30e-05 elapsed=2198s
2026-09-22 08:42:53 | INFO | step=60600 loss=0.1759 lr=7.30e-05 elapsed=2201s
2026-09-22 08:42:56 | INFO | step=60700 loss=0.0314 lr=7.30e-05 elapsed=2203s
2026-09-22 08:42:59 | INFO | step=60800 loss=0.1587 lr=7.29e-05 elapsed=2206s
2026-09-22 08:43:02 | INFO | step=60900 loss=0.1187 lr=7.29e-05 elapsed=2209s
2026-09-22 08:43:04 | INFO | step=61000 loss=0.0524 lr=7.29e-05 elapsed=2212s
2026-09-22 08:43:07 | INFO | step=61100 loss=0.1154 lr=7.29e-05 elapsed=2215s
2026-09-22 08:43:10 | INFO | step=61200 loss=0.1444 lr=7.29e-05 elapsed=2218s
2026-09-22 08:43:13 | INFO | step=61300 loss=0.1504 lr=7.28e-05 elapsed=2221s
2026-09-22 08:43:16 | INFO | step=61400 loss=0.1797 lr=7.28e-05 elapsed=2223s
2026-09-22 08:43:19 | INFO | step=61500 loss=0.1599 lr=7.28e-05 elapsed=2226s
2026-09-22 08:43:22 | INFO | step=61600 loss=0.0230 lr=7.28e-05 elapsed=2229s
2026-09-22 08:43:24 | INFO | step=61700 loss=0.1547 lr=7.27e-05 elapsed=2232s
2026-09-22 08:43:27 | INFO | step=61800 loss=0.0340 lr=7.27e-05 elapsed=2235s
2026-09-22 08:43:30 | INFO | step=61900 loss=0.1071 lr=7.27e-05 elapsed=2238s
2026-09-22 08:43:33 | INFO | step=62000 loss=0.0668 lr=7.27e-05 elapsed=2241s
2026-09-22 08:43:35 | INFO | [eval] step=62000 dev_loss=5.8622
2026-09-22 08:43:47 | INFO |   EM on dev subset (200 samples): 0.00%
2026-09-22 08:43:47 | INFO | Early stopping triggered.
2026-09-22 08:43:47 | INFO | Training complete. Best dev loss: 6.8474
2026-09-22 08:46:12 | INFO | Device: cuda
2026-09-22 08:46:13 | INFO | Model: standard, k=1, params=122.3M
2026-09-22 08:46:13 | INFO | Training on 7000 examples, eval on 1034
2026-09-22 08:46:13 | INFO | Config: TrainingConfig(model_type='standard', hidden_dim=512, num_encoder_layers=12, num_decoder_layers=12, num_heads=8, num_attributes=1, use_gating=False, use_mixing=False, pairing_strategy='cyclic', pairing_seed=1234, use_composed_join=False, use_true_standard=True, ffn_dim=2048, max_seq_len=512, dropout=0.1, vocab_size=32000, learning_rate=8e-05, weight_decay=0.01, warmup_steps=4000, max_steps=300000, batch_size=4, gradient_accumulation=16, max_grad_norm=1.0, label_smoothing=0.05, eval_every=2000, save_every=20000, patience=30, eval_by_em=True, dataset='spider', nas_dir='/nas/Dataset/nlp', max_src_len=384, max_tgt_len=200, seed=43, num_workers=4, fp16=False, output_dir='/nas/Dataset/experiments/relational-attention/muhiddin_outputs/true_std_spider_copy_s43', log_every=100, copy_mechanism=True, num_copy_heads=1)
2026-09-22 08:46:13 | INFO | step=0 loss=8.9344 lr=0.00e+00 elapsed=0s
2026-09-22 08:46:16 | INFO | step=100 loss=8.4306 lr=2.00e-06 elapsed=3s
2026-09-22 08:46:19 | INFO | step=200 loss=8.5175 lr=4.00e-06 elapsed=6s
2026-09-22 08:46:22 | INFO | step=300 loss=9.4884 lr=6.00e-06 elapsed=9s
2026-09-22 08:46:25 | INFO | step=400 loss=8.1153 lr=8.00e-06 elapsed=12s
2026-09-22 08:46:27 | INFO | step=500 loss=8.2372 lr=1.00e-05 elapsed=14s
2026-09-22 08:46:30 | INFO | step=600 loss=8.6961 lr=1.20e-05 elapsed=17s
2026-09-22 08:46:33 | INFO | step=700 loss=7.7521 lr=1.40e-05 elapsed=20s
2026-09-22 08:46:36 | INFO | step=800 loss=7.9444 lr=1.60e-05 elapsed=23s
2026-09-22 08:46:39 | INFO | step=900 loss=8.0540 lr=1.80e-05 elapsed=26s
2026-09-22 08:46:41 | INFO | step=1000 loss=8.1023 lr=2.00e-05 elapsed=28s
2026-09-22 08:46:44 | INFO | step=1100 loss=7.7431 lr=2.20e-05 elapsed=31s
2026-09-22 08:46:47 | INFO | step=1200 loss=7.4580 lr=2.40e-05 elapsed=34s
2026-09-22 08:46:50 | INFO | step=1300 loss=7.2885 lr=2.60e-05 elapsed=37s
2026-09-22 08:46:52 | INFO | step=1400 loss=8.3526 lr=2.80e-05 elapsed=39s
2026-09-22 08:46:55 | INFO | step=1500 loss=7.1711 lr=3.00e-05 elapsed=42s
2026-09-22 08:46:58 | INFO | step=1600 loss=7.7418 lr=3.20e-05 elapsed=45s
2026-09-22 08:47:01 | INFO | step=1700 loss=6.7485 lr=3.40e-05 elapsed=48s
2026-09-22 08:47:03 | INFO | step=1800 loss=6.7794 lr=3.60e-05 elapsed=50s
2026-09-22 08:47:06 | INFO | step=1900 loss=6.8597 lr=3.80e-05 elapsed=53s
2026-09-22 08:47:09 | INFO | step=2000 loss=7.1571 lr=4.00e-05 elapsed=56s
2026-09-22 08:47:11 | INFO | [eval] step=2000 dev_loss=6.8474
2026-09-22 08:47:43 | INFO |   EM on dev subset (200 samples): 0.00%
2026-09-22 08:47:48 | INFO |   -> New best model saved (dev_loss=6.8474)
2026-09-22 08:47:51 | INFO | step=2100 loss=6.2507 lr=4.20e-05 elapsed=98s
2026-09-22 08:47:54 | INFO | step=2200 loss=6.2931 lr=4.40e-05 elapsed=101s
2026-09-22 08:47:56 | INFO | step=2300 loss=5.3943 lr=4.60e-05 elapsed=103s
2026-09-22 08:47:59 | INFO | step=2400 loss=5.9583 lr=4.80e-05 elapsed=106s
2026-09-22 08:48:02 | INFO | step=2500 loss=5.2386 lr=5.00e-05 elapsed=109s
2026-09-22 08:48:05 | INFO | step=2600 loss=5.1533 lr=5.20e-05 elapsed=112s
2026-09-22 08:48:07 | INFO | step=2700 loss=5.0663 lr=5.40e-05 elapsed=114s
2026-09-22 08:48:10 | INFO | step=2800 loss=5.3865 lr=5.60e-05 elapsed=117s
2026-09-22 08:48:13 | INFO | step=2900 loss=4.5949 lr=5.80e-05 elapsed=120s
2026-09-22 08:48:16 | INFO | step=3000 loss=4.0250 lr=6.00e-05 elapsed=123s
2026-09-22 08:48:19 | INFO | step=3100 loss=4.8414 lr=6.20e-05 elapsed=126s
2026-09-22 08:48:21 | INFO | step=3200 loss=3.6116 lr=6.40e-05 elapsed=128s
2026-09-22 08:48:24 | INFO | step=3300 loss=3.6782 lr=6.60e-05 elapsed=131s
2026-09-22 08:48:27 | INFO | step=3400 loss=4.0433 lr=6.80e-05 elapsed=134s
2026-09-22 08:48:30 | INFO | step=3500 loss=3.9640 lr=7.00e-05 elapsed=137s
2026-09-22 08:48:32 | INFO | step=3600 loss=3.5872 lr=7.20e-05 elapsed=140s
2026-09-22 08:48:35 | INFO | step=3700 loss=3.1868 lr=7.40e-05 elapsed=142s
2026-09-22 08:48:38 | INFO | step=3800 loss=2.9232 lr=7.60e-05 elapsed=145s
2026-09-22 08:48:41 | INFO | step=3900 loss=3.2674 lr=7.80e-05 elapsed=148s
2026-09-22 08:48:43 | INFO | step=4000 loss=2.6723 lr=8.00e-05 elapsed=151s
2026-09-22 08:48:45 | INFO | [eval] step=4000 dev_loss=4.6871
2026-09-22 08:49:33 | INFO |   EM on dev subset (200 samples): 0.00%
2026-09-22 08:49:36 | INFO | step=4100 loss=2.5927 lr=8.00e-05 elapsed=203s
2026-09-22 08:49:39 | INFO | step=4200 loss=2.7724 lr=8.00e-05 elapsed=206s
2026-09-22 08:49:42 | INFO | step=4300 loss=3.0338 lr=8.00e-05 elapsed=209s
2026-09-22 08:49:44 | INFO | step=4400 loss=2.1263 lr=8.00e-05 elapsed=212s
2026-09-22 08:49:47 | INFO | step=4500 loss=2.0490 lr=8.00e-05 elapsed=214s
2026-09-22 08:49:50 | INFO | step=4600 loss=2.1704 lr=8.00e-05 elapsed=217s
2026-09-22 08:49:53 | INFO | step=4700 loss=2.3517 lr=8.00e-05 elapsed=220s
2026-09-22 08:49:55 | INFO | step=4800 loss=2.4554 lr=8.00e-05 elapsed=223s
2026-09-22 08:49:58 | INFO | step=4900 loss=1.9041 lr=8.00e-05 elapsed=225s
2026-09-22 08:50:01 | INFO | step=5000 loss=2.6258 lr=8.00e-05 elapsed=228s
2026-09-22 08:50:04 | INFO | step=5100 loss=2.2696 lr=8.00e-05 elapsed=231s
2026-09-22 08:50:06 | INFO | step=5200 loss=3.0261 lr=8.00e-05 elapsed=233s
2026-09-22 08:50:09 | INFO | step=5300 loss=2.4220 lr=8.00e-05 elapsed=236s
2026-09-22 08:50:12 | INFO | step=5400 loss=2.1075 lr=8.00e-05 elapsed=239s
2026-09-22 08:50:15 | INFO | step=5500 loss=2.1997 lr=8.00e-05 elapsed=242s
2026-09-22 08:50:18 | INFO | step=5600 loss=1.6733 lr=8.00e-05 elapsed=245s
2026-09-22 08:50:20 | INFO | step=5700 loss=2.5773 lr=8.00e-05 elapsed=247s
2026-09-22 08:50:23 | INFO | step=5800 loss=2.1422 lr=8.00e-05 elapsed=250s
2026-09-22 08:50:26 | INFO | step=5900 loss=2.1771 lr=8.00e-05 elapsed=253s
2026-09-22 08:50:29 | INFO | step=6000 loss=2.7543 lr=8.00e-05 elapsed=256s
2026-09-22 08:50:30 | INFO | [eval] step=6000 dev_loss=4.1945
2026-09-22 08:51:07 | INFO |   EM on dev subset (200 samples): 0.00%
2026-09-22 08:51:10 | INFO | step=6100 loss=1.9687 lr=8.00e-05 elapsed=297s
2026-09-22 08:51:13 | INFO | step=6200 loss=1.5565 lr=8.00e-05 elapsed=300s
2026-09-22 08:51:16 | INFO | step=6300 loss=1.0677 lr=8.00e-05 elapsed=303s
2026-09-22 08:51:18 | INFO | step=6400 loss=2.6941 lr=8.00e-05 elapsed=305s
2026-09-22 08:51:21 | INFO | step=6500 loss=1.9568 lr=8.00e-05 elapsed=308s
2026-09-22 08:51:24 | INFO | step=6600 loss=1.0731 lr=8.00e-05 elapsed=311s
2026-09-22 08:51:27 | INFO | step=6700 loss=1.8937 lr=8.00e-05 elapsed=314s
2026-09-22 08:51:29 | INFO | step=6800 loss=1.5803 lr=8.00e-05 elapsed=316s
2026-09-22 08:51:32 | INFO | step=6900 loss=1.6359 lr=8.00e-05 elapsed=319s
2026-09-22 08:51:35 | INFO | step=7000 loss=2.1448 lr=8.00e-05 elapsed=322s
2026-09-22 08:51:38 | INFO | step=7100 loss=1.1280 lr=8.00e-05 elapsed=325s
2026-09-22 08:51:41 | INFO | step=7200 loss=1.8139 lr=8.00e-05 elapsed=328s
2026-09-22 08:51:43 | INFO | step=7300 loss=1.5124 lr=8.00e-05 elapsed=330s
2026-09-22 08:51:46 | INFO | step=7400 loss=2.5932 lr=8.00e-05 elapsed=333s
2026-09-22 08:51:49 | INFO | step=7500 loss=2.2028 lr=8.00e-05 elapsed=336s
2026-09-22 08:51:52 | INFO | step=7600 loss=1.8242 lr=8.00e-05 elapsed=339s
2026-09-22 08:51:54 | INFO | step=7700 loss=1.4604 lr=8.00e-05 elapsed=341s
2026-09-22 08:51:57 | INFO | step=7800 loss=1.4297 lr=8.00e-05 elapsed=344s
2026-09-22 08:52:00 | INFO | step=7900 loss=1.3369 lr=8.00e-05 elapsed=347s
2026-09-22 08:52:03 | INFO | step=8000 loss=1.1071 lr=8.00e-05 elapsed=350s
2026-09-22 08:52:04 | INFO | [eval] step=8000 dev_loss=4.1921
2026-09-22 08:52:10 | INFO |   EM on dev subset (200 samples): 0.00%
2026-09-22 08:52:13 | INFO | step=8100 loss=1.4190 lr=8.00e-05 elapsed=360s
2026-09-22 08:52:16 | INFO | step=8200 loss=1.4850 lr=8.00e-05 elapsed=363s
2026-09-22 08:52:19 | INFO | step=8300 loss=1.6775 lr=8.00e-05 elapsed=366s
2026-09-22 08:52:21 | INFO | step=8400 loss=1.5326 lr=8.00e-05 elapsed=368s
2026-09-22 08:52:24 | INFO | step=8500 loss=2.0048 lr=8.00e-05 elapsed=371s
2026-09-22 08:52:27 | INFO | step=8600 loss=1.0436 lr=8.00e-05 elapsed=374s
2026-09-22 08:52:30 | INFO | step=8700 loss=1.9064 lr=8.00e-05 elapsed=377s
2026-09-22 08:52:33 | INFO | step=8800 loss=1.5575 lr=7.99e-05 elapsed=380s
2026-09-22 08:52:35 | INFO | step=8900 loss=1.5639 lr=7.99e-05 elapsed=382s
2026-09-22 08:52:38 | INFO | step=9000 loss=1.1964 lr=7.99e-05 elapsed=385s
2026-09-22 08:52:41 | INFO | step=9100 loss=1.6383 lr=7.99e-05 elapsed=388s
2026-09-22 08:52:44 | INFO | step=9200 loss=1.1451 lr=7.99e-05 elapsed=391s
2026-09-22 08:52:46 | INFO | step=9300 loss=1.3258 lr=7.99e-05 elapsed=393s
2026-09-22 08:52:49 | INFO | step=9400 loss=1.3579 lr=7.99e-05 elapsed=396s
2026-09-22 08:52:52 | INFO | step=9500 loss=0.9154 lr=7.99e-05 elapsed=399s
2026-09-22 08:52:54 | INFO | step=9600 loss=1.4533 lr=7.99e-05 elapsed=402s
2026-09-22 08:52:57 | INFO | step=9700 loss=1.4242 lr=7.99e-05 elapsed=404s
2026-09-22 08:53:00 | INFO | step=9800 loss=1.0706 lr=7.99e-05 elapsed=407s
2026-09-22 08:53:03 | INFO | step=9900 loss=1.2275 lr=7.99e-05 elapsed=410s
2026-09-22 08:53:06 | INFO | step=10000 loss=1.4670 lr=7.99e-05 elapsed=413s
2026-09-22 08:53:07 | INFO | [eval] step=10000 dev_loss=4.2603
2026-09-22 08:53:19 | INFO |   EM on dev subset (200 samples): 0.00%
2026-09-22 08:53:22 | INFO | step=10100 loss=1.0574 lr=7.99e-05 elapsed=429s
2026-09-22 08:53:25 | INFO | step=10200 loss=1.4236 lr=7.99e-05 elapsed=432s
2026-09-22 08:53:28 | INFO | step=10300 loss=1.1319 lr=7.99e-05 elapsed=435s
2026-09-22 08:53:31 | INFO | step=10400 loss=1.5327 lr=7.99e-05 elapsed=438s
2026-09-22 08:53:33 | INFO | step=10500 loss=1.1428 lr=7.99e-05 elapsed=440s
2026-09-22 08:53:36 | INFO | step=10600 loss=1.3115 lr=7.99e-05 elapsed=443s
2026-09-22 08:53:39 | INFO | step=10700 loss=1.0680 lr=7.99e-05 elapsed=446s
2026-09-22 08:53:42 | INFO | step=10800 loss=1.4747 lr=7.99e-05 elapsed=449s
2026-09-22 08:53:44 | INFO | step=10900 loss=1.1863 lr=7.99e-05 elapsed=451s
2026-09-22 08:53:47 | INFO | step=11000 loss=1.0748 lr=7.99e-05 elapsed=454s
2026-09-22 08:53:50 | INFO | step=11100 loss=1.1837 lr=7.99e-05 elapsed=457s
2026-09-22 08:53:53 | INFO | step=11200 loss=1.3604 lr=7.99e-05 elapsed=460s
2026-09-22 08:53:55 | INFO | step=11300 loss=1.4058 lr=7.99e-05 elapsed=462s
2026-09-22 08:53:58 | INFO | step=11400 loss=0.9436 lr=7.99e-05 elapsed=465s
2026-09-22 08:54:01 | INFO | step=11500 loss=0.7086 lr=7.99e-05 elapsed=468s
2026-09-22 08:54:04 | INFO | step=11600 loss=0.6654 lr=7.99e-05 elapsed=471s
2026-09-22 08:54:06 | INFO | step=11700 loss=1.2548 lr=7.99e-05 elapsed=473s
2026-09-22 08:54:09 | INFO | step=11800 loss=1.1613 lr=7.99e-05 elapsed=476s
2026-09-22 08:54:12 | INFO | step=11900 loss=1.1328 lr=7.99e-05 elapsed=479s
2026-09-22 08:54:15 | INFO | step=12000 loss=0.9989 lr=7.99e-05 elapsed=482s
2026-09-22 08:54:16 | INFO | [eval] step=12000 dev_loss=4.3376
2026-09-22 08:54:24 | INFO |   EM on dev subset (200 samples): 0.00%
2026-09-22 08:54:27 | INFO | step=12100 loss=1.4808 lr=7.99e-05 elapsed=494s
2026-09-22 08:54:29 | INFO | step=12200 loss=1.1305 lr=7.98e-05 elapsed=496s
2026-09-22 08:54:32 | INFO | step=12300 loss=0.8026 lr=7.98e-05 elapsed=499s
2026-09-22 08:54:35 | INFO | step=12400 loss=0.9389 lr=7.98e-05 elapsed=502s
2026-09-22 08:54:38 | INFO | step=12500 loss=1.0024 lr=7.98e-05 elapsed=505s
2026-09-22 08:54:41 | INFO | step=12600 loss=0.7288 lr=7.98e-05 elapsed=508s
2026-09-22 08:54:43 | INFO | step=12700 loss=0.8996 lr=7.98e-05 elapsed=510s
2026-09-22 08:54:46 | INFO | step=12800 loss=0.8498 lr=7.98e-05 elapsed=513s
2026-09-22 08:54:49 | INFO | step=12900 loss=1.2614 lr=7.98e-05 elapsed=516s
2026-09-22 08:54:52 | INFO | step=13000 loss=1.2225 lr=7.98e-05 elapsed=519s
2026-09-22 08:54:54 | INFO | step=13100 loss=0.7999 lr=7.98e-05 elapsed=521s
2026-09-22 08:54:57 | INFO | step=13200 loss=1.0287 lr=7.98e-05 elapsed=524s
2026-09-22 08:55:00 | INFO | step=13300 loss=0.9473 lr=7.98e-05 elapsed=527s
2026-09-22 08:55:03 | INFO | step=13400 loss=0.8106 lr=7.98e-05 elapsed=530s
2026-09-22 08:55:05 | INFO | step=13500 loss=1.0280 lr=7.98e-05 elapsed=532s
2026-09-22 08:55:08 | INFO | step=13600 loss=1.2926 lr=7.98e-05 elapsed=535s
2026-09-22 08:55:11 | INFO | step=13700 loss=0.8624 lr=7.98e-05 elapsed=538s
2026-09-22 08:55:14 | INFO | step=13800 loss=1.1544 lr=7.98e-05 elapsed=541s
2026-09-22 08:55:17 | INFO | step=13900 loss=1.3308 lr=7.98e-05 elapsed=544s
2026-09-22 08:55:19 | INFO | step=14000 loss=1.2493 lr=7.98e-05 elapsed=546s
2026-09-22 08:55:21 | INFO | [eval] step=14000 dev_loss=4.4784
2026-09-22 08:55:28 | INFO |   EM on dev subset (200 samples): 0.00%
2026-09-22 08:55:31 | INFO | step=14100 loss=0.9333 lr=7.98e-05 elapsed=558s
2026-09-22 08:55:34 | INFO | step=14200 loss=0.8877 lr=7.98e-05 elapsed=561s
2026-09-22 08:55:37 | INFO | step=14300 loss=0.7376 lr=7.98e-05 elapsed=564s
2026-09-22 08:55:40 | INFO | step=14400 loss=1.2565 lr=7.98e-05 elapsed=567s
2026-09-22 08:55:42 | INFO | step=14500 loss=0.8764 lr=7.98e-05 elapsed=570s
2026-09-22 08:55:45 | INFO | step=14600 loss=0.8765 lr=7.97e-05 elapsed=572s
2026-09-22 08:55:48 | INFO | step=14700 loss=0.9526 lr=7.97e-05 elapsed=575s
2026-09-22 08:55:51 | INFO | step=14800 loss=0.9884 lr=7.97e-05 elapsed=578s
2026-09-22 08:55:53 | INFO | step=14900 loss=1.2725 lr=7.97e-05 elapsed=580s
2026-09-22 08:55:56 | INFO | step=15000 loss=0.8598 lr=7.97e-05 elapsed=583s
2026-09-22 08:55:59 | INFO | step=15100 loss=0.7674 lr=7.97e-05 elapsed=586s
2026-09-22 08:56:02 | INFO | step=15200 loss=1.1923 lr=7.97e-05 elapsed=589s
2026-09-22 08:56:04 | INFO | step=15300 loss=1.8625 lr=7.97e-05 elapsed=591s
2026-09-22 08:56:07 | INFO | step=15400 loss=1.0874 lr=7.97e-05 elapsed=594s
2026-09-22 08:56:10 | INFO | step=15500 loss=1.1378 lr=7.97e-05 elapsed=597s
2026-09-22 08:56:13 | INFO | step=15600 loss=0.8062 lr=7.97e-05 elapsed=600s
2026-09-22 08:56:16 | INFO | step=15700 loss=0.7828 lr=7.97e-05 elapsed=603s
2026-09-22 08:56:18 | INFO | step=15800 loss=1.2513 lr=7.97e-05 elapsed=605s
2026-09-22 08:56:21 | INFO | step=15900 loss=1.3098 lr=7.97e-05 elapsed=608s
2026-09-22 08:56:24 | INFO | step=16000 loss=1.0592 lr=7.97e-05 elapsed=611s
2026-09-22 08:56:25 | INFO | [eval] step=16000 dev_loss=4.5993
2026-09-22 08:56:39 | INFO |   EM on dev subset (200 samples): 0.00%
2026-09-22 08:56:42 | INFO | step=16100 loss=0.7031 lr=7.97e-05 elapsed=629s
2026-09-22 08:56:45 | INFO | step=16200 loss=0.9028 lr=7.97e-05 elapsed=632s
2026-09-22 08:56:48 | INFO | step=16300 loss=0.9966 lr=7.97e-05 elapsed=635s
2026-09-22 08:56:50 | INFO | step=16400 loss=0.7721 lr=7.97e-05 elapsed=637s
2026-09-22 08:56:53 | INFO | step=16500 loss=1.2361 lr=7.96e-05 elapsed=640s
2026-09-22 08:56:56 | INFO | step=16600 loss=0.6498 lr=7.96e-05 elapsed=643s
2026-09-22 08:56:59 | INFO | step=16700 loss=0.8847 lr=7.96e-05 elapsed=646s
2026-09-22 08:57:01 | INFO | step=16800 loss=0.8731 lr=7.96e-05 elapsed=648s
2026-09-22 08:57:04 | INFO | step=16900 loss=0.6609 lr=7.96e-05 elapsed=651s
2026-09-22 08:57:07 | INFO | step=17000 loss=0.8159 lr=7.96e-05 elapsed=654s
2026-09-22 08:57:10 | INFO | step=17100 loss=0.8608 lr=7.96e-05 elapsed=657s
2026-09-22 08:57:12 | INFO | step=17200 loss=0.6723 lr=7.96e-05 elapsed=659s
2026-09-22 08:57:15 | INFO | step=17300 loss=0.7310 lr=7.96e-05 elapsed=662s
2026-09-22 08:57:18 | INFO | step=17400 loss=0.9678 lr=7.96e-05 elapsed=665s
2026-09-22 08:57:21 | INFO | step=17500 loss=0.7753 lr=7.96e-05 elapsed=668s
2026-09-22 08:57:24 | INFO | step=17600 loss=0.5966 lr=7.96e-05 elapsed=671s
2026-09-22 08:57:26 | INFO | step=17700 loss=0.6647 lr=7.96e-05 elapsed=673s
2026-09-22 08:57:29 | INFO | step=17800 loss=1.0608 lr=7.96e-05 elapsed=676s
2026-09-22 08:57:32 | INFO | step=17900 loss=0.5555 lr=7.96e-05 elapsed=679s
2026-09-22 08:57:34 | INFO | step=18000 loss=1.3085 lr=7.96e-05 elapsed=681s
2026-09-22 08:57:36 | INFO | [eval] step=18000 dev_loss=4.6278
2026-09-22 08:57:44 | INFO |   EM on dev subset (200 samples): 0.00%
2026-09-22 08:57:47 | INFO | step=18100 loss=1.0873 lr=7.96e-05 elapsed=694s
2026-09-22 08:57:50 | INFO | step=18200 loss=0.6692 lr=7.95e-05 elapsed=697s
2026-09-22 08:57:53 | INFO | step=18300 loss=0.7414 lr=7.95e-05 elapsed=700s
2026-09-22 08:57:56 | INFO | step=18400 loss=0.6872 lr=7.95e-05 elapsed=703s
2026-09-22 08:57:58 | INFO | step=18500 loss=0.4249 lr=7.95e-05 elapsed=705s
2026-09-22 08:58:01 | INFO | step=18600 loss=0.7922 lr=7.95e-05 elapsed=708s
2026-09-22 08:58:04 | INFO | step=18700 loss=0.8601 lr=7.95e-05 elapsed=711s
2026-09-22 08:58:07 | INFO | step=18800 loss=1.0356 lr=7.95e-05 elapsed=714s
2026-09-22 08:58:09 | INFO | step=18900 loss=0.8508 lr=7.95e-05 elapsed=716s
2026-09-22 08:58:12 | INFO | step=19000 loss=0.7559 lr=7.95e-05 elapsed=719s
2026-09-22 08:58:15 | INFO | step=19100 loss=0.9235 lr=7.95e-05 elapsed=722s
2026-09-22 08:58:18 | INFO | step=19200 loss=0.8280 lr=7.95e-05 elapsed=725s
2026-09-22 08:58:20 | INFO | step=19300 loss=0.9683 lr=7.95e-05 elapsed=727s
2026-09-22 08:58:23 | INFO | step=19400 loss=0.8036 lr=7.95e-05 elapsed=730s
2026-09-22 08:58:26 | INFO | step=19500 loss=0.7601 lr=7.95e-05 elapsed=733s
2026-09-22 08:58:29 | INFO | step=19600 loss=0.4708 lr=7.95e-05 elapsed=736s
2026-09-22 08:58:32 | INFO | step=19700 loss=0.6230 lr=7.94e-05 elapsed=739s
2026-09-22 08:58:34 | INFO | step=19800 loss=0.4630 lr=7.94e-05 elapsed=741s
2026-09-22 08:58:37 | INFO | step=19900 loss=0.6229 lr=7.94e-05 elapsed=744s
2026-09-22 08:58:40 | INFO | step=20000 loss=0.8741 lr=7.94e-05 elapsed=747s
2026-09-22 08:58:41 | INFO | [eval] step=20000 dev_loss=4.8330
2026-09-22 08:58:50 | INFO |   EM on dev subset (200 samples): 0.00%
2026-09-22 08:58:57 | INFO | step=20100 loss=0.8197 lr=7.94e-05 elapsed=764s
2026-09-22 08:59:00 | INFO | step=20200 loss=0.5054 lr=7.94e-05 elapsed=767s
2026-09-22 08:59:03 | INFO | step=20300 loss=0.4160 lr=7.94e-05 elapsed=770s
2026-09-22 08:59:05 | INFO | step=20400 loss=0.5961 lr=7.94e-05 elapsed=772s
2026-09-22 08:59:08 | INFO | step=20500 loss=0.7727 lr=7.94e-05 elapsed=775s
2026-09-22 08:59:11 | INFO | step=20600 loss=0.6913 lr=7.94e-05 elapsed=778s
2026-09-22 08:59:14 | INFO | step=20700 loss=0.4512 lr=7.94e-05 elapsed=781s
2026-09-22 08:59:16 | INFO | step=20800 loss=0.7884 lr=7.94e-05 elapsed=783s
2026-09-22 08:59:19 | INFO | step=20900 loss=0.8229 lr=7.94e-05 elapsed=786s
2026-09-22 08:59:22 | INFO | step=21000 loss=0.4452 lr=7.94e-05 elapsed=789s
2026-09-22 08:59:25 | INFO | step=21100 loss=0.3030 lr=7.93e-05 elapsed=792s
2026-09-22 08:59:28 | INFO | step=21200 loss=0.5665 lr=7.93e-05 elapsed=795s
2026-09-22 08:59:30 | INFO | step=21300 loss=0.7284 lr=7.93e-05 elapsed=797s
2026-09-22 08:59:33 | INFO | step=21400 loss=0.3344 lr=7.93e-05 elapsed=800s
2026-09-22 08:59:36 | INFO | step=21500 loss=0.7946 lr=7.93e-05 elapsed=803s
2026-09-22 08:59:39 | INFO | step=21600 loss=0.7685 lr=7.93e-05 elapsed=806s
2026-09-22 08:59:41 | INFO | step=21700 loss=0.6029 lr=7.93e-05 elapsed=809s
2026-09-22 08:59:44 | INFO | step=21800 loss=0.9183 lr=7.93e-05 elapsed=811s
2026-09-22 08:59:47 | INFO | step=21900 loss=0.5834 lr=7.93e-05 elapsed=814s
2026-09-22 08:59:50 | INFO | step=22000 loss=0.5251 lr=7.93e-05 elapsed=817s
2026-09-22 08:59:51 | INFO | [eval] step=22000 dev_loss=4.9168
2026-09-22 08:59:59 | INFO |   EM on dev subset (200 samples): 0.00%
2026-09-22 09:00:02 | INFO | step=22100 loss=0.9813 lr=7.93e-05 elapsed=829s
2026-09-22 09:00:05 | INFO | step=22200 loss=0.4154 lr=7.93e-05 elapsed=832s
2026-09-22 09:00:08 | INFO | step=22300 loss=0.6960 lr=7.92e-05 elapsed=835s
2026-09-22 09:00:10 | INFO | step=22400 loss=0.8063 lr=7.92e-05 elapsed=837s
2026-09-22 09:00:13 | INFO | step=22500 loss=0.6619 lr=7.92e-05 elapsed=840s
2026-09-22 09:00:16 | INFO | step=22600 loss=0.4278 lr=7.92e-05 elapsed=843s
2026-09-22 09:00:19 | INFO | step=22700 loss=0.9683 lr=7.92e-05 elapsed=846s
2026-09-22 09:00:21 | INFO | step=22800 loss=0.2782 lr=7.92e-05 elapsed=848s
2026-09-22 09:00:24 | INFO | step=22900 loss=0.6989 lr=7.92e-05 elapsed=851s
2026-09-22 09:00:27 | INFO | step=23000 loss=0.3994 lr=7.92e-05 elapsed=854s
2026-09-22 09:00:30 | INFO | step=23100 loss=0.5280 lr=7.92e-05 elapsed=857s
2026-09-22 09:00:32 | INFO | step=23200 loss=0.5955 lr=7.92e-05 elapsed=859s
2026-09-22 09:00:35 | INFO | step=23300 loss=0.6515 lr=7.92e-05 elapsed=862s
2026-09-22 09:00:38 | INFO | step=23400 loss=0.8523 lr=7.92e-05 elapsed=865s
2026-09-22 09:00:41 | INFO | step=23500 loss=0.9090 lr=7.91e-05 elapsed=868s
2026-09-22 09:00:43 | INFO | step=23600 loss=0.5445 lr=7.91e-05 elapsed=870s
2026-09-22 09:00:46 | INFO | step=23700 loss=0.6581 lr=7.91e-05 elapsed=873s
2026-09-22 09:00:49 | INFO | step=23800 loss=0.6460 lr=7.91e-05 elapsed=876s
2026-09-22 09:00:52 | INFO | step=23900 loss=0.9049 lr=7.91e-05 elapsed=879s
2026-09-22 09:00:54 | INFO | step=24000 loss=0.7003 lr=7.91e-05 elapsed=881s
2026-09-22 09:00:56 | INFO | [eval] step=24000 dev_loss=4.9352
2026-09-22 09:01:07 | INFO |   EM on dev subset (200 samples): 0.00%
2026-09-22 09:01:10 | INFO | step=24100 loss=1.0398 lr=7.91e-05 elapsed=897s
2026-09-22 09:01:12 | INFO | step=24200 loss=0.4816 lr=7.91e-05 elapsed=899s
2026-09-22 09:01:15 | INFO | step=24300 loss=0.8359 lr=7.91e-05 elapsed=902s
2026-09-22 09:01:18 | INFO | step=24400 loss=0.4992 lr=7.91e-05 elapsed=905s
2026-09-22 09:01:21 | INFO | step=24500 loss=0.4592 lr=7.91e-05 elapsed=908s
2026-09-22 09:01:23 | INFO | step=24600 loss=0.6345 lr=7.90e-05 elapsed=910s
2026-09-22 09:01:26 | INFO | step=24700 loss=0.7136 lr=7.90e-05 elapsed=913s
2026-09-22 09:01:29 | INFO | step=24800 loss=0.6166 lr=7.90e-05 elapsed=916s
2026-09-22 09:01:32 | INFO | step=24900 loss=0.6206 lr=7.90e-05 elapsed=919s
2026-09-22 09:01:35 | INFO | step=25000 loss=0.6303 lr=7.90e-05 elapsed=922s
2026-09-22 09:01:37 | INFO | step=25100 loss=0.5291 lr=7.90e-05 elapsed=924s
2026-09-22 09:01:40 | INFO | step=25200 loss=0.4732 lr=7.90e-05 elapsed=927s
2026-09-22 09:01:43 | INFO | step=25300 loss=1.0049 lr=7.90e-05 elapsed=930s
2026-09-22 09:01:46 | INFO | step=25400 loss=0.5233 lr=7.90e-05 elapsed=933s
2026-09-22 09:01:48 | INFO | step=25500 loss=0.3331 lr=7.90e-05 elapsed=935s
2026-09-22 09:01:51 | INFO | step=25600 loss=0.3151 lr=7.90e-05 elapsed=938s
2026-09-22 09:01:54 | INFO | step=25700 loss=0.7527 lr=7.89e-05 elapsed=941s
2026-09-22 09:01:57 | INFO | step=25800 loss=0.4690 lr=7.89e-05 elapsed=944s
2026-09-22 09:01:59 | INFO | step=25900 loss=0.3929 lr=7.89e-05 elapsed=947s
2026-09-22 09:02:02 | INFO | step=26000 loss=0.4058 lr=7.89e-05 elapsed=949s
2026-09-22 09:02:04 | INFO | [eval] step=26000 dev_loss=5.0835
2026-09-22 09:02:13 | INFO |   EM on dev subset (200 samples): 0.00%
2026-09-22 09:02:16 | INFO | step=26100 loss=0.5204 lr=7.89e-05 elapsed=963s
2026-09-22 09:02:18 | INFO | step=26200 loss=0.5082 lr=7.89e-05 elapsed=965s
2026-09-22 09:02:21 | INFO | step=26300 loss=0.4340 lr=7.89e-05 elapsed=968s
2026-09-22 09:02:24 | INFO | step=26400 loss=0.2964 lr=7.89e-05 elapsed=971s
2026-09-22 09:02:27 | INFO | step=26500 loss=0.5681 lr=7.89e-05 elapsed=974s
2026-09-22 09:02:30 | INFO | step=26600 loss=0.3951 lr=7.89e-05 elapsed=977s
2026-09-22 09:02:32 | INFO | step=26700 loss=0.7884 lr=7.88e-05 elapsed=979s
2026-09-22 09:02:35 | INFO | step=26800 loss=0.4622 lr=7.88e-05 elapsed=982s
2026-09-22 09:02:38 | INFO | step=26900 loss=0.5871 lr=7.88e-05 elapsed=985s
2026-09-22 09:02:41 | INFO | step=27000 loss=0.5109 lr=7.88e-05 elapsed=988s
2026-09-22 09:02:43 | INFO | step=27100 loss=0.4637 lr=7.88e-05 elapsed=990s
2026-09-22 09:02:46 | INFO | step=27200 loss=0.2322 lr=7.88e-05 elapsed=993s
2026-09-22 09:02:49 | INFO | step=27300 loss=0.4151 lr=7.88e-05 elapsed=996s
2026-09-22 09:02:52 | INFO | step=27400 loss=0.3651 lr=7.88e-05 elapsed=999s
2026-09-22 09:02:54 | INFO | step=27500 loss=0.3981 lr=7.88e-05 elapsed=1001s
2026-09-22 09:02:57 | INFO | step=27600 loss=0.6494 lr=7.88e-05 elapsed=1004s
2026-09-22 09:03:00 | INFO | step=27700 loss=0.6643 lr=7.87e-05 elapsed=1007s
2026-09-22 09:03:03 | INFO | step=27800 loss=0.7093 lr=7.87e-05 elapsed=1010s
2026-09-22 09:03:05 | INFO | step=27900 loss=0.3800 lr=7.87e-05 elapsed=1012s
2026-09-22 09:03:08 | INFO | step=28000 loss=0.4953 lr=7.87e-05 elapsed=1015s
2026-09-22 09:03:10 | INFO | [eval] step=28000 dev_loss=5.0544
2026-09-22 09:03:20 | INFO |   EM on dev subset (200 samples): 0.00%
2026-09-22 09:03:22 | INFO | step=28100 loss=0.3780 lr=7.87e-05 elapsed=1029s
2026-09-22 09:03:25 | INFO | step=28200 loss=0.5030 lr=7.87e-05 elapsed=1032s
2026-09-22 09:03:28 | INFO | step=28300 loss=0.4343 lr=7.87e-05 elapsed=1035s
2026-09-22 09:03:31 | INFO | step=28400 loss=0.2980 lr=7.87e-05 elapsed=1038s
2026-09-22 09:03:34 | INFO | step=28500 loss=0.6040 lr=7.87e-05 elapsed=1041s
2026-09-22 09:03:36 | INFO | step=28600 loss=0.9806 lr=7.86e-05 elapsed=1043s
2026-09-22 09:03:39 | INFO | step=28700 loss=0.4526 lr=7.86e-05 elapsed=1046s
2026-09-22 09:03:42 | INFO | step=28800 loss=0.2843 lr=7.86e-05 elapsed=1049s
2026-09-22 09:03:45 | INFO | step=28900 loss=0.8072 lr=7.86e-05 elapsed=1052s
2026-09-22 09:03:47 | INFO | step=29000 loss=0.4583 lr=7.86e-05 elapsed=1054s
2026-09-22 09:03:50 | INFO | step=29100 loss=0.2779 lr=7.86e-05 elapsed=1057s
2026-09-22 09:03:53 | INFO | step=29200 loss=0.6375 lr=7.86e-05 elapsed=1060s
2026-09-22 09:03:56 | INFO | step=29300 loss=0.3974 lr=7.86e-05 elapsed=1063s
2026-09-22 09:03:58 | INFO | step=29400 loss=0.4423 lr=7.86e-05 elapsed=1065s
2026-09-22 09:04:01 | INFO | step=29500 loss=0.2286 lr=7.85e-05 elapsed=1068s
2026-09-22 09:04:04 | INFO | step=29600 loss=0.3286 lr=7.85e-05 elapsed=1071s
2026-09-22 09:04:07 | INFO | step=29700 loss=0.3718 lr=7.85e-05 elapsed=1074s
2026-09-22 09:04:09 | INFO | step=29800 loss=0.2989 lr=7.85e-05 elapsed=1077s
2026-09-22 09:04:12 | INFO | step=29900 loss=0.3696 lr=7.85e-05 elapsed=1079s
2026-09-22 09:04:15 | INFO | step=30000 loss=0.5256 lr=7.85e-05 elapsed=1082s
2026-09-22 09:04:16 | INFO | [eval] step=30000 dev_loss=5.2294
2026-09-22 09:04:27 | INFO |   EM on dev subset (200 samples): 0.00%
2026-09-22 09:04:30 | INFO | step=30100 loss=0.5290 lr=7.85e-05 elapsed=1097s
2026-09-22 09:04:33 | INFO | step=30200 loss=0.2805 lr=7.85e-05 elapsed=1100s
2026-09-22 09:04:36 | INFO | step=30300 loss=0.3037 lr=7.85e-05 elapsed=1103s
2026-09-22 09:04:38 | INFO | step=30400 loss=0.6628 lr=7.84e-05 elapsed=1105s
2026-09-22 09:04:41 | INFO | step=30500 loss=0.3568 lr=7.84e-05 elapsed=1108s
2026-09-22 09:04:44 | INFO | step=30600 loss=0.4039 lr=7.84e-05 elapsed=1111s
2026-09-22 09:04:47 | INFO | step=30700 loss=0.2957 lr=7.84e-05 elapsed=1114s
2026-09-22 09:04:49 | INFO | step=30800 loss=0.4051 lr=7.84e-05 elapsed=1116s
2026-09-22 09:04:52 | INFO | step=30900 loss=0.4651 lr=7.84e-05 elapsed=1119s
2026-09-22 09:04:55 | INFO | step=31000 loss=0.3602 lr=7.84e-05 elapsed=1122s
2026-09-22 09:04:58 | INFO | step=31100 loss=0.4497 lr=7.84e-05 elapsed=1125s
2026-09-22 09:05:00 | INFO | step=31200 loss=0.2599 lr=7.83e-05 elapsed=1127s
2026-09-22 09:05:03 | INFO | step=31300 loss=0.3857 lr=7.83e-05 elapsed=1130s
2026-09-22 09:05:06 | INFO | step=31400 loss=0.3356 lr=7.83e-05 elapsed=1133s
2026-09-22 09:05:09 | INFO | step=31500 loss=0.7016 lr=7.83e-05 elapsed=1136s
2026-09-22 09:05:12 | INFO | step=31600 loss=0.4888 lr=7.83e-05 elapsed=1139s
2026-09-22 09:05:14 | INFO | step=31700 loss=0.2552 lr=7.83e-05 elapsed=1141s
2026-09-22 09:05:17 | INFO | step=31800 loss=0.4205 lr=7.83e-05 elapsed=1144s
2026-09-22 09:05:20 | INFO | step=31900 loss=0.4047 lr=7.83e-05 elapsed=1147s
2026-09-22 09:05:23 | INFO | step=32000 loss=0.9160 lr=7.82e-05 elapsed=1150s
2026-09-22 09:05:24 | INFO | [eval] step=32000 dev_loss=5.2195
2026-09-22 09:05:34 | INFO |   EM on dev subset (200 samples): 0.00%
2026-09-22 09:05:36 | INFO | step=32100 loss=0.5671 lr=7.82e-05 elapsed=1163s
2026-09-22 09:05:39 | INFO | step=32200 loss=0.3320 lr=7.82e-05 elapsed=1166s
2026-09-22 09:05:42 | INFO | step=32300 loss=0.4286 lr=7.82e-05 elapsed=1169s
2026-09-22 09:05:44 | INFO | step=32400 loss=0.1907 lr=7.82e-05 elapsed=1172s
2026-09-22 09:05:47 | INFO | step=32500 loss=0.8248 lr=7.82e-05 elapsed=1174s
2026-09-22 09:05:50 | INFO | step=32600 loss=0.2366 lr=7.82e-05 elapsed=1177s
2026-09-22 09:05:53 | INFO | step=32700 loss=0.4018 lr=7.82e-05 elapsed=1180s
2026-09-22 09:05:56 | INFO | step=32800 loss=0.3904 lr=7.81e-05 elapsed=1183s
2026-09-22 09:05:58 | INFO | step=32900 loss=0.4114 lr=7.81e-05 elapsed=1185s
2026-09-22 09:06:01 | INFO | step=33000 loss=0.2617 lr=7.81e-05 elapsed=1188s
2026-09-22 09:06:04 | INFO | step=33100 loss=0.5286 lr=7.81e-05 elapsed=1191s
2026-09-22 09:06:07 | INFO | step=33200 loss=0.3492 lr=7.81e-05 elapsed=1194s
2026-09-22 09:06:09 | INFO | step=33300 loss=0.4007 lr=7.81e-05 elapsed=1196s
2026-09-22 09:06:12 | INFO | step=33400 loss=0.2725 lr=7.81e-05 elapsed=1199s
2026-09-22 09:06:15 | INFO | step=33500 loss=0.4510 lr=7.81e-05 elapsed=1202s
2026-09-22 09:06:18 | INFO | step=33600 loss=0.5511 lr=7.80e-05 elapsed=1205s
2026-09-22 09:06:20 | INFO | step=33700 loss=0.2787 lr=7.80e-05 elapsed=1207s
2026-09-22 09:06:23 | INFO | step=33800 loss=0.6957 lr=7.80e-05 elapsed=1210s
2026-09-22 09:06:26 | INFO | step=33900 loss=0.2764 lr=7.80e-05 elapsed=1213s
2026-09-22 09:06:29 | INFO | step=34000 loss=0.4398 lr=7.80e-05 elapsed=1216s
2026-09-22 09:06:30 | INFO | [eval] step=34000 dev_loss=5.2991
2026-09-22 09:06:43 | INFO |   EM on dev subset (200 samples): 0.00%
2026-09-22 09:06:46 | INFO | step=34100 loss=0.5832 lr=7.80e-05 elapsed=1233s
2026-09-22 09:06:49 | INFO | step=34200 loss=0.2926 lr=7.80e-05 elapsed=1236s
2026-09-22 09:06:52 | INFO | step=34300 loss=0.3096 lr=7.79e-05 elapsed=1239s
2026-09-22 09:06:54 | INFO | step=34400 loss=0.3008 lr=7.79e-05 elapsed=1241s
2026-09-22 09:06:57 | INFO | step=34500 loss=0.3060 lr=7.79e-05 elapsed=1244s
2026-09-22 09:07:00 | INFO | step=34600 loss=0.2326 lr=7.79e-05 elapsed=1247s
2026-09-22 09:07:03 | INFO | step=34700 loss=0.3303 lr=7.79e-05 elapsed=1250s
2026-09-22 09:07:06 | INFO | step=34800 loss=0.4575 lr=7.79e-05 elapsed=1253s
2026-09-22 09:07:08 | INFO | step=34900 loss=0.2175 lr=7.79e-05 elapsed=1255s
2026-09-22 09:07:11 | INFO | step=35000 loss=0.1965 lr=7.79e-05 elapsed=1258s
2026-09-22 09:07:14 | INFO | step=35100 loss=0.2883 lr=7.78e-05 elapsed=1261s
2026-09-22 09:07:17 | INFO | step=35200 loss=0.2976 lr=7.78e-05 elapsed=1264s
2026-09-22 09:07:19 | INFO | step=35300 loss=0.3426 lr=7.78e-05 elapsed=1266s
2026-09-22 09:07:22 | INFO | step=35400 loss=0.3940 lr=7.78e-05 elapsed=1269s
2026-09-22 09:07:25 | INFO | step=35500 loss=0.4383 lr=7.78e-05 elapsed=1272s
2026-09-22 09:07:28 | INFO | step=35600 loss=0.2661 lr=7.78e-05 elapsed=1275s
2026-09-22 09:07:30 | INFO | step=35700 loss=0.2715 lr=7.78e-05 elapsed=1277s
2026-09-22 09:07:33 | INFO | step=35800 loss=0.3844 lr=7.77e-05 elapsed=1280s
2026-09-22 09:07:36 | INFO | step=35900 loss=0.5318 lr=7.77e-05 elapsed=1283s
2026-09-22 09:07:39 | INFO | step=36000 loss=0.4927 lr=7.77e-05 elapsed=1286s
2026-09-22 09:07:40 | INFO | [eval] step=36000 dev_loss=5.3069
2026-09-22 09:07:50 | INFO |   EM on dev subset (200 samples): 0.00%
2026-09-22 09:07:52 | INFO | step=36100 loss=0.1538 lr=7.77e-05 elapsed=1300s
2026-09-22 09:07:55 | INFO | step=36200 loss=0.3703 lr=7.77e-05 elapsed=1302s
2026-09-22 09:07:58 | INFO | step=36300 loss=0.3272 lr=7.77e-05 elapsed=1305s
2026-09-22 09:08:01 | INFO | step=36400 loss=0.2128 lr=7.77e-05 elapsed=1308s
2026-09-22 09:08:04 | INFO | step=36500 loss=0.2972 lr=7.76e-05 elapsed=1311s
2026-09-22 09:08:06 | INFO | step=36600 loss=0.2094 lr=7.76e-05 elapsed=1313s
2026-09-22 09:08:09 | INFO | step=36700 loss=0.4792 lr=7.76e-05 elapsed=1316s
2026-09-22 09:08:12 | INFO | step=36800 loss=0.2687 lr=7.76e-05 elapsed=1319s
2026-09-22 09:08:15 | INFO | step=36900 loss=0.2857 lr=7.76e-05 elapsed=1322s
2026-09-22 09:08:17 | INFO | step=37000 loss=0.4497 lr=7.76e-05 elapsed=1324s
2026-09-22 09:08:20 | INFO | step=37100 loss=0.4581 lr=7.76e-05 elapsed=1327s
2026-09-22 09:08:23 | INFO | step=37200 loss=0.2385 lr=7.75e-05 elapsed=1330s
2026-09-22 09:08:26 | INFO | step=37300 loss=0.2334 lr=7.75e-05 elapsed=1333s
2026-09-22 09:08:28 | INFO | step=37400 loss=0.4595 lr=7.75e-05 elapsed=1335s
2026-09-22 09:08:31 | INFO | step=37500 loss=0.2458 lr=7.75e-05 elapsed=1338s
2026-09-22 09:08:34 | INFO | step=37600 loss=0.1619 lr=7.75e-05 elapsed=1341s
2026-09-22 09:08:37 | INFO | step=37700 loss=0.3229 lr=7.75e-05 elapsed=1344s
2026-09-22 09:08:40 | INFO | step=37800 loss=0.3498 lr=7.75e-05 elapsed=1347s
2026-09-22 09:08:42 | INFO | step=37900 loss=0.2790 lr=7.74e-05 elapsed=1349s
2026-09-22 09:08:45 | INFO | step=38000 loss=0.3859 lr=7.74e-05 elapsed=1352s
2026-09-22 09:08:47 | INFO | [eval] step=38000 dev_loss=5.4050
2026-09-22 09:08:56 | INFO |   EM on dev subset (200 samples): 0.00%
2026-09-22 09:08:59 | INFO | step=38100 loss=0.2171 lr=7.74e-05 elapsed=1366s
2026-09-22 09:09:02 | INFO | step=38200 loss=0.5677 lr=7.74e-05 elapsed=1369s
2026-09-22 09:09:05 | INFO | step=38300 loss=0.4381 lr=7.74e-05 elapsed=1372s
2026-09-22 09:09:08 | INFO | step=38400 loss=0.2353 lr=7.74e-05 elapsed=1375s
2026-09-22 09:09:10 | INFO | step=38500 loss=0.1439 lr=7.73e-05 elapsed=1377s
2026-09-22 09:09:13 | INFO | step=38600 loss=0.4016 lr=7.73e-05 elapsed=1380s
2026-09-22 09:09:16 | INFO | step=38700 loss=0.1485 lr=7.73e-05 elapsed=1383s
2026-09-22 09:09:19 | INFO | step=38800 loss=0.1872 lr=7.73e-05 elapsed=1386s
2026-09-22 09:09:21 | INFO | step=38900 loss=0.2733 lr=7.73e-05 elapsed=1388s
2026-09-22 09:09:24 | INFO | step=39000 loss=0.1756 lr=7.73e-05 elapsed=1391s
2026-09-22 09:09:27 | INFO | step=39100 loss=0.4075 lr=7.73e-05 elapsed=1394s
2026-09-22 09:09:30 | INFO | step=39200 loss=0.1795 lr=7.72e-05 elapsed=1397s
2026-09-22 09:09:32 | INFO | step=39300 loss=0.2543 lr=7.72e-05 elapsed=1399s
2026-09-22 09:09:35 | INFO | step=39400 loss=0.2381 lr=7.72e-05 elapsed=1402s
2026-09-22 09:09:38 | INFO | step=39500 loss=0.3541 lr=7.72e-05 elapsed=1405s
2026-09-22 09:09:41 | INFO | step=39600 loss=0.3896 lr=7.72e-05 elapsed=1408s
2026-09-22 09:09:44 | INFO | step=39700 loss=0.4439 lr=7.72e-05 elapsed=1411s
2026-09-22 09:09:46 | INFO | step=39800 loss=0.3394 lr=7.71e-05 elapsed=1413s
2026-09-22 09:09:49 | INFO | step=39900 loss=0.3532 lr=7.71e-05 elapsed=1416s
2026-09-22 09:09:52 | INFO | step=40000 loss=0.3548 lr=7.71e-05 elapsed=1419s
2026-09-22 09:09:53 | INFO | [eval] step=40000 dev_loss=5.4347
2026-09-22 09:10:03 | INFO |   EM on dev subset (200 samples): 0.00%
2026-09-22 09:10:10 | INFO | step=40100 loss=0.2224 lr=7.71e-05 elapsed=1437s
2026-09-22 09:10:13 | INFO | step=40200 loss=0.1456 lr=7.71e-05 elapsed=1440s
2026-09-22 09:10:15 | INFO | step=40300 loss=0.2395 lr=7.71e-05 elapsed=1442s
2026-09-22 09:10:18 | INFO | step=40400 loss=0.4359 lr=7.71e-05 elapsed=1445s
2026-09-22 09:10:21 | INFO | step=40500 loss=0.4468 lr=7.70e-05 elapsed=1448s
2026-09-22 09:10:24 | INFO | step=40600 loss=0.4589 lr=7.70e-05 elapsed=1451s
2026-09-22 09:10:27 | INFO | step=40700 loss=0.1899 lr=7.70e-05 elapsed=1454s
2026-09-22 09:10:29 | INFO | step=40800 loss=0.2004 lr=7.70e-05 elapsed=1456s
2026-09-22 09:10:32 | INFO | step=40900 loss=0.2610 lr=7.70e-05 elapsed=1459s
2026-09-22 09:10:35 | INFO | step=41000 loss=0.1477 lr=7.70e-05 elapsed=1462s
2026-09-22 09:10:38 | INFO | step=41100 loss=0.2477 lr=7.69e-05 elapsed=1465s
2026-09-22 09:10:40 | INFO | step=41200 loss=0.3228 lr=7.69e-05 elapsed=1467s
2026-09-22 09:10:43 | INFO | step=41300 loss=0.3865 lr=7.69e-05 elapsed=1470s
2026-09-22 09:10:46 | INFO | step=41400 loss=0.1781 lr=7.69e-05 elapsed=1473s
2026-09-22 09:10:49 | INFO | step=41500 loss=0.5841 lr=7.69e-05 elapsed=1476s
2026-09-22 09:10:51 | INFO | step=41600 loss=0.3558 lr=7.69e-05 elapsed=1478s
2026-09-22 09:10:54 | INFO | step=41700 loss=0.2103 lr=7.68e-05 elapsed=1481s
2026-09-22 09:10:57 | INFO | step=41800 loss=0.3233 lr=7.68e-05 elapsed=1484s
2026-09-22 09:11:00 | INFO | step=41900 loss=0.3829 lr=7.68e-05 elapsed=1487s
2026-09-22 09:11:02 | INFO | step=42000 loss=0.2725 lr=7.68e-05 elapsed=1489s
2026-09-22 09:11:04 | INFO | [eval] step=42000 dev_loss=5.4837
2026-09-22 09:11:15 | INFO |   EM on dev subset (200 samples): 0.00%
2026-09-22 09:11:18 | INFO | step=42100 loss=0.2216 lr=7.68e-05 elapsed=1505s
2026-09-22 09:11:21 | INFO | step=42200 loss=0.2672 lr=7.68e-05 elapsed=1508s
2026-09-22 09:11:24 | INFO | step=42300 loss=0.3495 lr=7.67e-05 elapsed=1511s
2026-09-22 09:11:26 | INFO | step=42400 loss=0.4302 lr=7.67e-05 elapsed=1514s
2026-09-22 09:11:29 | INFO | step=42500 loss=0.1285 lr=7.67e-05 elapsed=1516s
2026-09-22 09:11:32 | INFO | step=42600 loss=0.1877 lr=7.67e-05 elapsed=1519s
2026-09-22 09:11:35 | INFO | step=42700 loss=0.1512 lr=7.67e-05 elapsed=1522s
2026-09-22 09:11:38 | INFO | step=42800 loss=0.4487 lr=7.67e-05 elapsed=1525s
2026-09-22 09:11:40 | INFO | step=42900 loss=0.3954 lr=7.66e-05 elapsed=1527s
2026-09-22 09:11:43 | INFO | step=43000 loss=0.1337 lr=7.66e-05 elapsed=1530s
2026-09-22 09:11:46 | INFO | step=43100 loss=0.1878 lr=7.66e-05 elapsed=1533s
2026-09-22 09:11:49 | INFO | step=43200 loss=0.1746 lr=7.66e-05 elapsed=1536s
2026-09-22 09:11:51 | INFO | step=43300 loss=0.1131 lr=7.66e-05 elapsed=1539s
2026-09-22 09:11:54 | INFO | step=43400 loss=0.4546 lr=7.66e-05 elapsed=1541s
2026-09-22 09:11:57 | INFO | step=43500 loss=0.1828 lr=7.65e-05 elapsed=1544s
2026-09-22 09:12:00 | INFO | step=43600 loss=0.1991 lr=7.65e-05 elapsed=1547s
2026-09-22 09:12:02 | INFO | step=43700 loss=0.4802 lr=7.65e-05 elapsed=1549s
2026-09-22 09:12:05 | INFO | step=43800 loss=0.3915 lr=7.65e-05 elapsed=1552s
2026-09-22 09:12:08 | INFO | step=43900 loss=0.3454 lr=7.65e-05 elapsed=1555s
2026-09-22 09:12:11 | INFO | step=44000 loss=0.3285 lr=7.64e-05 elapsed=1558s
2026-09-22 09:12:12 | INFO | [eval] step=44000 dev_loss=5.4923
2026-09-22 09:12:24 | INFO |   EM on dev subset (200 samples): 0.00%
2026-09-22 09:12:27 | INFO | step=44100 loss=0.3206 lr=7.64e-05 elapsed=1574s
2026-09-22 09:12:29 | INFO | step=44200 loss=0.2451 lr=7.64e-05 elapsed=1576s
2026-09-22 09:12:32 | INFO | step=44300 loss=0.0756 lr=7.64e-05 elapsed=1579s
2026-09-22 09:12:35 | INFO | step=44400 loss=0.1422 lr=7.64e-05 elapsed=1582s
2026-09-22 09:12:38 | INFO | step=44500 loss=0.1221 lr=7.64e-05 elapsed=1585s
2026-09-22 09:12:40 | INFO | step=44600 loss=0.1976 lr=7.63e-05 elapsed=1587s
2026-09-22 09:12:43 | INFO | step=44700 loss=0.1616 lr=7.63e-05 elapsed=1590s
2026-09-22 09:12:46 | INFO | step=44800 loss=0.2410 lr=7.63e-05 elapsed=1593s
2026-09-22 09:12:49 | INFO | step=44900 loss=0.2464 lr=7.63e-05 elapsed=1596s
2026-09-22 09:12:51 | INFO | step=45000 loss=0.3083 lr=7.63e-05 elapsed=1598s
2026-09-22 09:12:54 | INFO | step=45100 loss=0.2776 lr=7.63e-05 elapsed=1601s
2026-09-22 09:12:57 | INFO | step=45200 loss=0.4265 lr=7.62e-05 elapsed=1604s
2026-09-22 09:13:00 | INFO | step=45300 loss=0.2746 lr=7.62e-05 elapsed=1607s
2026-09-22 09:13:03 | INFO | step=45400 loss=0.1084 lr=7.62e-05 elapsed=1610s
2026-09-22 09:13:05 | INFO | step=45500 loss=0.1495 lr=7.62e-05 elapsed=1612s
2026-09-22 09:13:08 | INFO | step=45600 loss=0.1902 lr=7.62e-05 elapsed=1615s
2026-09-22 09:13:11 | INFO | step=45700 loss=0.2105 lr=7.61e-05 elapsed=1618s
2026-09-22 09:13:14 | INFO | step=45800 loss=0.1739 lr=7.61e-05 elapsed=1621s
2026-09-22 09:13:16 | INFO | step=45900 loss=0.0923 lr=7.61e-05 elapsed=1624s
2026-09-22 09:13:19 | INFO | step=46000 loss=0.3506 lr=7.61e-05 elapsed=1626s
2026-09-22 09:13:21 | INFO | [eval] step=46000 dev_loss=5.4899
2026-09-22 09:13:32 | INFO |   EM on dev subset (200 samples): 0.00%
2026-09-22 09:13:35 | INFO | step=46100 loss=0.1103 lr=7.61e-05 elapsed=1642s
2026-09-22 09:13:37 | INFO | step=46200 loss=0.1791 lr=7.61e-05 elapsed=1644s
2026-09-22 09:13:40 | INFO | step=46300 loss=0.2074 lr=7.60e-05 elapsed=1647s
2026-09-22 09:13:43 | INFO | step=46400 loss=0.2688 lr=7.60e-05 elapsed=1650s
2026-09-22 09:13:46 | INFO | step=46500 loss=0.3178 lr=7.60e-05 elapsed=1653s
2026-09-22 09:13:48 | INFO | step=46600 loss=0.1224 lr=7.60e-05 elapsed=1655s
2026-09-22 09:13:51 | INFO | step=46700 loss=0.2518 lr=7.60e-05 elapsed=1658s
2026-09-22 09:13:54 | INFO | step=46800 loss=0.2490 lr=7.59e-05 elapsed=1661s
2026-09-22 09:13:57 | INFO | step=46900 loss=0.2220 lr=7.59e-05 elapsed=1664s
2026-09-22 09:13:59 | INFO | step=47000 loss=0.2623 lr=7.59e-05 elapsed=1667s
2026-09-22 09:14:02 | INFO | step=47100 loss=0.2504 lr=7.59e-05 elapsed=1669s
2026-09-22 09:14:05 | INFO | step=47200 loss=0.1563 lr=7.59e-05 elapsed=1672s
2026-09-22 09:14:08 | INFO | step=47300 loss=0.2096 lr=7.58e-05 elapsed=1675s
2026-09-22 09:14:11 | INFO | step=47400 loss=0.1584 lr=7.58e-05 elapsed=1678s
2026-09-22 09:14:14 | INFO | step=47500 loss=0.1537 lr=7.58e-05 elapsed=1681s
2026-09-22 09:14:16 | INFO | step=47600 loss=0.1726 lr=7.58e-05 elapsed=1683s
2026-09-22 09:14:19 | INFO | step=47700 loss=0.1872 lr=7.58e-05 elapsed=1686s
2026-09-22 09:14:22 | INFO | step=47800 loss=0.1443 lr=7.58e-05 elapsed=1689s
2026-09-22 09:14:25 | INFO | step=47900 loss=0.4484 lr=7.57e-05 elapsed=1692s
2026-09-22 09:14:27 | INFO | step=48000 loss=0.1512 lr=7.57e-05 elapsed=1694s
2026-09-22 09:14:29 | INFO | [eval] step=48000 dev_loss=5.5395
2026-09-22 09:14:38 | INFO |   EM on dev subset (200 samples): 0.00%
2026-09-22 09:14:41 | INFO | step=48100 loss=0.1413 lr=7.57e-05 elapsed=1708s
2026-09-22 09:14:44 | INFO | step=48200 loss=0.2423 lr=7.57e-05 elapsed=1711s
2026-09-22 09:14:47 | INFO | step=48300 loss=0.1770 lr=7.57e-05 elapsed=1714s
2026-09-22 09:14:49 | INFO | step=48400 loss=0.2159 lr=7.56e-05 elapsed=1716s
2026-09-22 09:14:52 | INFO | step=48500 loss=0.2228 lr=7.56e-05 elapsed=1719s
2026-09-22 09:14:55 | INFO | step=48600 loss=0.1175 lr=7.56e-05 elapsed=1722s
2026-09-22 09:14:58 | INFO | step=48700 loss=0.2912 lr=7.56e-05 elapsed=1725s
2026-09-22 09:15:00 | INFO | step=48800 loss=0.1200 lr=7.56e-05 elapsed=1727s
2026-09-22 09:15:03 | INFO | step=48900 loss=0.2229 lr=7.55e-05 elapsed=1730s
2026-09-22 09:15:06 | INFO | step=49000 loss=0.1171 lr=7.55e-05 elapsed=1733s
2026-09-22 09:15:09 | INFO | step=49100 loss=0.0978 lr=7.55e-05 elapsed=1736s
2026-09-22 09:15:12 | INFO | step=49200 loss=0.3206 lr=7.55e-05 elapsed=1739s
2026-09-22 09:15:14 | INFO | step=49300 loss=0.3352 lr=7.55e-05 elapsed=1741s
2026-09-22 09:15:17 | INFO | step=49400 loss=0.1546 lr=7.54e-05 elapsed=1744s
2026-09-22 09:15:20 | INFO | step=49500 loss=0.3289 lr=7.54e-05 elapsed=1747s
2026-09-22 09:15:22 | INFO | step=49600 loss=0.2749 lr=7.54e-05 elapsed=1750s
2026-09-22 09:15:25 | INFO | step=49700 loss=0.2091 lr=7.54e-05 elapsed=1752s
2026-09-22 09:15:28 | INFO | step=49800 loss=0.0950 lr=7.54e-05 elapsed=1755s
2026-09-22 09:15:31 | INFO | step=49900 loss=0.2566 lr=7.53e-05 elapsed=1758s
2026-09-22 09:15:34 | INFO | step=50000 loss=0.1217 lr=7.53e-05 elapsed=1761s
2026-09-22 09:15:35 | INFO | [eval] step=50000 dev_loss=5.6354
2026-09-22 09:15:45 | INFO |   EM on dev subset (200 samples): 0.00%
2026-09-22 09:15:48 | INFO | step=50100 loss=0.1296 lr=7.53e-05 elapsed=1775s
2026-09-22 09:15:51 | INFO | step=50200 loss=0.1839 lr=7.53e-05 elapsed=1778s
2026-09-22 09:15:54 | INFO | step=50300 loss=0.1428 lr=7.53e-05 elapsed=1781s
2026-09-22 09:15:56 | INFO | step=50400 loss=0.1264 lr=7.52e-05 elapsed=1783s
2026-09-22 09:15:59 | INFO | step=50500 loss=0.1377 lr=7.52e-05 elapsed=1786s
2026-09-22 09:16:02 | INFO | step=50600 loss=0.2944 lr=7.52e-05 elapsed=1789s
2026-09-22 09:16:05 | INFO | step=50700 loss=0.1154 lr=7.52e-05 elapsed=1792s
2026-09-22 09:16:08 | INFO | step=50800 loss=0.1111 lr=7.52e-05 elapsed=1795s
2026-09-22 09:16:10 | INFO | step=50900 loss=0.1335 lr=7.51e-05 elapsed=1797s
2026-09-22 09:16:13 | INFO | step=51000 loss=0.1932 lr=7.51e-05 elapsed=1800s
2026-09-22 09:16:16 | INFO | step=51100 loss=0.0959 lr=7.51e-05 elapsed=1803s
2026-09-22 09:16:19 | INFO | step=51200 loss=0.2271 lr=7.51e-05 elapsed=1806s
2026-09-22 09:16:21 | INFO | step=51300 loss=0.1066 lr=7.51e-05 elapsed=1808s
2026-09-22 09:16:24 | INFO | step=51400 loss=0.1464 lr=7.50e-05 elapsed=1811s
2026-09-22 09:16:27 | INFO | step=51500 loss=0.1207 lr=7.50e-05 elapsed=1814s
2026-09-22 09:16:30 | INFO | step=51600 loss=0.1146 lr=7.50e-05 elapsed=1817s
2026-09-22 09:16:32 | INFO | step=51700 loss=0.1888 lr=7.50e-05 elapsed=1819s
2026-09-22 09:16:35 | INFO | step=51800 loss=0.2582 lr=7.50e-05 elapsed=1822s
2026-09-22 09:16:38 | INFO | step=51900 loss=0.0907 lr=7.49e-05 elapsed=1825s
2026-09-22 09:16:41 | INFO | step=52000 loss=0.1789 lr=7.49e-05 elapsed=1828s
2026-09-22 09:16:42 | INFO | [eval] step=52000 dev_loss=5.7208
2026-09-22 09:16:56 | INFO |   EM on dev subset (200 samples): 0.00%
2026-09-22 09:16:59 | INFO | step=52100 loss=0.1378 lr=7.49e-05 elapsed=1846s
2026-09-22 09:17:01 | INFO | step=52200 loss=0.0226 lr=7.49e-05 elapsed=1848s
2026-09-22 09:17:04 | INFO | step=52300 loss=0.1000 lr=7.49e-05 elapsed=1851s
2026-09-22 09:17:07 | INFO | step=52400 loss=0.0899 lr=7.48e-05 elapsed=1854s
2026-09-22 09:17:10 | INFO | step=52500 loss=0.1847 lr=7.48e-05 elapsed=1857s
2026-09-22 09:17:13 | INFO | step=52600 loss=0.1714 lr=7.48e-05 elapsed=1860s
2026-09-22 09:17:15 | INFO | step=52700 loss=0.2082 lr=7.48e-05 elapsed=1862s
2026-09-22 09:17:18 | INFO | step=52800 loss=0.1010 lr=7.48e-05 elapsed=1865s
2026-09-22 09:17:21 | INFO | step=52900 loss=0.1915 lr=7.47e-05 elapsed=1868s
2026-09-22 09:17:24 | INFO | step=53000 loss=0.2178 lr=7.47e-05 elapsed=1871s
2026-09-22 09:17:26 | INFO | step=53100 loss=0.1047 lr=7.47e-05 elapsed=1873s
2026-09-22 09:17:29 | INFO | step=53200 loss=0.1309 lr=7.47e-05 elapsed=1876s
2026-09-22 09:17:32 | INFO | step=53300 loss=0.1403 lr=7.46e-05 elapsed=1879s
2026-09-22 09:17:35 | INFO | step=53400 loss=0.1194 lr=7.46e-05 elapsed=1882s
2026-09-22 09:17:38 | INFO | step=53500 loss=0.1230 lr=7.46e-05 elapsed=1885s
2026-09-22 09:17:40 | INFO | step=53600 loss=0.0894 lr=7.46e-05 elapsed=1887s
2026-09-22 09:17:43 | INFO | step=53700 loss=0.0980 lr=7.46e-05 elapsed=1890s
2026-09-22 09:17:46 | INFO | step=53800 loss=0.1646 lr=7.45e-05 elapsed=1893s
2026-09-22 09:17:48 | INFO | step=53900 loss=0.0992 lr=7.45e-05 elapsed=1895s
2026-09-22 09:17:51 | INFO | step=54000 loss=0.1117 lr=7.45e-05 elapsed=1898s
2026-09-22 09:17:53 | INFO | [eval] step=54000 dev_loss=5.7204
2026-09-22 09:18:03 | INFO |   EM on dev subset (200 samples): 0.00%
2026-09-22 09:18:05 | INFO | step=54100 loss=0.1359 lr=7.45e-05 elapsed=1912s
2026-09-22 09:18:08 | INFO | step=54200 loss=0.1193 lr=7.45e-05 elapsed=1915s
2026-09-22 09:18:11 | INFO | step=54300 loss=0.1372 lr=7.44e-05 elapsed=1918s
2026-09-22 09:18:14 | INFO | step=54400 loss=0.1367 lr=7.44e-05 elapsed=1921s
2026-09-22 09:18:16 | INFO | step=54500 loss=0.1000 lr=7.44e-05 elapsed=1923s
2026-09-22 09:18:19 | INFO | step=54600 loss=0.0785 lr=7.44e-05 elapsed=1926s
2026-09-22 09:18:22 | INFO | step=54700 loss=0.3081 lr=7.43e-05 elapsed=1929s
2026-09-22 09:18:25 | INFO | step=54800 loss=0.0775 lr=7.43e-05 elapsed=1932s
2026-09-22 09:18:27 | INFO | step=54900 loss=0.1756 lr=7.43e-05 elapsed=1935s
2026-09-22 09:18:30 | INFO | step=55000 loss=0.1872 lr=7.43e-05 elapsed=1937s
2026-09-22 09:18:33 | INFO | step=55100 loss=0.0798 lr=7.43e-05 elapsed=1940s
2026-09-22 09:18:36 | INFO | step=55200 loss=0.0876 lr=7.42e-05 elapsed=1943s
2026-09-22 09:18:39 | INFO | step=55300 loss=0.2263 lr=7.42e-05 elapsed=1946s
2026-09-22 09:18:41 | INFO | step=55400 loss=0.1450 lr=7.42e-05 elapsed=1948s
2026-09-22 09:18:44 | INFO | step=55500 loss=0.0833 lr=7.42e-05 elapsed=1951s
2026-09-22 09:18:47 | INFO | step=55600 loss=0.1087 lr=7.41e-05 elapsed=1954s
2026-09-22 09:18:50 | INFO | step=55700 loss=0.1888 lr=7.41e-05 elapsed=1957s
2026-09-22 09:18:52 | INFO | step=55800 loss=0.2068 lr=7.41e-05 elapsed=1959s
2026-09-22 09:18:55 | INFO | step=55900 loss=0.2535 lr=7.41e-05 elapsed=1962s
2026-09-22 09:18:58 | INFO | step=56000 loss=0.0692 lr=7.41e-05 elapsed=1965s
2026-09-22 09:18:59 | INFO | [eval] step=56000 dev_loss=5.7766
2026-09-22 09:19:10 | INFO |   EM on dev subset (200 samples): 0.00%
2026-09-22 09:19:13 | INFO | step=56100 loss=0.0650 lr=7.40e-05 elapsed=1980s
2026-09-22 09:19:15 | INFO | step=56200 loss=0.1317 lr=7.40e-05 elapsed=1982s
2026-09-22 09:19:18 | INFO | step=56300 loss=0.1075 lr=7.40e-05 elapsed=1985s
2026-09-22 09:19:21 | INFO | step=56400 loss=0.2096 lr=7.40e-05 elapsed=1988s
2026-09-22 09:19:24 | INFO | step=56500 loss=0.0622 lr=7.39e-05 elapsed=1991s
2026-09-22 09:19:26 | INFO | step=56600 loss=0.0639 lr=7.39e-05 elapsed=1993s
2026-09-22 09:19:29 | INFO | step=56700 loss=0.1776 lr=7.39e-05 elapsed=1996s
2026-09-22 09:19:32 | INFO | step=56800 loss=0.0559 lr=7.39e-05 elapsed=1999s
2026-09-22 09:19:35 | INFO | step=56900 loss=0.1696 lr=7.39e-05 elapsed=2002s
2026-09-22 09:19:37 | INFO | step=57000 loss=0.2319 lr=7.38e-05 elapsed=2004s
2026-09-22 09:19:40 | INFO | step=57100 loss=0.3302 lr=7.38e-05 elapsed=2007s
2026-09-22 09:19:43 | INFO | step=57200 loss=0.1339 lr=7.38e-05 elapsed=2010s
2026-09-22 09:19:46 | INFO | step=57300 loss=0.2041 lr=7.38e-05 elapsed=2013s
2026-09-22 09:19:48 | INFO | step=57400 loss=0.1277 lr=7.37e-05 elapsed=2015s
2026-09-22 09:19:51 | INFO | step=57500 loss=0.1748 lr=7.37e-05 elapsed=2018s
2026-09-22 09:19:54 | INFO | step=57600 loss=0.1018 lr=7.37e-05 elapsed=2021s
2026-09-22 09:19:57 | INFO | step=57700 loss=0.1364 lr=7.37e-05 elapsed=2024s
2026-09-22 09:19:59 | INFO | step=57800 loss=0.0695 lr=7.37e-05 elapsed=2027s
2026-09-22 09:20:02 | INFO | step=57900 loss=0.2427 lr=7.36e-05 elapsed=2029s
2026-09-22 09:20:05 | INFO | step=58000 loss=0.1057 lr=7.36e-05 elapsed=2032s
2026-09-22 09:20:07 | INFO | [eval] step=58000 dev_loss=5.8461
2026-09-22 09:20:16 | INFO |   EM on dev subset (200 samples): 0.00%
2026-09-22 09:20:19 | INFO | step=58100 loss=0.0410 lr=7.36e-05 elapsed=2046s
2026-09-22 09:20:22 | INFO | step=58200 loss=0.1068 lr=7.36e-05 elapsed=2049s
2026-09-22 09:20:25 | INFO | step=58300 loss=0.0750 lr=7.35e-05 elapsed=2052s
2026-09-22 09:20:27 | INFO | step=58400 loss=0.0539 lr=7.35e-05 elapsed=2055s
2026-09-22 09:20:30 | INFO | step=58500 loss=0.0860 lr=7.35e-05 elapsed=2057s
2026-09-22 09:20:33 | INFO | step=58600 loss=0.0568 lr=7.35e-05 elapsed=2060s
2026-09-22 09:20:36 | INFO | step=58700 loss=0.3299 lr=7.34e-05 elapsed=2063s
2026-09-22 09:20:39 | INFO | step=58800 loss=0.1816 lr=7.34e-05 elapsed=2066s
2026-09-22 09:20:41 | INFO | step=58900 loss=0.1663 lr=7.34e-05 elapsed=2068s
2026-09-22 09:20:44 | INFO | step=59000 loss=0.0768 lr=7.34e-05 elapsed=2071s
2026-09-22 09:20:47 | INFO | step=59100 loss=0.1023 lr=7.34e-05 elapsed=2074s
2026-09-22 09:20:50 | INFO | step=59200 loss=0.0727 lr=7.33e-05 elapsed=2077s
2026-09-22 09:20:53 | INFO | step=59300 loss=0.1451 lr=7.33e-05 elapsed=2080s
2026-09-22 09:20:55 | INFO | step=59400 loss=0.1077 lr=7.33e-05 elapsed=2082s
2026-09-22 09:20:58 | INFO | step=59500 loss=0.1278 lr=7.33e-05 elapsed=2085s
2026-09-22 09:21:01 | INFO | step=59600 loss=0.0638 lr=7.32e-05 elapsed=2088s
2026-09-22 09:21:04 | INFO | step=59700 loss=0.0794 lr=7.32e-05 elapsed=2091s
2026-09-22 09:21:06 | INFO | step=59800 loss=0.1231 lr=7.32e-05 elapsed=2093s
2026-09-22 09:21:09 | INFO | step=59900 loss=0.0603 lr=7.32e-05 elapsed=2096s
2026-09-22 09:21:12 | INFO | step=60000 loss=0.1383 lr=7.31e-05 elapsed=2099s
2026-09-22 09:21:13 | INFO | [eval] step=60000 dev_loss=5.9356
2026-09-22 09:21:24 | INFO |   EM on dev subset (200 samples): 0.00%
2026-09-22 09:21:31 | INFO | step=60100 loss=0.0504 lr=7.31e-05 elapsed=2118s
2026-09-22 09:21:34 | INFO | step=60200 loss=0.0875 lr=7.31e-05 elapsed=2121s
2026-09-22 09:21:37 | INFO | step=60300 loss=0.0891 lr=7.31e-05 elapsed=2124s
2026-09-22 09:21:39 | INFO | step=60400 loss=0.1017 lr=7.30e-05 elapsed=2126s
2026-09-22 09:21:42 | INFO | step=60500 loss=0.1179 lr=7.30e-05 elapsed=2129s
2026-09-22 09:21:45 | INFO | step=60600 loss=0.1724 lr=7.30e-05 elapsed=2132s
2026-09-22 09:21:48 | INFO | step=60700 loss=0.0301 lr=7.30e-05 elapsed=2135s
2026-09-22 09:21:50 | INFO | step=60800 loss=0.1417 lr=7.29e-05 elapsed=2137s
2026-09-22 09:21:53 | INFO | step=60900 loss=0.0988 lr=7.29e-05 elapsed=2140s
2026-09-22 09:21:56 | INFO | step=61000 loss=0.0520 lr=7.29e-05 elapsed=2143s
2026-09-22 09:21:59 | INFO | step=61100 loss=0.0843 lr=7.29e-05 elapsed=2146s
2026-09-22 09:22:02 | INFO | step=61200 loss=0.1249 lr=7.29e-05 elapsed=2149s
2026-09-22 09:22:04 | INFO | step=61300 loss=0.1013 lr=7.28e-05 elapsed=2151s
2026-09-22 09:22:07 | INFO | step=61400 loss=0.1157 lr=7.28e-05 elapsed=2154s
2026-09-22 09:22:10 | INFO | step=61500 loss=0.2001 lr=7.28e-05 elapsed=2157s
2026-09-22 09:22:13 | INFO | step=61600 loss=0.0279 lr=7.28e-05 elapsed=2160s
2026-09-22 09:22:15 | INFO | step=61700 loss=0.1334 lr=7.27e-05 elapsed=2162s
2026-09-22 09:22:18 | INFO | step=61800 loss=0.0623 lr=7.27e-05 elapsed=2165s
2026-09-22 09:22:21 | INFO | step=61900 loss=0.1175 lr=7.27e-05 elapsed=2168s
2026-09-22 09:22:24 | INFO | step=62000 loss=0.0659 lr=7.27e-05 elapsed=2171s
2026-09-22 09:22:25 | INFO | [eval] step=62000 dev_loss=5.8478
2026-09-22 09:22:37 | INFO |   EM on dev subset (200 samples): 0.00%
2026-09-22 09:22:37 | INFO | Early stopping triggered.
2026-09-22 09:22:37 | INFO | Training complete. Best dev loss: 6.8474
