2026-09-16 05:51:20 | INFO | Device: cuda
2026-09-16 05:51:23 | INFO | Model: standard, k=1, params=614.2M
2026-09-16 05:51:24 | INFO | Training on 7000 examples, eval on 1034
2026-09-16 05:51:24 | INFO | Config: TrainingConfig(model_type='standard', hidden_dim=512, num_encoder_layers=12, num_decoder_layers=12, num_heads=8, num_attributes=1, use_gating=True, use_mixing=True, pairing_strategy='cyclic', pairing_seed=1234, ffn_dim=2048, max_seq_len=512, dropout=0.1, vocab_size=32000, learning_rate=8e-05, weight_decay=0.01, warmup_steps=4000, max_steps=300000, batch_size=4, gradient_accumulation=16, max_grad_norm=1.0, label_smoothing=0.05, eval_every=2000, save_every=20000, patience=30, eval_by_em=True, dataset='spider', nas_dir='/nas/Dataset/nlp', max_src_len=384, max_tgt_len=200, seed=44, num_workers=4, fp16=False, output_dir='/nas/Dataset/experiments/relational-attention/muhiddin_outputs/standard_125m_spider_copy_s44', log_every=100, copy_mechanism=True, num_copy_heads=1)
2026-09-16 05:51:25 | INFO | step=0 loss=8.6744 lr=0.00e+00 elapsed=1s
2026-09-16 05:51:49 | INFO | step=100 loss=8.6259 lr=2.00e-06 elapsed=25s
2026-09-16 05:52:13 | INFO | step=200 loss=8.5454 lr=4.00e-06 elapsed=49s
2026-09-16 05:52:37 | INFO | step=300 loss=8.4855 lr=6.00e-06 elapsed=73s
2026-09-16 05:53:01 | INFO | step=400 loss=7.9427 lr=8.00e-06 elapsed=97s
2026-09-16 05:53:25 | INFO | step=500 loss=8.6452 lr=1.00e-05 elapsed=121s
2026-09-16 05:53:50 | INFO | step=600 loss=7.6880 lr=1.20e-05 elapsed=146s
2026-09-16 05:54:14 | INFO | step=700 loss=7.2273 lr=1.40e-05 elapsed=170s
2026-09-16 05:54:38 | INFO | step=800 loss=8.0064 lr=1.60e-05 elapsed=194s
2026-09-16 05:55:02 | INFO | step=900 loss=8.1459 lr=1.80e-05 elapsed=218s
2026-09-16 05:55:26 | INFO | step=1000 loss=6.6385 lr=2.00e-05 elapsed=242s
2026-09-16 05:55:51 | INFO | step=1100 loss=7.2876 lr=2.20e-05 elapsed=267s
2026-09-16 05:56:15 | INFO | step=1200 loss=8.0572 lr=2.40e-05 elapsed=291s
2026-09-16 05:56:39 | INFO | step=1300 loss=6.7947 lr=2.60e-05 elapsed=315s
2026-09-16 05:57:03 | INFO | step=1400 loss=7.1683 lr=2.80e-05 elapsed=339s
2026-09-16 05:57:27 | INFO | step=1500 loss=5.8693 lr=3.00e-05 elapsed=363s
2026-09-16 05:57:52 | INFO | step=1600 loss=5.6150 lr=3.20e-05 elapsed=388s
2026-09-16 05:58:16 | INFO | step=1700 loss=7.2436 lr=3.40e-05 elapsed=412s
2026-09-16 05:58:40 | INFO | step=1800 loss=6.8567 lr=3.60e-05 elapsed=436s
2026-09-16 05:59:05 | INFO | step=1900 loss=5.9789 lr=3.80e-05 elapsed=461s
2026-09-16 05:59:29 | INFO | step=2000 loss=5.4931 lr=4.00e-05 elapsed=485s
2026-09-16 05:59:39 | INFO | [eval] step=2000 dev_loss=6.5798
2026-09-16 06:00:17 | INFO |   EM on dev subset (200 samples): 0.00%
2026-09-16 06:00:39 | INFO |   -> New best model saved (dev_loss=6.5798)
2026-09-16 06:01:04 | INFO | step=2100 loss=5.5642 lr=4.20e-05 elapsed=580s
2026-09-16 06:01:29 | INFO | step=2200 loss=5.7948 lr=4.40e-05 elapsed=605s
2026-09-16 06:01:53 | INFO | step=2300 loss=5.5638 lr=4.60e-05 elapsed=629s
2026-09-16 06:02:18 | INFO | step=2400 loss=5.4968 lr=4.80e-05 elapsed=654s
2026-09-16 06:02:42 | INFO | step=2500 loss=4.8311 lr=5.00e-05 elapsed=678s
2026-09-16 06:03:06 | INFO | step=2600 loss=5.4804 lr=5.20e-05 elapsed=702s
2026-09-16 06:03:30 | INFO | step=2700 loss=4.1457 lr=5.40e-05 elapsed=726s
2026-09-16 06:03:55 | INFO | step=2800 loss=4.4688 lr=5.60e-05 elapsed=751s
2026-09-16 06:04:19 | INFO | step=2900 loss=4.3185 lr=5.80e-05 elapsed=775s
2026-09-16 06:04:43 | INFO | step=3000 loss=4.8689 lr=6.00e-05 elapsed=799s
2026-09-16 06:05:08 | INFO | step=3100 loss=3.3172 lr=6.20e-05 elapsed=824s
2026-09-16 06:05:32 | INFO | step=3200 loss=3.4890 lr=6.40e-05 elapsed=848s
2026-09-16 06:05:57 | INFO | step=3300 loss=3.7788 lr=6.60e-05 elapsed=873s
2026-09-16 06:06:21 | INFO | step=3400 loss=3.7465 lr=6.80e-05 elapsed=897s
2026-09-16 06:06:45 | INFO | step=3500 loss=3.2324 lr=7.00e-05 elapsed=921s
2026-09-16 06:07:10 | INFO | step=3600 loss=3.3600 lr=7.20e-05 elapsed=946s
2026-09-16 06:07:34 | INFO | step=3700 loss=3.1620 lr=7.40e-05 elapsed=970s
2026-09-16 06:07:58 | INFO | step=3800 loss=2.7054 lr=7.60e-05 elapsed=994s
2026-09-16 06:08:23 | INFO | step=3900 loss=3.1228 lr=7.80e-05 elapsed=1019s
2026-09-16 06:08:47 | INFO | step=4000 loss=2.1640 lr=8.00e-05 elapsed=1043s
2026-09-16 06:08:57 | INFO | [eval] step=4000 dev_loss=4.4445
2026-09-16 06:13:03 | INFO |   EM on dev subset (200 samples): 0.00%
2026-09-16 06:13:28 | INFO | step=4100 loss=2.2662 lr=8.00e-05 elapsed=1324s
2026-09-16 06:13:53 | INFO | step=4200 loss=2.0707 lr=8.00e-05 elapsed=1349s
2026-09-16 06:14:17 | INFO | step=4300 loss=2.5547 lr=8.00e-05 elapsed=1373s
2026-09-16 06:14:42 | INFO | step=4400 loss=2.1430 lr=8.00e-05 elapsed=1398s
2026-09-16 06:15:07 | INFO | step=4500 loss=2.2021 lr=8.00e-05 elapsed=1423s
2026-09-16 06:15:31 | INFO | step=4600 loss=1.6552 lr=8.00e-05 elapsed=1447s
2026-09-16 06:15:55 | INFO | step=4700 loss=2.0375 lr=8.00e-05 elapsed=1471s
2026-09-16 06:16:20 | INFO | step=4800 loss=1.8088 lr=8.00e-05 elapsed=1496s
2026-09-16 06:16:44 | INFO | step=4900 loss=1.9766 lr=8.00e-05 elapsed=1520s
2026-09-16 06:17:08 | INFO | step=5000 loss=1.7858 lr=8.00e-05 elapsed=1544s
2026-09-16 06:17:33 | INFO | step=5100 loss=1.5677 lr=8.00e-05 elapsed=1569s
2026-09-16 06:17:57 | INFO | step=5200 loss=1.6251 lr=8.00e-05 elapsed=1593s
2026-09-16 06:18:22 | INFO | step=5300 loss=2.3992 lr=8.00e-05 elapsed=1618s
2026-09-16 06:18:46 | INFO | step=5400 loss=1.6455 lr=8.00e-05 elapsed=1642s
2026-09-16 06:19:10 | INFO | step=5500 loss=1.7860 lr=8.00e-05 elapsed=1666s
2026-09-16 06:19:35 | INFO | step=5600 loss=1.7806 lr=8.00e-05 elapsed=1691s
2026-09-16 06:19:59 | INFO | step=5700 loss=1.7348 lr=8.00e-05 elapsed=1715s
2026-09-16 06:20:23 | INFO | step=5800 loss=1.6401 lr=8.00e-05 elapsed=1739s
2026-09-16 06:20:48 | INFO | step=5900 loss=1.6071 lr=8.00e-05 elapsed=1764s
2026-09-16 06:21:12 | INFO | step=6000 loss=0.8455 lr=8.00e-05 elapsed=1788s
2026-09-16 06:21:21 | INFO | [eval] step=6000 dev_loss=4.1865
2026-09-16 06:22:53 | INFO |   EM on dev subset (200 samples): 1.50%
2026-09-16 06:23:16 | INFO |   -> New best model saved (dev_loss=4.1865)
2026-09-16 06:23:41 | INFO | step=6100 loss=1.2848 lr=8.00e-05 elapsed=1937s
2026-09-16 06:24:06 | INFO | step=6200 loss=1.9306 lr=8.00e-05 elapsed=1962s
2026-09-16 06:24:30 | INFO | step=6300 loss=1.8812 lr=8.00e-05 elapsed=1986s
2026-09-16 06:24:55 | INFO | step=6400 loss=1.4981 lr=8.00e-05 elapsed=2011s
2026-09-16 06:25:19 | INFO | step=6500 loss=1.2834 lr=8.00e-05 elapsed=2035s
2026-09-16 06:25:43 | INFO | step=6600 loss=1.1808 lr=8.00e-05 elapsed=2059s
2026-09-16 06:26:08 | INFO | step=6700 loss=1.4727 lr=8.00e-05 elapsed=2084s
2026-09-16 06:26:32 | INFO | step=6800 loss=1.1597 lr=8.00e-05 elapsed=2108s
2026-09-16 06:26:57 | INFO | step=6900 loss=1.6180 lr=8.00e-05 elapsed=2133s
2026-09-16 06:27:21 | INFO | step=7000 loss=1.3862 lr=8.00e-05 elapsed=2157s
2026-09-16 06:27:45 | INFO | step=7100 loss=1.2922 lr=8.00e-05 elapsed=2181s
2026-09-16 06:28:10 | INFO | step=7200 loss=1.6108 lr=8.00e-05 elapsed=2206s
2026-09-16 06:28:34 | INFO | step=7300 loss=1.2581 lr=8.00e-05 elapsed=2230s
2026-09-16 06:28:59 | INFO | step=7400 loss=0.7967 lr=8.00e-05 elapsed=2255s
2026-09-16 06:29:23 | INFO | step=7500 loss=1.5001 lr=8.00e-05 elapsed=2279s
2026-09-16 06:29:48 | INFO | step=7600 loss=1.1833 lr=8.00e-05 elapsed=2304s
2026-09-16 06:30:12 | INFO | step=7700 loss=1.0868 lr=8.00e-05 elapsed=2328s
2026-09-16 06:30:37 | INFO | step=7800 loss=1.9381 lr=8.00e-05 elapsed=2353s
2026-09-16 06:31:01 | INFO | step=7900 loss=1.5588 lr=8.00e-05 elapsed=2377s
2026-09-16 06:31:25 | INFO | step=8000 loss=1.8439 lr=8.00e-05 elapsed=2401s
2026-09-16 06:31:35 | INFO | [eval] step=8000 dev_loss=4.1711
2026-09-16 06:32:30 | INFO |   EM on dev subset (200 samples): 1.50%
2026-09-16 06:32:54 | INFO | step=8100 loss=1.0784 lr=8.00e-05 elapsed=2490s
2026-09-16 06:33:19 | INFO | step=8200 loss=1.3759 lr=8.00e-05 elapsed=2514s
2026-09-16 06:33:43 | INFO | step=8300 loss=1.1355 lr=8.00e-05 elapsed=2539s
2026-09-16 06:34:08 | INFO | step=8400 loss=1.0736 lr=8.00e-05 elapsed=2564s
2026-09-16 06:34:32 | INFO | step=8500 loss=1.0488 lr=8.00e-05 elapsed=2588s
2026-09-16 06:34:57 | INFO | step=8600 loss=1.0652 lr=8.00e-05 elapsed=2613s
2026-09-16 06:35:21 | INFO | step=8700 loss=1.0280 lr=8.00e-05 elapsed=2637s
2026-09-16 06:35:46 | INFO | step=8800 loss=1.1253 lr=7.99e-05 elapsed=2662s
2026-09-16 06:36:10 | INFO | step=8900 loss=1.2324 lr=7.99e-05 elapsed=2686s
2026-09-16 06:36:34 | INFO | step=9000 loss=1.3817 lr=7.99e-05 elapsed=2710s
2026-09-16 06:36:59 | INFO | step=9100 loss=1.1250 lr=7.99e-05 elapsed=2735s
2026-09-16 06:37:23 | INFO | step=9200 loss=1.0234 lr=7.99e-05 elapsed=2759s
2026-09-16 06:37:48 | INFO | step=9300 loss=0.6635 lr=7.99e-05 elapsed=2784s
2026-09-16 06:38:12 | INFO | step=9400 loss=0.9328 lr=7.99e-05 elapsed=2808s
2026-09-16 06:38:36 | INFO | step=9500 loss=1.0658 lr=7.99e-05 elapsed=2832s
2026-09-16 06:39:00 | INFO | step=9600 loss=0.9911 lr=7.99e-05 elapsed=2856s
2026-09-16 06:39:23 | INFO | step=9700 loss=1.8445 lr=7.99e-05 elapsed=2879s
2026-09-16 06:39:47 | INFO | step=9800 loss=1.5044 lr=7.99e-05 elapsed=2903s
2026-09-16 06:40:11 | INFO | step=9900 loss=0.8603 lr=7.99e-05 elapsed=2927s
2026-09-16 06:40:35 | INFO | step=10000 loss=0.9004 lr=7.99e-05 elapsed=2951s
2026-09-16 06:40:44 | INFO | [eval] step=10000 dev_loss=4.3275
2026-09-16 06:41:46 | INFO |   EM on dev subset (200 samples): 1.50%
2026-09-16 06:42:09 | INFO | step=10100 loss=1.1820 lr=7.99e-05 elapsed=3045s
2026-09-16 06:42:33 | INFO | step=10200 loss=1.0784 lr=7.99e-05 elapsed=3069s
2026-09-16 06:42:57 | INFO | step=10300 loss=1.1583 lr=7.99e-05 elapsed=3093s
2026-09-16 06:43:21 | INFO | step=10400 loss=1.0032 lr=7.99e-05 elapsed=3117s
2026-09-16 06:43:45 | INFO | step=10500 loss=1.1003 lr=7.99e-05 elapsed=3141s
2026-09-16 06:44:09 | INFO | step=10600 loss=1.0850 lr=7.99e-05 elapsed=3165s
2026-09-16 06:44:32 | INFO | step=10700 loss=1.0973 lr=7.99e-05 elapsed=3188s
2026-09-16 06:44:56 | INFO | step=10800 loss=0.8203 lr=7.99e-05 elapsed=3212s
2026-09-16 06:45:20 | INFO | step=10900 loss=1.3132 lr=7.99e-05 elapsed=3236s
2026-09-16 06:45:44 | INFO | step=11000 loss=0.4027 lr=7.99e-05 elapsed=3260s
2026-09-16 06:46:08 | INFO | step=11100 loss=1.3607 lr=7.99e-05 elapsed=3284s
2026-09-16 06:46:32 | INFO | step=11200 loss=0.8220 lr=7.99e-05 elapsed=3308s
2026-09-16 06:46:55 | INFO | step=11300 loss=0.7917 lr=7.99e-05 elapsed=3331s
2026-09-16 06:47:19 | INFO | step=11400 loss=0.9956 lr=7.99e-05 elapsed=3355s
2026-09-16 06:47:42 | INFO | step=11500 loss=0.7205 lr=7.99e-05 elapsed=3378s
2026-09-16 06:48:06 | INFO | step=11600 loss=0.5355 lr=7.99e-05 elapsed=3402s
2026-09-16 06:48:30 | INFO | step=11700 loss=0.8013 lr=7.99e-05 elapsed=3426s
2026-09-16 06:48:54 | INFO | step=11800 loss=0.4646 lr=7.99e-05 elapsed=3450s
2026-09-16 06:49:18 | INFO | step=11900 loss=0.7534 lr=7.99e-05 elapsed=3473s
2026-09-16 06:49:42 | INFO | step=12000 loss=0.4076 lr=7.99e-05 elapsed=3498s
2026-09-16 06:49:51 | INFO | [eval] step=12000 dev_loss=4.4162
2026-09-16 06:50:57 | INFO |   EM on dev subset (200 samples): 1.00%
2026-09-16 06:51:20 | INFO | step=12100 loss=0.9664 lr=7.99e-05 elapsed=3596s
2026-09-16 06:51:44 | INFO | step=12200 loss=0.8062 lr=7.98e-05 elapsed=3620s
2026-09-16 06:52:08 | INFO | step=12300 loss=1.0511 lr=7.98e-05 elapsed=3644s
2026-09-16 06:52:31 | INFO | step=12400 loss=1.4824 lr=7.98e-05 elapsed=3667s
2026-09-16 06:52:55 | INFO | step=12500 loss=0.6104 lr=7.98e-05 elapsed=3691s
2026-09-16 06:53:19 | INFO | step=12600 loss=0.7058 lr=7.98e-05 elapsed=3715s
2026-09-16 06:53:43 | INFO | step=12700 loss=0.8576 lr=7.98e-05 elapsed=3739s
2026-09-16 06:54:07 | INFO | step=12800 loss=0.4806 lr=7.98e-05 elapsed=3763s
2026-09-16 06:54:30 | INFO | step=12900 loss=0.8309 lr=7.98e-05 elapsed=3786s
2026-09-16 06:54:54 | INFO | step=13000 loss=0.7503 lr=7.98e-05 elapsed=3810s
2026-09-16 06:55:18 | INFO | step=13100 loss=1.8243 lr=7.98e-05 elapsed=3834s
2026-09-16 06:55:42 | INFO | step=13200 loss=0.5995 lr=7.98e-05 elapsed=3858s
2026-09-16 06:56:05 | INFO | step=13300 loss=0.4907 lr=7.98e-05 elapsed=3881s
2026-09-16 06:56:29 | INFO | step=13400 loss=0.7209 lr=7.98e-05 elapsed=3905s
2026-09-16 06:56:53 | INFO | step=13500 loss=1.1487 lr=7.98e-05 elapsed=3929s
2026-09-16 06:57:16 | INFO | step=13600 loss=0.6806 lr=7.98e-05 elapsed=3952s
2026-09-16 06:57:40 | INFO | step=13700 loss=0.5954 lr=7.98e-05 elapsed=3976s
2026-09-16 06:58:04 | INFO | step=13800 loss=0.6791 lr=7.98e-05 elapsed=4000s
2026-09-16 06:58:27 | INFO | step=13900 loss=0.7480 lr=7.98e-05 elapsed=4023s
2026-09-16 06:58:51 | INFO | step=14000 loss=0.4919 lr=7.98e-05 elapsed=4047s
2026-09-16 06:59:01 | INFO | [eval] step=14000 dev_loss=4.5157
2026-09-16 07:00:00 | INFO |   EM on dev subset (200 samples): 1.00%
2026-09-16 07:00:23 | INFO | step=14100 loss=0.3102 lr=7.98e-05 elapsed=4139s
2026-09-16 07:00:47 | INFO | step=14200 loss=0.6557 lr=7.98e-05 elapsed=4163s
2026-09-16 07:01:11 | INFO | step=14300 loss=0.5860 lr=7.98e-05 elapsed=4187s
2026-09-16 07:01:35 | INFO | step=14400 loss=0.3313 lr=7.98e-05 elapsed=4211s
2026-09-16 07:01:59 | INFO | step=14500 loss=0.5145 lr=7.98e-05 elapsed=4235s
2026-09-16 07:02:22 | INFO | step=14600 loss=0.5601 lr=7.97e-05 elapsed=4258s
2026-09-16 07:02:46 | INFO | step=14700 loss=0.6827 lr=7.97e-05 elapsed=4282s
2026-09-16 07:03:10 | INFO | step=14800 loss=0.7195 lr=7.97e-05 elapsed=4306s
2026-09-16 07:03:34 | INFO | step=14900 loss=1.3060 lr=7.97e-05 elapsed=4330s
2026-09-16 07:03:57 | INFO | step=15000 loss=0.8120 lr=7.97e-05 elapsed=4353s
2026-09-16 07:04:21 | INFO | step=15100 loss=0.8909 lr=7.97e-05 elapsed=4377s
2026-09-16 07:04:45 | INFO | step=15200 loss=0.5609 lr=7.97e-05 elapsed=4401s
2026-09-16 07:05:08 | INFO | step=15300 loss=0.6169 lr=7.97e-05 elapsed=4424s
2026-09-16 07:05:32 | INFO | step=15400 loss=0.7438 lr=7.97e-05 elapsed=4448s
2026-09-16 07:05:56 | INFO | step=15500 loss=0.7171 lr=7.97e-05 elapsed=4472s
2026-09-16 07:06:20 | INFO | step=15600 loss=0.9244 lr=7.97e-05 elapsed=4496s
2026-09-16 07:06:43 | INFO | step=15700 loss=0.5794 lr=7.97e-05 elapsed=4519s
2026-09-16 07:07:07 | INFO | step=15800 loss=0.5404 lr=7.97e-05 elapsed=4543s
2026-09-16 07:07:30 | INFO | step=15900 loss=0.6232 lr=7.97e-05 elapsed=4566s
2026-09-16 07:07:55 | INFO | step=16000 loss=0.5186 lr=7.97e-05 elapsed=4590s
2026-09-16 07:08:04 | INFO | [eval] step=16000 dev_loss=4.7492
2026-09-16 07:09:09 | INFO |   EM on dev subset (200 samples): 0.00%
2026-09-16 07:09:33 | INFO | step=16100 loss=0.9008 lr=7.97e-05 elapsed=4689s
2026-09-16 07:09:57 | INFO | step=16200 loss=0.5319 lr=7.97e-05 elapsed=4713s
2026-09-16 07:10:20 | INFO | step=16300 loss=1.0138 lr=7.97e-05 elapsed=4736s
2026-09-16 07:10:44 | INFO | step=16400 loss=0.7001 lr=7.97e-05 elapsed=4760s
2026-09-16 07:11:08 | INFO | step=16500 loss=1.1111 lr=7.96e-05 elapsed=4784s
2026-09-16 07:11:32 | INFO | step=16600 loss=0.9158 lr=7.96e-05 elapsed=4808s
2026-09-16 07:11:55 | INFO | step=16700 loss=0.6423 lr=7.96e-05 elapsed=4831s
2026-09-16 07:12:19 | INFO | step=16800 loss=0.9884 lr=7.96e-05 elapsed=4855s
2026-09-16 07:12:43 | INFO | step=16900 loss=0.8760 lr=7.96e-05 elapsed=4879s
2026-09-16 07:13:06 | INFO | step=17000 loss=0.6922 lr=7.96e-05 elapsed=4902s
2026-09-16 07:13:30 | INFO | step=17100 loss=0.6317 lr=7.96e-05 elapsed=4926s
2026-09-16 07:13:54 | INFO | step=17200 loss=0.5179 lr=7.96e-05 elapsed=4950s
2026-09-16 07:14:18 | INFO | step=17300 loss=0.3863 lr=7.96e-05 elapsed=4974s
2026-09-16 07:14:42 | INFO | step=17400 loss=0.5624 lr=7.96e-05 elapsed=4998s
2026-09-16 07:15:05 | INFO | step=17500 loss=0.4502 lr=7.96e-05 elapsed=5021s
2026-09-16 07:15:29 | INFO | step=17600 loss=0.4503 lr=7.96e-05 elapsed=5045s
2026-09-16 07:15:53 | INFO | step=17700 loss=0.3211 lr=7.96e-05 elapsed=5069s
2026-09-16 07:16:17 | INFO | step=17800 loss=0.3520 lr=7.96e-05 elapsed=5093s
2026-09-16 07:16:40 | INFO | step=17900 loss=0.3703 lr=7.96e-05 elapsed=5116s
2026-09-16 07:17:04 | INFO | step=18000 loss=0.7986 lr=7.96e-05 elapsed=5140s
2026-09-16 07:17:14 | INFO | [eval] step=18000 dev_loss=4.8762
2026-09-16 07:18:51 | INFO |   EM on dev subset (200 samples): 0.00%
2026-09-16 07:19:15 | INFO | step=18100 loss=0.4117 lr=7.96e-05 elapsed=5271s
2026-09-16 07:19:39 | INFO | step=18200 loss=0.5041 lr=7.95e-05 elapsed=5295s
2026-09-16 07:20:02 | INFO | step=18300 loss=0.6837 lr=7.95e-05 elapsed=5318s
2026-09-16 07:20:26 | INFO | step=18400 loss=0.5231 lr=7.95e-05 elapsed=5342s
2026-09-16 07:20:50 | INFO | step=18500 loss=0.1902 lr=7.95e-05 elapsed=5366s
2026-09-16 07:21:14 | INFO | step=18600 loss=0.5811 lr=7.95e-05 elapsed=5390s
2026-09-16 07:21:37 | INFO | step=18700 loss=0.5854 lr=7.95e-05 elapsed=5413s
2026-09-16 07:22:01 | INFO | step=18800 loss=0.8024 lr=7.95e-05 elapsed=5437s
2026-09-16 07:22:25 | INFO | step=18900 loss=1.0355 lr=7.95e-05 elapsed=5461s
2026-09-16 07:22:49 | INFO | step=19000 loss=0.5399 lr=7.95e-05 elapsed=5485s
2026-09-16 07:23:12 | INFO | step=19100 loss=0.2576 lr=7.95e-05 elapsed=5508s
2026-09-16 07:23:36 | INFO | step=19200 loss=0.5778 lr=7.95e-05 elapsed=5532s
2026-09-16 07:24:00 | INFO | step=19300 loss=0.4766 lr=7.95e-05 elapsed=5556s
2026-09-16 07:24:23 | INFO | step=19400 loss=0.5556 lr=7.95e-05 elapsed=5579s
2026-09-16 07:24:47 | INFO | step=19500 loss=0.8079 lr=7.95e-05 elapsed=5603s
2026-09-16 07:25:11 | INFO | step=19600 loss=0.4863 lr=7.95e-05 elapsed=5627s
2026-09-16 07:25:35 | INFO | step=19700 loss=0.4390 lr=7.94e-05 elapsed=5651s
2026-09-16 07:25:58 | INFO | step=19800 loss=0.3811 lr=7.94e-05 elapsed=5674s
2026-09-16 07:26:22 | INFO | step=19900 loss=0.7618 lr=7.94e-05 elapsed=5698s
2026-09-16 07:26:46 | INFO | step=20000 loss=0.5687 lr=7.94e-05 elapsed=5722s
2026-09-16 07:26:56 | INFO | [eval] step=20000 dev_loss=4.9834
2026-09-16 07:28:00 | INFO |   EM on dev subset (200 samples): 0.50%
2026-09-16 07:28:46 | INFO | step=20100 loss=0.3834 lr=7.94e-05 elapsed=5842s
2026-09-16 07:29:10 | INFO | step=20200 loss=0.6381 lr=7.94e-05 elapsed=5866s
2026-09-16 07:29:34 | INFO | step=20300 loss=0.4540 lr=7.94e-05 elapsed=5890s
2026-09-16 07:29:57 | INFO | step=20400 loss=0.3685 lr=7.94e-05 elapsed=5913s
2026-09-16 07:30:21 | INFO | step=20500 loss=0.4596 lr=7.94e-05 elapsed=5937s
2026-09-16 07:30:45 | INFO | step=20600 loss=0.7525 lr=7.94e-05 elapsed=5961s
2026-09-16 07:31:09 | INFO | step=20700 loss=0.4055 lr=7.94e-05 elapsed=5985s
2026-09-16 07:31:32 | INFO | step=20800 loss=0.3806 lr=7.94e-05 elapsed=6008s
2026-09-16 07:31:56 | INFO | step=20900 loss=0.5223 lr=7.94e-05 elapsed=6032s
2026-09-16 07:32:20 | INFO | step=21000 loss=0.1792 lr=7.94e-05 elapsed=6056s
2026-09-16 07:32:43 | INFO | step=21100 loss=0.4162 lr=7.93e-05 elapsed=6079s
2026-09-16 07:33:07 | INFO | step=21200 loss=0.4657 lr=7.93e-05 elapsed=6103s
2026-09-16 07:33:31 | INFO | step=21300 loss=0.3307 lr=7.93e-05 elapsed=6127s
2026-09-16 07:33:54 | INFO | step=21400 loss=0.4479 lr=7.93e-05 elapsed=6150s
2026-09-16 07:34:18 | INFO | step=21500 loss=0.4176 lr=7.93e-05 elapsed=6174s
2026-09-16 07:34:42 | INFO | step=21600 loss=0.3422 lr=7.93e-05 elapsed=6198s
2026-09-16 07:35:06 | INFO | step=21700 loss=0.6314 lr=7.93e-05 elapsed=6222s
2026-09-16 07:35:29 | INFO | step=21800 loss=0.3554 lr=7.93e-05 elapsed=6245s
2026-09-16 07:35:53 | INFO | step=21900 loss=0.3151 lr=7.93e-05 elapsed=6269s
2026-09-16 07:36:17 | INFO | step=22000 loss=0.2831 lr=7.93e-05 elapsed=6293s
2026-09-16 07:36:26 | INFO | [eval] step=22000 dev_loss=5.0024
2026-09-16 07:37:27 | INFO |   EM on dev subset (200 samples): 0.50%
2026-09-16 07:37:51 | INFO | step=22100 loss=0.4210 lr=7.93e-05 elapsed=6387s
2026-09-16 07:38:14 | INFO | step=22200 loss=0.6330 lr=7.93e-05 elapsed=6410s
2026-09-16 07:38:38 | INFO | step=22300 loss=0.3746 lr=7.92e-05 elapsed=6434s
2026-09-16 07:39:02 | INFO | step=22400 loss=0.7300 lr=7.92e-05 elapsed=6458s
2026-09-16 07:39:26 | INFO | step=22500 loss=0.5211 lr=7.92e-05 elapsed=6482s
2026-09-16 07:39:50 | INFO | step=22600 loss=0.3868 lr=7.92e-05 elapsed=6506s
2026-09-16 07:40:13 | INFO | step=22700 loss=0.2582 lr=7.92e-05 elapsed=6529s
2026-09-16 07:40:37 | INFO | step=22800 loss=0.3656 lr=7.92e-05 elapsed=6553s
2026-09-16 07:41:01 | INFO | step=22900 loss=0.3881 lr=7.92e-05 elapsed=6577s
2026-09-16 07:41:24 | INFO | step=23000 loss=0.2628 lr=7.92e-05 elapsed=6600s
2026-09-16 07:41:48 | INFO | step=23100 loss=0.3582 lr=7.92e-05 elapsed=6624s
2026-09-16 07:42:12 | INFO | step=23200 loss=0.3893 lr=7.92e-05 elapsed=6648s
2026-09-16 07:42:36 | INFO | step=23300 loss=0.3207 lr=7.92e-05 elapsed=6672s
2026-09-16 07:42:59 | INFO | step=23400 loss=0.3068 lr=7.92e-05 elapsed=6695s
2026-09-16 07:43:23 | INFO | step=23500 loss=0.5057 lr=7.91e-05 elapsed=6719s
2026-09-16 07:43:47 | INFO | step=23600 loss=0.4717 lr=7.91e-05 elapsed=6743s
2026-09-16 07:44:11 | INFO | step=23700 loss=0.2703 lr=7.91e-05 elapsed=6767s
2026-09-16 07:44:35 | INFO | step=23800 loss=0.5382 lr=7.91e-05 elapsed=6791s
2026-09-16 07:44:58 | INFO | step=23900 loss=0.3849 lr=7.91e-05 elapsed=6814s
2026-09-16 07:45:22 | INFO | step=24000 loss=0.8140 lr=7.91e-05 elapsed=6838s
2026-09-16 07:45:31 | INFO | [eval] step=24000 dev_loss=5.0025
2026-09-16 07:46:40 | INFO |   EM on dev subset (200 samples): 1.00%
2026-09-16 07:47:03 | INFO | step=24100 loss=0.4679 lr=7.91e-05 elapsed=6939s
2026-09-16 07:47:27 | INFO | step=24200 loss=0.2754 lr=7.91e-05 elapsed=6963s
2026-09-16 07:47:51 | INFO | step=24300 loss=0.4680 lr=7.91e-05 elapsed=6987s
2026-09-16 07:48:15 | INFO | step=24400 loss=0.6460 lr=7.91e-05 elapsed=7011s
2026-09-16 07:48:38 | INFO | step=24500 loss=0.1537 lr=7.91e-05 elapsed=7034s
2026-09-16 07:49:02 | INFO | step=24600 loss=0.3571 lr=7.90e-05 elapsed=7058s
2026-09-16 07:49:26 | INFO | step=24700 loss=0.2105 lr=7.90e-05 elapsed=7082s
2026-09-16 07:49:50 | INFO | step=24800 loss=0.3389 lr=7.90e-05 elapsed=7106s
2026-09-16 07:50:13 | INFO | step=24900 loss=0.4614 lr=7.90e-05 elapsed=7129s
2026-09-16 07:50:37 | INFO | step=25000 loss=0.3799 lr=7.90e-05 elapsed=7153s
2026-09-16 07:51:01 | INFO | step=25100 loss=0.2397 lr=7.90e-05 elapsed=7177s
2026-09-16 07:51:25 | INFO | step=25200 loss=0.4257 lr=7.90e-05 elapsed=7201s
2026-09-16 07:51:48 | INFO | step=25300 loss=0.3648 lr=7.90e-05 elapsed=7224s
2026-09-16 07:52:12 | INFO | step=25400 loss=0.3012 lr=7.90e-05 elapsed=7248s
2026-09-16 07:52:36 | INFO | step=25500 loss=0.5361 lr=7.90e-05 elapsed=7272s
2026-09-16 07:52:59 | INFO | step=25600 loss=0.1529 lr=7.90e-05 elapsed=7295s
2026-09-16 07:53:23 | INFO | step=25700 loss=0.2361 lr=7.89e-05 elapsed=7319s
2026-09-16 07:53:47 | INFO | step=25800 loss=0.4370 lr=7.89e-05 elapsed=7343s
2026-09-16 07:54:11 | INFO | step=25900 loss=0.2042 lr=7.89e-05 elapsed=7367s
2026-09-16 07:54:35 | INFO | step=26000 loss=0.1742 lr=7.89e-05 elapsed=7391s
2026-09-16 07:54:44 | INFO | [eval] step=26000 dev_loss=5.1205
2026-09-16 07:55:49 | INFO |   EM on dev subset (200 samples): 1.00%
2026-09-16 07:56:12 | INFO | step=26100 loss=0.1045 lr=7.89e-05 elapsed=7488s
2026-09-16 07:56:36 | INFO | step=26200 loss=0.4019 lr=7.89e-05 elapsed=7512s
2026-09-16 07:57:00 | INFO | step=26300 loss=0.3424 lr=7.89e-05 elapsed=7536s
2026-09-16 07:57:24 | INFO | step=26400 loss=0.3558 lr=7.89e-05 elapsed=7560s
2026-09-16 07:57:48 | INFO | step=26500 loss=0.1462 lr=7.89e-05 elapsed=7584s
2026-09-16 07:58:11 | INFO | step=26600 loss=0.1964 lr=7.89e-05 elapsed=7607s
2026-09-16 07:58:35 | INFO | step=26700 loss=0.5351 lr=7.88e-05 elapsed=7631s
2026-09-16 07:58:59 | INFO | step=26800 loss=0.2041 lr=7.88e-05 elapsed=7655s
2026-09-16 07:59:23 | INFO | step=26900 loss=0.4131 lr=7.88e-05 elapsed=7679s
2026-09-16 07:59:47 | INFO | step=27000 loss=0.2058 lr=7.88e-05 elapsed=7703s
2026-09-16 08:00:10 | INFO | step=27100 loss=0.4689 lr=7.88e-05 elapsed=7726s
2026-09-16 08:00:34 | INFO | step=27200 loss=0.1655 lr=7.88e-05 elapsed=7750s
2026-09-16 08:00:58 | INFO | step=27300 loss=0.3259 lr=7.88e-05 elapsed=7774s
2026-09-16 08:01:22 | INFO | step=27400 loss=0.3381 lr=7.88e-05 elapsed=7798s
2026-09-16 08:01:45 | INFO | step=27500 loss=0.1805 lr=7.88e-05 elapsed=7821s
2026-09-16 08:02:09 | INFO | step=27600 loss=0.2436 lr=7.88e-05 elapsed=7845s
2026-09-16 08:02:33 | INFO | step=27700 loss=0.4377 lr=7.87e-05 elapsed=7869s
2026-09-16 08:02:56 | INFO | step=27800 loss=0.3463 lr=7.87e-05 elapsed=7892s
2026-09-16 08:03:20 | INFO | step=27900 loss=0.2273 lr=7.87e-05 elapsed=7916s
2026-09-16 08:03:44 | INFO | step=28000 loss=0.3307 lr=7.87e-05 elapsed=7940s
2026-09-16 08:03:53 | INFO | [eval] step=28000 dev_loss=5.1763
2026-09-16 08:04:57 | INFO |   EM on dev subset (200 samples): 1.50%
2026-09-16 08:05:21 | INFO | step=28100 loss=0.2011 lr=7.87e-05 elapsed=8037s
2026-09-16 08:05:45 | INFO | step=28200 loss=0.4517 lr=7.87e-05 elapsed=8061s
2026-09-16 08:06:09 | INFO | step=28300 loss=0.4115 lr=7.87e-05 elapsed=8085s
2026-09-16 08:06:32 | INFO | step=28400 loss=0.1918 lr=7.87e-05 elapsed=8108s
2026-09-16 08:06:56 | INFO | step=28500 loss=0.3044 lr=7.87e-05 elapsed=8132s
2026-09-16 08:07:20 | INFO | step=28600 loss=0.3244 lr=7.86e-05 elapsed=8156s
2026-09-16 08:07:43 | INFO | step=28700 loss=0.3691 lr=7.86e-05 elapsed=8179s
2026-09-16 08:08:07 | INFO | step=28800 loss=0.3639 lr=7.86e-05 elapsed=8203s
2026-09-16 08:08:31 | INFO | step=28900 loss=0.2649 lr=7.86e-05 elapsed=8227s
2026-09-16 08:08:54 | INFO | step=29000 loss=0.3078 lr=7.86e-05 elapsed=8250s
2026-09-16 08:09:18 | INFO | step=29100 loss=0.3059 lr=7.86e-05 elapsed=8274s
2026-09-16 08:09:42 | INFO | step=29200 loss=0.3000 lr=7.86e-05 elapsed=8297s
2026-09-16 08:10:05 | INFO | step=29300 loss=0.4581 lr=7.86e-05 elapsed=8321s
2026-09-16 08:10:29 | INFO | step=29400 loss=0.0974 lr=7.86e-05 elapsed=8345s
2026-09-16 08:10:53 | INFO | step=29500 loss=0.2911 lr=7.85e-05 elapsed=8369s
2026-09-16 08:11:17 | INFO | step=29600 loss=0.5115 lr=7.85e-05 elapsed=8393s
2026-09-16 08:11:40 | INFO | step=29700 loss=0.2716 lr=7.85e-05 elapsed=8416s
2026-09-16 08:12:04 | INFO | step=29800 loss=0.2264 lr=7.85e-05 elapsed=8440s
2026-09-16 08:12:27 | INFO | step=29900 loss=0.3489 lr=7.85e-05 elapsed=8463s
2026-09-16 08:12:51 | INFO | step=30000 loss=0.5151 lr=7.85e-05 elapsed=8487s
2026-09-16 08:13:00 | INFO | [eval] step=30000 dev_loss=5.2488
2026-09-16 08:14:12 | INFO |   EM on dev subset (200 samples): 1.00%
2026-09-16 08:14:36 | INFO | step=30100 loss=0.2076 lr=7.85e-05 elapsed=8592s
2026-09-16 08:15:00 | INFO | step=30200 loss=0.2035 lr=7.85e-05 elapsed=8616s
2026-09-16 08:15:24 | INFO | step=30300 loss=0.2185 lr=7.85e-05 elapsed=8640s
2026-09-16 08:15:48 | INFO | step=30400 loss=0.1678 lr=7.84e-05 elapsed=8664s
2026-09-16 08:16:12 | INFO | step=30500 loss=0.4673 lr=7.84e-05 elapsed=8688s
2026-09-16 08:16:35 | INFO | step=30600 loss=0.3347 lr=7.84e-05 elapsed=8711s
2026-09-16 08:16:59 | INFO | step=30700 loss=0.1775 lr=7.84e-05 elapsed=8735s
2026-09-16 08:17:23 | INFO | step=30800 loss=0.2273 lr=7.84e-05 elapsed=8759s
2026-09-16 08:17:47 | INFO | step=30900 loss=0.1229 lr=7.84e-05 elapsed=8783s
2026-09-16 08:18:10 | INFO | step=31000 loss=0.3669 lr=7.84e-05 elapsed=8806s
2026-09-16 08:18:33 | INFO | step=31100 loss=0.6314 lr=7.84e-05 elapsed=8829s
2026-09-16 08:18:58 | INFO | step=31200 loss=0.1901 lr=7.83e-05 elapsed=8854s
2026-09-16 08:19:21 | INFO | step=31300 loss=0.1735 lr=7.83e-05 elapsed=8877s
2026-09-16 08:19:45 | INFO | step=31400 loss=0.1143 lr=7.83e-05 elapsed=8901s
2026-09-16 08:20:09 | INFO | step=31500 loss=0.2197 lr=7.83e-05 elapsed=8925s
2026-09-16 08:20:32 | INFO | step=31600 loss=0.1393 lr=7.83e-05 elapsed=8948s
2026-09-16 08:20:56 | INFO | step=31700 loss=0.1855 lr=7.83e-05 elapsed=8972s
2026-09-16 08:21:20 | INFO | step=31800 loss=0.1326 lr=7.83e-05 elapsed=8996s
2026-09-16 08:21:44 | INFO | step=31900 loss=0.1407 lr=7.83e-05 elapsed=9020s
2026-09-16 08:22:08 | INFO | step=32000 loss=0.1751 lr=7.82e-05 elapsed=9044s
2026-09-16 08:22:17 | INFO | [eval] step=32000 dev_loss=5.2675
2026-09-16 08:23:25 | INFO |   EM on dev subset (200 samples): 0.50%
2026-09-16 08:23:49 | INFO | step=32100 loss=0.1705 lr=7.82e-05 elapsed=9145s
2026-09-16 08:24:13 | INFO | step=32200 loss=0.0964 lr=7.82e-05 elapsed=9169s
2026-09-16 08:24:37 | INFO | step=32300 loss=0.2143 lr=7.82e-05 elapsed=9193s
2026-09-16 08:25:00 | INFO | step=32400 loss=0.1918 lr=7.82e-05 elapsed=9216s
2026-09-16 08:25:24 | INFO | step=32500 loss=0.1812 lr=7.82e-05 elapsed=9240s
2026-09-16 08:25:48 | INFO | step=32600 loss=0.2099 lr=7.82e-05 elapsed=9264s
2026-09-16 08:26:12 | INFO | step=32700 loss=0.0283 lr=7.82e-05 elapsed=9288s
2026-09-16 08:26:35 | INFO | step=32800 loss=0.4060 lr=7.81e-05 elapsed=9311s
2026-09-16 08:26:59 | INFO | step=32900 loss=0.1510 lr=7.81e-05 elapsed=9335s
2026-09-16 08:27:23 | INFO | step=33000 loss=0.1319 lr=7.81e-05 elapsed=9359s
2026-09-16 08:27:46 | INFO | step=33100 loss=0.3652 lr=7.81e-05 elapsed=9382s
2026-09-16 08:28:10 | INFO | step=33200 loss=0.2262 lr=7.81e-05 elapsed=9406s
2026-09-16 08:28:34 | INFO | step=33300 loss=0.1351 lr=7.81e-05 elapsed=9430s
2026-09-16 08:28:58 | INFO | step=33400 loss=0.1953 lr=7.81e-05 elapsed=9454s
2026-09-16 08:29:22 | INFO | step=33500 loss=0.2691 lr=7.81e-05 elapsed=9478s
2026-09-16 08:29:46 | INFO | step=33600 loss=0.2703 lr=7.80e-05 elapsed=9502s
2026-09-16 08:30:09 | INFO | step=33700 loss=0.0987 lr=7.80e-05 elapsed=9525s
2026-09-16 08:30:33 | INFO | step=33800 loss=0.1114 lr=7.80e-05 elapsed=9549s
2026-09-16 08:30:57 | INFO | step=33900 loss=0.1444 lr=7.80e-05 elapsed=9573s
2026-09-16 08:31:21 | INFO | step=34000 loss=0.2738 lr=7.80e-05 elapsed=9597s
2026-09-16 08:31:30 | INFO | [eval] step=34000 dev_loss=5.2879
2026-09-16 08:32:47 | INFO |   EM on dev subset (200 samples): 1.00%
2026-09-16 08:33:11 | INFO | step=34100 loss=0.3301 lr=7.80e-05 elapsed=9707s
2026-09-16 08:33:34 | INFO | step=34200 loss=0.1675 lr=7.80e-05 elapsed=9730s
2026-09-16 08:33:58 | INFO | step=34300 loss=0.2144 lr=7.79e-05 elapsed=9754s
2026-09-16 08:34:22 | INFO | step=34400 loss=0.1362 lr=7.79e-05 elapsed=9778s
2026-09-16 08:34:46 | INFO | step=34500 loss=0.2276 lr=7.79e-05 elapsed=9802s
2026-09-16 08:35:09 | INFO | step=34600 loss=0.1353 lr=7.79e-05 elapsed=9825s
2026-09-16 08:35:33 | INFO | step=34700 loss=0.0699 lr=7.79e-05 elapsed=9849s
2026-09-16 08:35:57 | INFO | step=34800 loss=0.2847 lr=7.79e-05 elapsed=9873s
2026-09-16 08:36:21 | INFO | step=34900 loss=0.1869 lr=7.79e-05 elapsed=9897s
2026-09-16 08:36:44 | INFO | step=35000 loss=0.1104 lr=7.79e-05 elapsed=9920s
2026-09-16 08:37:08 | INFO | step=35100 loss=0.1648 lr=7.78e-05 elapsed=9944s
2026-09-16 08:37:32 | INFO | step=35200 loss=0.3883 lr=7.78e-05 elapsed=9968s
2026-09-16 08:37:55 | INFO | step=35300 loss=0.0726 lr=7.78e-05 elapsed=9991s
2026-09-16 08:38:19 | INFO | step=35400 loss=0.0913 lr=7.78e-05 elapsed=10015s
2026-09-16 08:38:43 | INFO | step=35500 loss=0.1120 lr=7.78e-05 elapsed=10039s
2026-09-16 08:39:07 | INFO | step=35600 loss=0.1663 lr=7.78e-05 elapsed=10063s
2026-09-16 08:39:31 | INFO | step=35700 loss=0.1523 lr=7.78e-05 elapsed=10087s
2026-09-16 08:39:54 | INFO | step=35800 loss=0.0948 lr=7.77e-05 elapsed=10110s
2026-09-16 08:40:18 | INFO | step=35900 loss=0.1514 lr=7.77e-05 elapsed=10134s
2026-09-16 08:40:42 | INFO | step=36000 loss=0.2194 lr=7.77e-05 elapsed=10158s
2026-09-16 08:40:51 | INFO | [eval] step=36000 dev_loss=5.3711
2026-09-16 08:42:00 | INFO |   EM on dev subset (200 samples): 0.00%
2026-09-16 08:42:24 | INFO | step=36100 loss=0.1103 lr=7.77e-05 elapsed=10260s
2026-09-16 08:42:48 | INFO | step=36200 loss=0.0889 lr=7.77e-05 elapsed=10284s
2026-09-16 08:43:11 | INFO | step=36300 loss=0.2938 lr=7.77e-05 elapsed=10307s
2026-09-16 08:43:35 | INFO | step=36400 loss=0.1234 lr=7.77e-05 elapsed=10331s
2026-09-16 08:43:58 | INFO | step=36500 loss=0.1284 lr=7.76e-05 elapsed=10354s
2026-09-16 08:44:22 | INFO | step=36600 loss=0.1974 lr=7.76e-05 elapsed=10378s
2026-09-16 08:44:46 | INFO | step=36700 loss=0.2317 lr=7.76e-05 elapsed=10402s
2026-09-16 08:45:10 | INFO | step=36800 loss=0.1625 lr=7.76e-05 elapsed=10426s
2026-09-16 08:45:34 | INFO | step=36900 loss=0.1216 lr=7.76e-05 elapsed=10450s
2026-09-16 08:45:57 | INFO | step=37000 loss=0.3888 lr=7.76e-05 elapsed=10473s
2026-09-16 08:46:21 | INFO | step=37100 loss=0.0878 lr=7.76e-05 elapsed=10497s
2026-09-16 08:46:45 | INFO | step=37200 loss=0.1110 lr=7.75e-05 elapsed=10521s
2026-09-16 08:47:09 | INFO | step=37300 loss=0.1013 lr=7.75e-05 elapsed=10545s
2026-09-16 08:47:33 | INFO | step=37400 loss=0.0581 lr=7.75e-05 elapsed=10569s
2026-09-16 08:47:56 | INFO | step=37500 loss=0.1293 lr=7.75e-05 elapsed=10592s
2026-09-16 08:48:20 | INFO | step=37600 loss=0.1463 lr=7.75e-05 elapsed=10616s
2026-09-16 08:48:44 | INFO | step=37700 loss=0.0878 lr=7.75e-05 elapsed=10640s
2026-09-16 08:49:08 | INFO | step=37800 loss=0.2493 lr=7.75e-05 elapsed=10664s
2026-09-16 08:49:32 | INFO | step=37900 loss=0.1752 lr=7.74e-05 elapsed=10688s
2026-09-16 08:49:56 | INFO | step=38000 loss=0.2437 lr=7.74e-05 elapsed=10712s
2026-09-16 08:50:05 | INFO | [eval] step=38000 dev_loss=5.3668
2026-09-16 08:51:22 | INFO |   EM on dev subset (200 samples): 0.00%
2026-09-16 08:51:46 | INFO | step=38100 loss=0.3089 lr=7.74e-05 elapsed=10822s
2026-09-16 08:52:09 | INFO | step=38200 loss=0.2175 lr=7.74e-05 elapsed=10845s
2026-09-16 08:52:33 | INFO | step=38300 loss=0.2665 lr=7.74e-05 elapsed=10869s
2026-09-16 08:52:57 | INFO | step=38400 loss=0.1248 lr=7.74e-05 elapsed=10893s
2026-09-16 08:53:21 | INFO | step=38500 loss=0.1378 lr=7.73e-05 elapsed=10917s
2026-09-16 08:53:45 | INFO | step=38600 loss=0.1059 lr=7.73e-05 elapsed=10940s
2026-09-16 08:54:08 | INFO | step=38700 loss=0.1220 lr=7.73e-05 elapsed=10964s
2026-09-16 08:54:32 | INFO | step=38800 loss=0.0922 lr=7.73e-05 elapsed=10988s
2026-09-16 08:54:55 | INFO | step=38900 loss=0.0523 lr=7.73e-05 elapsed=11011s
2026-09-16 08:55:19 | INFO | step=39000 loss=0.1218 lr=7.73e-05 elapsed=11035s
2026-09-16 08:55:43 | INFO | step=39100 loss=0.1727 lr=7.73e-05 elapsed=11059s
2026-09-16 08:56:07 | INFO | step=39200 loss=0.0649 lr=7.72e-05 elapsed=11083s
2026-09-16 08:56:30 | INFO | step=39300 loss=0.0805 lr=7.72e-05 elapsed=11106s
2026-09-16 08:56:54 | INFO | step=39400 loss=0.1105 lr=7.72e-05 elapsed=11130s
2026-09-16 08:57:17 | INFO | step=39500 loss=0.2654 lr=7.72e-05 elapsed=11153s
2026-09-16 08:57:41 | INFO | step=39600 loss=0.1532 lr=7.72e-05 elapsed=11177s
2026-09-16 08:58:05 | INFO | step=39700 loss=0.0641 lr=7.72e-05 elapsed=11201s
2026-09-16 08:58:29 | INFO | step=39800 loss=0.1480 lr=7.71e-05 elapsed=11225s
2026-09-16 08:58:53 | INFO | step=39900 loss=0.2114 lr=7.71e-05 elapsed=11249s
2026-09-16 08:59:17 | INFO | step=40000 loss=0.0867 lr=7.71e-05 elapsed=11273s
2026-09-16 08:59:26 | INFO | [eval] step=40000 dev_loss=5.4503
2026-09-16 09:00:35 | INFO |   EM on dev subset (200 samples): 0.00%
2026-09-16 09:01:21 | INFO | step=40100 loss=0.1142 lr=7.71e-05 elapsed=11397s
2026-09-16 09:01:45 | INFO | step=40200 loss=0.0950 lr=7.71e-05 elapsed=11421s
2026-09-16 09:02:09 | INFO | step=40300 loss=0.0877 lr=7.71e-05 elapsed=11445s
2026-09-16 09:02:33 | INFO | step=40400 loss=0.1674 lr=7.71e-05 elapsed=11469s
2026-09-16 09:02:56 | INFO | step=40500 loss=0.1096 lr=7.70e-05 elapsed=11492s
2026-09-16 09:03:20 | INFO | step=40600 loss=0.0565 lr=7.70e-05 elapsed=11516s
2026-09-16 09:03:44 | INFO | step=40700 loss=0.1057 lr=7.70e-05 elapsed=11540s
2026-09-16 09:04:08 | INFO | step=40800 loss=0.1798 lr=7.70e-05 elapsed=11564s
2026-09-16 09:04:31 | INFO | step=40900 loss=0.1376 lr=7.70e-05 elapsed=11587s
2026-09-16 09:04:55 | INFO | step=41000 loss=0.1007 lr=7.70e-05 elapsed=11611s
2026-09-16 09:05:19 | INFO | step=41100 loss=0.1535 lr=7.69e-05 elapsed=11635s
2026-09-16 09:05:43 | INFO | step=41200 loss=0.1315 lr=7.69e-05 elapsed=11659s
2026-09-16 09:06:06 | INFO | step=41300 loss=0.1599 lr=7.69e-05 elapsed=11682s
2026-09-16 09:06:30 | INFO | step=41400 loss=0.1808 lr=7.69e-05 elapsed=11706s
2026-09-16 09:06:54 | INFO | step=41500 loss=0.1956 lr=7.69e-05 elapsed=11730s
2026-09-16 09:07:17 | INFO | step=41600 loss=0.0641 lr=7.69e-05 elapsed=11753s
2026-09-16 09:07:41 | INFO | step=41700 loss=0.1587 lr=7.68e-05 elapsed=11777s
2026-09-16 09:08:05 | INFO | step=41800 loss=0.0396 lr=7.68e-05 elapsed=11801s
2026-09-16 09:08:29 | INFO | step=41900 loss=0.0202 lr=7.68e-05 elapsed=11825s
2026-09-16 09:08:53 | INFO | step=42000 loss=0.1317 lr=7.68e-05 elapsed=11849s
2026-09-16 09:09:02 | INFO | [eval] step=42000 dev_loss=5.4518
2026-09-16 09:10:24 | INFO |   EM on dev subset (200 samples): 1.00%
2026-09-16 09:10:48 | INFO | step=42100 loss=0.1126 lr=7.68e-05 elapsed=11964s
2026-09-16 09:11:12 | INFO | step=42200 loss=0.1148 lr=7.68e-05 elapsed=11988s
2026-09-16 09:11:35 | INFO | step=42300 loss=0.0442 lr=7.67e-05 elapsed=12011s
2026-09-16 09:11:59 | INFO | step=42400 loss=0.0662 lr=7.67e-05 elapsed=12035s
2026-09-16 09:12:23 | INFO | step=42500 loss=0.2099 lr=7.67e-05 elapsed=12059s
2026-09-16 09:12:47 | INFO | step=42600 loss=0.1734 lr=7.67e-05 elapsed=12083s
2026-09-16 09:13:10 | INFO | step=42700 loss=0.1701 lr=7.67e-05 elapsed=12106s
2026-09-16 09:13:34 | INFO | step=42800 loss=0.0361 lr=7.67e-05 elapsed=12130s
2026-09-16 09:13:58 | INFO | step=42900 loss=0.0623 lr=7.66e-05 elapsed=12154s
2026-09-16 09:14:22 | INFO | step=43000 loss=0.0321 lr=7.66e-05 elapsed=12178s
2026-09-16 09:14:45 | INFO | step=43100 loss=0.1322 lr=7.66e-05 elapsed=12201s
2026-09-16 09:15:09 | INFO | step=43200 loss=0.0368 lr=7.66e-05 elapsed=12225s
2026-09-16 09:15:33 | INFO | step=43300 loss=0.3358 lr=7.66e-05 elapsed=12249s
2026-09-16 09:15:56 | INFO | step=43400 loss=0.1531 lr=7.66e-05 elapsed=12272s
2026-09-16 09:16:20 | INFO | step=43500 loss=0.1986 lr=7.65e-05 elapsed=12296s
2026-09-16 09:16:44 | INFO | step=43600 loss=0.3157 lr=7.65e-05 elapsed=12320s
2026-09-16 09:17:08 | INFO | step=43700 loss=0.1180 lr=7.65e-05 elapsed=12344s
2026-09-16 09:17:32 | INFO | step=43800 loss=0.0247 lr=7.65e-05 elapsed=12368s
2026-09-16 09:17:55 | INFO | step=43900 loss=0.0666 lr=7.65e-05 elapsed=12391s
2026-09-16 09:18:19 | INFO | step=44000 loss=0.2577 lr=7.64e-05 elapsed=12415s
2026-09-16 09:18:29 | INFO | [eval] step=44000 dev_loss=5.4792
2026-09-16 09:19:41 | INFO |   EM on dev subset (200 samples): 0.00%
2026-09-16 09:20:04 | INFO | step=44100 loss=0.1219 lr=7.64e-05 elapsed=12520s
2026-09-16 09:20:28 | INFO | step=44200 loss=0.0456 lr=7.64e-05 elapsed=12544s
2026-09-16 09:20:52 | INFO | step=44300 loss=0.1915 lr=7.64e-05 elapsed=12568s
2026-09-16 09:21:16 | INFO | step=44400 loss=0.0913 lr=7.64e-05 elapsed=12592s
2026-09-16 09:21:39 | INFO | step=44500 loss=0.0470 lr=7.64e-05 elapsed=12615s
2026-09-16 09:22:03 | INFO | step=44600 loss=0.0196 lr=7.63e-05 elapsed=12639s
2026-09-16 09:22:27 | INFO | step=44700 loss=0.0453 lr=7.63e-05 elapsed=12663s
2026-09-16 09:22:50 | INFO | step=44800 loss=0.2013 lr=7.63e-05 elapsed=12686s
2026-09-16 09:23:14 | INFO | step=44900 loss=0.2579 lr=7.63e-05 elapsed=12710s
2026-09-16 09:23:38 | INFO | step=45000 loss=0.1661 lr=7.63e-05 elapsed=12734s
2026-09-16 09:24:02 | INFO | step=45100 loss=0.2037 lr=7.63e-05 elapsed=12758s
2026-09-16 09:24:26 | INFO | step=45200 loss=0.0290 lr=7.62e-05 elapsed=12782s
2026-09-16 09:24:49 | INFO | step=45300 loss=0.1025 lr=7.62e-05 elapsed=12805s
2026-09-16 09:25:13 | INFO | step=45400 loss=0.0457 lr=7.62e-05 elapsed=12829s
2026-09-16 09:25:37 | INFO | step=45500 loss=0.0558 lr=7.62e-05 elapsed=12853s
2026-09-16 09:26:01 | INFO | step=45600 loss=0.0943 lr=7.62e-05 elapsed=12877s
2026-09-16 09:26:24 | INFO | step=45700 loss=0.1146 lr=7.61e-05 elapsed=12900s
2026-09-16 09:26:48 | INFO | step=45800 loss=0.0765 lr=7.61e-05 elapsed=12924s
2026-09-16 09:27:11 | INFO | step=45900 loss=0.0814 lr=7.61e-05 elapsed=12947s
2026-09-16 09:27:35 | INFO | step=46000 loss=0.1501 lr=7.61e-05 elapsed=12971s
2026-09-16 09:27:45 | INFO | [eval] step=46000 dev_loss=5.5443
2026-09-16 09:28:56 | INFO |   EM on dev subset (200 samples): 0.00%
2026-09-16 09:29:20 | INFO | step=46100 loss=0.1255 lr=7.61e-05 elapsed=13076s
2026-09-16 09:29:44 | INFO | step=46200 loss=0.0805 lr=7.61e-05 elapsed=13100s
2026-09-16 09:30:08 | INFO | step=46300 loss=0.0935 lr=7.60e-05 elapsed=13124s
2026-09-16 09:30:32 | INFO | step=46400 loss=0.0686 lr=7.60e-05 elapsed=13147s
2026-09-16 09:30:55 | INFO | step=46500 loss=0.2108 lr=7.60e-05 elapsed=13171s
2026-09-16 09:31:19 | INFO | step=46600 loss=0.0335 lr=7.60e-05 elapsed=13195s
2026-09-16 09:31:42 | INFO | step=46700 loss=0.1082 lr=7.60e-05 elapsed=13218s
2026-09-16 09:32:06 | INFO | step=46800 loss=0.0901 lr=7.59e-05 elapsed=13242s
2026-09-16 09:32:30 | INFO | step=46900 loss=0.1313 lr=7.59e-05 elapsed=13266s
2026-09-16 09:32:54 | INFO | step=47000 loss=0.0432 lr=7.59e-05 elapsed=13290s
2026-09-16 09:33:18 | INFO | step=47100 loss=0.0306 lr=7.59e-05 elapsed=13314s
2026-09-16 09:33:42 | INFO | step=47200 loss=0.0412 lr=7.59e-05 elapsed=13338s
2026-09-16 09:34:05 | INFO | step=47300 loss=0.0776 lr=7.58e-05 elapsed=13361s
2026-09-16 09:34:29 | INFO | step=47400 loss=0.3390 lr=7.58e-05 elapsed=13385s
2026-09-16 09:34:53 | INFO | step=47500 loss=0.2408 lr=7.58e-05 elapsed=13409s
2026-09-16 09:35:17 | INFO | step=47600 loss=0.0926 lr=7.58e-05 elapsed=13433s
2026-09-16 09:35:40 | INFO | step=47700 loss=0.0981 lr=7.58e-05 elapsed=13456s
2026-09-16 09:36:04 | INFO | step=47800 loss=0.0650 lr=7.58e-05 elapsed=13480s
2026-09-16 09:36:28 | INFO | step=47900 loss=0.1938 lr=7.57e-05 elapsed=13504s
2026-09-16 09:36:52 | INFO | step=48000 loss=0.0400 lr=7.57e-05 elapsed=13528s
2026-09-16 09:37:01 | INFO | [eval] step=48000 dev_loss=5.6023
2026-09-16 09:38:13 | INFO |   EM on dev subset (200 samples): 0.00%
2026-09-16 09:38:37 | INFO | step=48100 loss=0.0474 lr=7.57e-05 elapsed=13633s
2026-09-16 09:39:01 | INFO | step=48200 loss=0.1044 lr=7.57e-05 elapsed=13657s
2026-09-16 09:39:25 | INFO | step=48300 loss=0.1440 lr=7.57e-05 elapsed=13681s
2026-09-16 09:39:49 | INFO | step=48400 loss=0.0814 lr=7.56e-05 elapsed=13705s
2026-09-16 09:40:13 | INFO | step=48500 loss=0.1511 lr=7.56e-05 elapsed=13729s
2026-09-16 09:40:36 | INFO | step=48600 loss=0.0951 lr=7.56e-05 elapsed=13752s
2026-09-16 09:41:00 | INFO | step=48700 loss=0.0654 lr=7.56e-05 elapsed=13776s
2026-09-16 09:41:24 | INFO | step=48800 loss=0.0501 lr=7.56e-05 elapsed=13800s
2026-09-16 09:41:47 | INFO | step=48900 loss=0.0280 lr=7.55e-05 elapsed=13823s
2026-09-16 09:42:11 | INFO | step=49000 loss=0.0858 lr=7.55e-05 elapsed=13847s
2026-09-16 09:42:35 | INFO | step=49100 loss=0.1178 lr=7.55e-05 elapsed=13871s
2026-09-16 09:42:59 | INFO | step=49200 loss=0.1944 lr=7.55e-05 elapsed=13895s
2026-09-16 09:43:22 | INFO | step=49300 loss=0.0694 lr=7.55e-05 elapsed=13918s
2026-09-16 09:43:45 | INFO | step=49400 loss=0.0475 lr=7.54e-05 elapsed=13941s
2026-09-16 09:44:09 | INFO | step=49500 loss=0.0588 lr=7.54e-05 elapsed=13965s
2026-09-16 09:44:33 | INFO | step=49600 loss=0.0609 lr=7.54e-05 elapsed=13989s
2026-09-16 09:44:57 | INFO | step=49700 loss=0.1336 lr=7.54e-05 elapsed=14013s
2026-09-16 09:45:20 | INFO | step=49800 loss=0.0429 lr=7.54e-05 elapsed=14036s
2026-09-16 09:45:44 | INFO | step=49900 loss=0.0712 lr=7.53e-05 elapsed=14060s
2026-09-16 09:46:08 | INFO | step=50000 loss=0.0652 lr=7.53e-05 elapsed=14084s
2026-09-16 09:46:17 | INFO | [eval] step=50000 dev_loss=5.4896
2026-09-16 09:47:19 | INFO |   EM on dev subset (200 samples): 0.00%
2026-09-16 09:47:42 | INFO | step=50100 loss=0.0926 lr=7.53e-05 elapsed=14178s
2026-09-16 09:48:06 | INFO | step=50200 loss=0.0894 lr=7.53e-05 elapsed=14202s
2026-09-16 09:48:30 | INFO | step=50300 loss=0.1318 lr=7.53e-05 elapsed=14226s
2026-09-16 09:48:54 | INFO | step=50400 loss=0.0353 lr=7.52e-05 elapsed=14250s
2026-09-16 09:49:17 | INFO | step=50500 loss=0.1261 lr=7.52e-05 elapsed=14273s
2026-09-16 09:49:41 | INFO | step=50600 loss=0.0897 lr=7.52e-05 elapsed=14297s
2026-09-16 09:50:05 | INFO | step=50700 loss=0.0909 lr=7.52e-05 elapsed=14321s
2026-09-16 09:50:29 | INFO | step=50800 loss=0.1198 lr=7.52e-05 elapsed=14345s
2026-09-16 09:50:52 | INFO | step=50900 loss=0.0837 lr=7.51e-05 elapsed=14368s
2026-09-16 09:51:16 | INFO | step=51000 loss=0.0215 lr=7.51e-05 elapsed=14392s
2026-09-16 09:51:40 | INFO | step=51100 loss=0.0070 lr=7.51e-05 elapsed=14416s
2026-09-16 09:52:04 | INFO | step=51200 loss=0.0264 lr=7.51e-05 elapsed=14440s
2026-09-16 09:52:27 | INFO | step=51300 loss=0.1041 lr=7.51e-05 elapsed=14463s
2026-09-16 09:52:51 | INFO | step=51400 loss=0.0563 lr=7.50e-05 elapsed=14487s
2026-09-16 09:53:15 | INFO | step=51500 loss=0.1379 lr=7.50e-05 elapsed=14511s
2026-09-16 09:53:39 | INFO | step=51600 loss=0.0371 lr=7.50e-05 elapsed=14535s
2026-09-16 09:54:02 | INFO | step=51700 loss=0.0354 lr=7.50e-05 elapsed=14558s
2026-09-16 09:54:26 | INFO | step=51800 loss=0.1006 lr=7.50e-05 elapsed=14582s
2026-09-16 09:54:50 | INFO | step=51900 loss=0.0872 lr=7.49e-05 elapsed=14606s
2026-09-16 09:55:14 | INFO | step=52000 loss=0.0818 lr=7.49e-05 elapsed=14630s
2026-09-16 09:55:23 | INFO | [eval] step=52000 dev_loss=5.6247
2026-09-16 09:56:29 | INFO |   EM on dev subset (200 samples): 0.00%
2026-09-16 09:56:53 | INFO | step=52100 loss=0.0802 lr=7.49e-05 elapsed=14729s
2026-09-16 09:57:16 | INFO | step=52200 loss=0.0583 lr=7.49e-05 elapsed=14752s
2026-09-16 09:57:40 | INFO | step=52300 loss=0.0618 lr=7.49e-05 elapsed=14776s
2026-09-16 09:58:04 | INFO | step=52400 loss=0.0366 lr=7.48e-05 elapsed=14800s
2026-09-16 09:58:28 | INFO | step=52500 loss=0.0684 lr=7.48e-05 elapsed=14824s
2026-09-16 09:58:52 | INFO | step=52600 loss=0.0449 lr=7.48e-05 elapsed=14848s
2026-09-16 09:59:16 | INFO | step=52700 loss=0.1137 lr=7.48e-05 elapsed=14872s
2026-09-16 09:59:40 | INFO | step=52800 loss=0.0321 lr=7.48e-05 elapsed=14896s
2026-09-16 10:00:03 | INFO | step=52900 loss=0.0766 lr=7.47e-05 elapsed=14919s
2026-09-16 10:00:27 | INFO | step=53000 loss=0.0180 lr=7.47e-05 elapsed=14943s
2026-09-16 10:00:51 | INFO | step=53100 loss=0.0359 lr=7.47e-05 elapsed=14967s
2026-09-16 10:01:15 | INFO | step=53200 loss=0.1407 lr=7.47e-05 elapsed=14991s
2026-09-16 10:01:39 | INFO | step=53300 loss=0.0790 lr=7.46e-05 elapsed=15015s
2026-09-16 10:02:02 | INFO | step=53400 loss=0.1161 lr=7.46e-05 elapsed=15038s
2026-09-16 10:02:26 | INFO | step=53500 loss=0.0085 lr=7.46e-05 elapsed=15062s
2026-09-16 10:02:49 | INFO | step=53600 loss=0.0791 lr=7.46e-05 elapsed=15085s
2026-09-16 10:03:13 | INFO | step=53700 loss=0.0736 lr=7.46e-05 elapsed=15109s
2026-09-16 10:03:37 | INFO | step=53800 loss=0.1147 lr=7.45e-05 elapsed=15133s
2026-09-16 10:04:00 | INFO | step=53900 loss=0.0535 lr=7.45e-05 elapsed=15156s
2026-09-16 10:04:24 | INFO | step=54000 loss=0.0333 lr=7.45e-05 elapsed=15180s
2026-09-16 10:04:34 | INFO | [eval] step=54000 dev_loss=5.6108
2026-09-16 10:05:29 | INFO |   EM on dev subset (200 samples): 0.00%
2026-09-16 10:05:52 | INFO | step=54100 loss=0.0966 lr=7.45e-05 elapsed=15268s
2026-09-16 10:06:16 | INFO | step=54200 loss=0.0408 lr=7.45e-05 elapsed=15292s
2026-09-16 10:06:40 | INFO | step=54300 loss=0.0607 lr=7.44e-05 elapsed=15316s
2026-09-16 10:07:04 | INFO | step=54400 loss=0.0532 lr=7.44e-05 elapsed=15340s
2026-09-16 10:07:28 | INFO | step=54500 loss=0.0714 lr=7.44e-05 elapsed=15364s
2026-09-16 10:07:51 | INFO | step=54600 loss=0.0839 lr=7.44e-05 elapsed=15387s
2026-09-16 10:08:15 | INFO | step=54700 loss=0.0845 lr=7.43e-05 elapsed=15411s
2026-09-16 10:08:39 | INFO | step=54800 loss=0.1237 lr=7.43e-05 elapsed=15435s
2026-09-16 10:09:03 | INFO | step=54900 loss=0.1068 lr=7.43e-05 elapsed=15459s
2026-09-16 10:09:26 | INFO | step=55000 loss=0.0532 lr=7.43e-05 elapsed=15482s
2026-09-16 10:09:50 | INFO | step=55100 loss=0.0431 lr=7.43e-05 elapsed=15506s
2026-09-16 10:10:14 | INFO | step=55200 loss=0.0118 lr=7.42e-05 elapsed=15530s
2026-09-16 10:10:38 | INFO | step=55300 loss=0.0918 lr=7.42e-05 elapsed=15554s
2026-09-16 10:11:02 | INFO | step=55400 loss=0.0713 lr=7.42e-05 elapsed=15578s
2026-09-16 10:11:25 | INFO | step=55500 loss=0.0668 lr=7.42e-05 elapsed=15601s
2026-09-16 10:11:49 | INFO | step=55600 loss=0.0829 lr=7.41e-05 elapsed=15625s
2026-09-16 10:12:12 | INFO | step=55700 loss=0.0533 lr=7.41e-05 elapsed=15648s
2026-09-16 10:12:36 | INFO | step=55800 loss=0.0611 lr=7.41e-05 elapsed=15672s
2026-09-16 10:12:59 | INFO | step=55900 loss=0.0517 lr=7.41e-05 elapsed=15695s
2026-09-16 10:13:23 | INFO | step=56000 loss=0.0501 lr=7.41e-05 elapsed=15719s
2026-09-16 10:13:33 | INFO | [eval] step=56000 dev_loss=5.5996
2026-09-16 10:14:37 | INFO |   EM on dev subset (200 samples): 0.00%
2026-09-16 10:15:01 | INFO | step=56100 loss=0.0299 lr=7.40e-05 elapsed=15817s
2026-09-16 10:15:24 | INFO | step=56200 loss=0.0418 lr=7.40e-05 elapsed=15840s
2026-09-16 10:15:48 | INFO | step=56300 loss=0.0403 lr=7.40e-05 elapsed=15864s
2026-09-16 10:16:12 | INFO | step=56400 loss=0.0256 lr=7.40e-05 elapsed=15888s
2026-09-16 10:16:35 | INFO | step=56500 loss=0.0769 lr=7.39e-05 elapsed=15911s
2026-09-16 10:16:59 | INFO | step=56600 loss=0.0585 lr=7.39e-05 elapsed=15935s
2026-09-16 10:17:23 | INFO | step=56700 loss=0.1748 lr=7.39e-05 elapsed=15959s
2026-09-16 10:17:47 | INFO | step=56800 loss=0.0493 lr=7.39e-05 elapsed=15983s
2026-09-16 10:18:10 | INFO | step=56900 loss=0.0168 lr=7.39e-05 elapsed=16006s
2026-09-16 10:18:34 | INFO | step=57000 loss=0.0917 lr=7.38e-05 elapsed=16030s
2026-09-16 10:18:57 | INFO | step=57100 loss=0.0635 lr=7.38e-05 elapsed=16053s
2026-09-16 10:19:21 | INFO | step=57200 loss=0.0272 lr=7.38e-05 elapsed=16077s
2026-09-16 10:19:45 | INFO | step=57300 loss=0.0212 lr=7.38e-05 elapsed=16101s
2026-09-16 10:20:08 | INFO | step=57400 loss=0.0103 lr=7.37e-05 elapsed=16124s
2026-09-16 10:20:32 | INFO | step=57500 loss=0.0239 lr=7.37e-05 elapsed=16148s
2026-09-16 10:20:56 | INFO | step=57600 loss=0.0629 lr=7.37e-05 elapsed=16172s
2026-09-16 10:21:19 | INFO | step=57700 loss=0.0814 lr=7.37e-05 elapsed=16195s
2026-09-16 10:21:43 | INFO | step=57800 loss=0.0100 lr=7.37e-05 elapsed=16219s
2026-09-16 10:22:07 | INFO | step=57900 loss=0.0842 lr=7.36e-05 elapsed=16243s
2026-09-16 10:22:31 | INFO | step=58000 loss=0.0751 lr=7.36e-05 elapsed=16267s
2026-09-16 10:22:40 | INFO | [eval] step=58000 dev_loss=5.6521
2026-09-16 10:24:00 | INFO |   EM on dev subset (200 samples): 0.00%
2026-09-16 10:24:24 | INFO | step=58100 loss=0.0260 lr=7.36e-05 elapsed=16380s
2026-09-16 10:24:47 | INFO | step=58200 loss=0.0413 lr=7.36e-05 elapsed=16403s
2026-09-16 10:25:11 | INFO | step=58300 loss=0.0214 lr=7.35e-05 elapsed=16427s
2026-09-16 10:25:35 | INFO | step=58400 loss=0.1529 lr=7.35e-05 elapsed=16451s
2026-09-16 10:25:58 | INFO | step=58500 loss=0.0237 lr=7.35e-05 elapsed=16474s
2026-09-16 10:26:22 | INFO | step=58600 loss=0.0344 lr=7.35e-05 elapsed=16498s
2026-09-16 10:26:45 | INFO | step=58700 loss=0.0535 lr=7.34e-05 elapsed=16521s
2026-09-16 10:27:09 | INFO | step=58800 loss=0.0482 lr=7.34e-05 elapsed=16545s
2026-09-16 10:27:33 | INFO | step=58900 loss=0.1283 lr=7.34e-05 elapsed=16569s
2026-09-16 10:27:56 | INFO | step=59000 loss=0.0559 lr=7.34e-05 elapsed=16592s
2026-09-16 10:28:20 | INFO | step=59100 loss=0.0750 lr=7.34e-05 elapsed=16616s
2026-09-16 10:28:44 | INFO | step=59200 loss=0.0395 lr=7.33e-05 elapsed=16640s
2026-09-16 10:29:07 | INFO | step=59300 loss=0.0083 lr=7.33e-05 elapsed=16663s
2026-09-16 10:29:31 | INFO | step=59400 loss=0.0230 lr=7.33e-05 elapsed=16687s
2026-09-16 10:29:55 | INFO | step=59500 loss=0.0518 lr=7.33e-05 elapsed=16711s
2026-09-16 10:30:19 | INFO | step=59600 loss=0.0897 lr=7.32e-05 elapsed=16735s
2026-09-16 10:30:43 | INFO | step=59700 loss=0.0561 lr=7.32e-05 elapsed=16759s
2026-09-16 10:31:06 | INFO | step=59800 loss=0.0195 lr=7.32e-05 elapsed=16782s
2026-09-16 10:31:29 | INFO | step=59900 loss=0.1287 lr=7.32e-05 elapsed=16805s
2026-09-16 10:31:54 | INFO | step=60000 loss=0.0536 lr=7.31e-05 elapsed=16830s
2026-09-16 10:32:03 | INFO | [eval] step=60000 dev_loss=5.6643
2026-09-16 10:33:09 | INFO |   EM on dev subset (200 samples): 0.00%
2026-09-16 10:33:55 | INFO | step=60100 loss=0.0347 lr=7.31e-05 elapsed=16951s
2026-09-16 10:34:18 | INFO | step=60200 loss=0.0197 lr=7.31e-05 elapsed=16974s
2026-09-16 10:34:42 | INFO | step=60300 loss=0.0152 lr=7.31e-05 elapsed=16998s
2026-09-16 10:35:06 | INFO | step=60400 loss=0.0975 lr=7.30e-05 elapsed=17022s
2026-09-16 10:35:29 | INFO | step=60500 loss=0.0644 lr=7.30e-05 elapsed=17045s
2026-09-16 10:35:53 | INFO | step=60600 loss=0.0315 lr=7.30e-05 elapsed=17069s
2026-09-16 10:36:17 | INFO | step=60700 loss=0.0484 lr=7.30e-05 elapsed=17093s
2026-09-16 10:36:40 | INFO | step=60800 loss=0.0485 lr=7.29e-05 elapsed=17116s
2026-09-16 10:37:04 | INFO | step=60900 loss=0.1447 lr=7.29e-05 elapsed=17140s
2026-09-16 10:37:27 | INFO | step=61000 loss=0.0743 lr=7.29e-05 elapsed=17163s
2026-09-16 10:37:51 | INFO | step=61100 loss=0.0187 lr=7.29e-05 elapsed=17187s
2026-09-16 10:38:15 | INFO | step=61200 loss=0.0222 lr=7.29e-05 elapsed=17211s
2026-09-16 10:38:39 | INFO | step=61300 loss=0.0086 lr=7.28e-05 elapsed=17235s
2026-09-16 10:39:02 | INFO | step=61400 loss=0.0361 lr=7.28e-05 elapsed=17258s
2026-09-16 10:39:26 | INFO | step=61500 loss=0.0520 lr=7.28e-05 elapsed=17282s
2026-09-16 10:39:50 | INFO | step=61600 loss=0.0252 lr=7.28e-05 elapsed=17306s
2026-09-16 10:40:14 | INFO | step=61700 loss=0.0465 lr=7.27e-05 elapsed=17330s
2026-09-16 10:40:37 | INFO | step=61800 loss=0.0601 lr=7.27e-05 elapsed=17353s
2026-09-16 10:41:01 | INFO | step=61900 loss=0.0122 lr=7.27e-05 elapsed=17377s
2026-09-16 10:41:25 | INFO | step=62000 loss=0.0317 lr=7.27e-05 elapsed=17401s
2026-09-16 10:41:34 | INFO | [eval] step=62000 dev_loss=5.7016
2026-09-16 10:42:34 | INFO |   EM on dev subset (200 samples): 0.00%
2026-09-16 10:42:58 | INFO | step=62100 loss=0.0542 lr=7.26e-05 elapsed=17494s
2026-09-16 10:43:22 | INFO | step=62200 loss=0.0121 lr=7.26e-05 elapsed=17518s
2026-09-16 10:43:46 | INFO | step=62300 loss=0.0527 lr=7.26e-05 elapsed=17542s
2026-09-16 10:44:09 | INFO | step=62400 loss=0.0270 lr=7.26e-05 elapsed=17565s
2026-09-16 10:44:33 | INFO | step=62500 loss=0.0413 lr=7.25e-05 elapsed=17589s
2026-09-16 10:44:56 | INFO | step=62600 loss=0.0515 lr=7.25e-05 elapsed=17612s
2026-09-16 10:45:20 | INFO | step=62700 loss=0.0265 lr=7.25e-05 elapsed=17636s
2026-09-16 10:45:44 | INFO | step=62800 loss=0.0243 lr=7.25e-05 elapsed=17660s
2026-09-16 10:46:07 | INFO | step=62900 loss=0.0086 lr=7.24e-05 elapsed=17683s
2026-09-16 10:46:31 | INFO | step=63000 loss=0.0137 lr=7.24e-05 elapsed=17707s
2026-09-16 10:46:54 | INFO | step=63100 loss=0.0254 lr=7.24e-05 elapsed=17730s
2026-09-16 10:47:18 | INFO | step=63200 loss=0.0479 lr=7.24e-05 elapsed=17754s
2026-09-16 10:47:42 | INFO | step=63300 loss=0.0211 lr=7.23e-05 elapsed=17778s
2026-09-16 10:48:05 | INFO | step=63400 loss=0.0425 lr=7.23e-05 elapsed=17801s
2026-09-16 10:48:29 | INFO | step=63500 loss=0.0232 lr=7.23e-05 elapsed=17825s
2026-09-16 10:48:53 | INFO | step=63600 loss=0.0115 lr=7.23e-05 elapsed=17849s
2026-09-16 10:49:17 | INFO | step=63700 loss=0.0208 lr=7.22e-05 elapsed=17873s
2026-09-16 10:49:40 | INFO | step=63800 loss=0.0365 lr=7.22e-05 elapsed=17896s
2026-09-16 10:50:04 | INFO | step=63900 loss=0.0145 lr=7.22e-05 elapsed=17920s
2026-09-16 10:50:28 | INFO | step=64000 loss=0.0563 lr=7.22e-05 elapsed=17944s
2026-09-16 10:50:37 | INFO | [eval] step=64000 dev_loss=5.6988
2026-09-16 10:51:44 | INFO |   EM on dev subset (200 samples): 2.00%
2026-09-16 10:52:06 | INFO |   -> New best model saved (dev_loss=5.6988)
2026-09-16 10:52:30 | INFO | step=64100 loss=0.0578 lr=7.21e-05 elapsed=18066s
2026-09-16 10:52:53 | INFO | step=64200 loss=0.0247 lr=7.21e-05 elapsed=18089s
2026-09-16 10:53:17 | INFO | step=64300 loss=0.0609 lr=7.21e-05 elapsed=18113s
2026-09-16 10:53:41 | INFO | step=64400 loss=0.0286 lr=7.21e-05 elapsed=18137s
2026-09-16 10:54:04 | INFO | step=64500 loss=0.1102 lr=7.20e-05 elapsed=18160s
2026-09-16 10:54:28 | INFO | step=64600 loss=0.0207 lr=7.20e-05 elapsed=18184s
2026-09-16 10:54:51 | INFO | step=64700 loss=0.0927 lr=7.20e-05 elapsed=18207s
2026-09-16 10:55:15 | INFO | step=64800 loss=0.0169 lr=7.20e-05 elapsed=18231s
2026-09-16 10:55:39 | INFO | step=64900 loss=0.0679 lr=7.19e-05 elapsed=18255s
2026-09-16 10:56:02 | INFO | step=65000 loss=0.0222 lr=7.19e-05 elapsed=18278s
2026-09-16 10:56:26 | INFO | step=65100 loss=0.0310 lr=7.19e-05 elapsed=18302s
2026-09-16 10:56:49 | INFO | step=65200 loss=0.0462 lr=7.19e-05 elapsed=18325s
2026-09-16 10:57:13 | INFO | step=65300 loss=0.0179 lr=7.18e-05 elapsed=18349s
2026-09-16 10:57:37 | INFO | step=65400 loss=0.0574 lr=7.18e-05 elapsed=18373s
2026-09-16 10:58:00 | INFO | step=65500 loss=0.0083 lr=7.18e-05 elapsed=18396s
2026-09-16 10:58:24 | INFO | step=65600 loss=0.0328 lr=7.18e-05 elapsed=18420s
2026-09-16 10:58:48 | INFO | step=65700 loss=0.0249 lr=7.17e-05 elapsed=18444s
2026-09-16 10:59:11 | INFO | step=65800 loss=0.0350 lr=7.17e-05 elapsed=18467s
2026-09-16 10:59:35 | INFO | step=65900 loss=0.0389 lr=7.17e-05 elapsed=18491s
2026-09-16 10:59:59 | INFO | step=66000 loss=0.0088 lr=7.16e-05 elapsed=18515s
2026-09-16 11:00:08 | INFO | [eval] step=66000 dev_loss=5.7900
2026-09-16 11:01:10 | INFO |   EM on dev subset (200 samples): 0.00%
2026-09-16 11:01:34 | INFO | step=66100 loss=0.0074 lr=7.16e-05 elapsed=18610s
2026-09-16 11:01:58 | INFO | step=66200 loss=0.0169 lr=7.16e-05 elapsed=18634s
2026-09-16 11:02:21 | INFO | step=66300 loss=0.0285 lr=7.16e-05 elapsed=18657s
2026-09-16 11:02:45 | INFO | step=66400 loss=0.0932 lr=7.15e-05 elapsed=18681s
2026-09-16 11:03:09 | INFO | step=66500 loss=0.0112 lr=7.15e-05 elapsed=18705s
2026-09-16 11:03:32 | INFO | step=66600 loss=0.0542 lr=7.15e-05 elapsed=18728s
2026-09-16 11:03:56 | INFO | step=66700 loss=0.0972 lr=7.15e-05 elapsed=18752s
2026-09-16 11:04:19 | INFO | step=66800 loss=0.0291 lr=7.14e-05 elapsed=18775s
2026-09-16 11:04:43 | INFO | step=66900 loss=0.0020 lr=7.14e-05 elapsed=18799s
2026-09-16 11:05:07 | INFO | step=67000 loss=0.0376 lr=7.14e-05 elapsed=18823s
2026-09-16 11:05:30 | INFO | step=67100 loss=0.0351 lr=7.14e-05 elapsed=18846s
2026-09-16 11:05:54 | INFO | step=67200 loss=0.0146 lr=7.13e-05 elapsed=18870s
2026-09-16 11:06:17 | INFO | step=67300 loss=0.0084 lr=7.13e-05 elapsed=18893s
2026-09-16 11:06:41 | INFO | step=67400 loss=0.0957 lr=7.13e-05 elapsed=18917s
2026-09-16 11:07:04 | INFO | step=67500 loss=0.0254 lr=7.13e-05 elapsed=18940s
2026-09-16 11:07:28 | INFO | step=67600 loss=0.0054 lr=7.12e-05 elapsed=18964s
2026-09-16 11:07:52 | INFO | step=67700 loss=0.0820 lr=7.12e-05 elapsed=18988s
2026-09-16 11:08:16 | INFO | step=67800 loss=0.0081 lr=7.12e-05 elapsed=19012s
2026-09-16 11:08:40 | INFO | step=67900 loss=0.0293 lr=7.11e-05 elapsed=19036s
2026-09-16 11:09:03 | INFO | step=68000 loss=0.0264 lr=7.11e-05 elapsed=19059s
2026-09-16 11:09:13 | INFO | [eval] step=68000 dev_loss=5.7105
2026-09-16 11:10:18 | INFO |   EM on dev subset (200 samples): 0.00%
2026-09-16 11:10:42 | INFO | step=68100 loss=0.0530 lr=7.11e-05 elapsed=19158s
2026-09-16 11:11:06 | INFO | step=68200 loss=0.0289 lr=7.11e-05 elapsed=19182s
2026-09-16 11:11:30 | INFO | step=68300 loss=0.0317 lr=7.10e-05 elapsed=19206s
2026-09-16 11:11:54 | INFO | step=68400 loss=0.0300 lr=7.10e-05 elapsed=19230s
2026-09-16 11:12:17 | INFO | step=68500 loss=0.0174 lr=7.10e-05 elapsed=19253s
2026-09-16 11:12:41 | INFO | step=68600 loss=0.0297 lr=7.10e-05 elapsed=19277s
2026-09-16 11:13:04 | INFO | step=68700 loss=0.0517 lr=7.09e-05 elapsed=19300s
2026-09-16 11:13:28 | INFO | step=68800 loss=0.0163 lr=7.09e-05 elapsed=19324s
2026-09-16 11:13:52 | INFO | step=68900 loss=0.0458 lr=7.09e-05 elapsed=19348s
2026-09-16 11:14:15 | INFO | step=69000 loss=0.0033 lr=7.09e-05 elapsed=19371s
2026-09-16 11:14:39 | INFO | step=69100 loss=0.0314 lr=7.08e-05 elapsed=19395s
2026-09-16 11:15:03 | INFO | step=69200 loss=0.0251 lr=7.08e-05 elapsed=19419s
2026-09-16 11:15:26 | INFO | step=69300 loss=0.0183 lr=7.08e-05 elapsed=19442s
2026-09-16 11:15:50 | INFO | step=69400 loss=0.0424 lr=7.07e-05 elapsed=19466s
2026-09-16 11:16:13 | INFO | step=69500 loss=0.0605 lr=7.07e-05 elapsed=19489s
2026-09-16 11:16:37 | INFO | step=69600 loss=0.0113 lr=7.07e-05 elapsed=19513s
2026-09-16 11:17:01 | INFO | step=69700 loss=0.0069 lr=7.07e-05 elapsed=19537s
2026-09-16 11:17:24 | INFO | step=69800 loss=0.0248 lr=7.06e-05 elapsed=19560s
2026-09-16 11:17:48 | INFO | step=69900 loss=0.0450 lr=7.06e-05 elapsed=19584s
2026-09-16 11:18:11 | INFO | step=70000 loss=0.0055 lr=7.06e-05 elapsed=19607s
2026-09-16 11:18:21 | INFO | [eval] step=70000 dev_loss=5.8151
2026-09-16 11:19:36 | INFO |   EM on dev subset (200 samples): 0.00%
2026-09-16 11:19:59 | INFO | step=70100 loss=0.0195 lr=7.06e-05 elapsed=19715s
2026-09-16 11:20:23 | INFO | step=70200 loss=0.0035 lr=7.05e-05 elapsed=19739s
2026-09-16 11:20:46 | INFO | step=70300 loss=0.0398 lr=7.05e-05 elapsed=19762s
2026-09-16 11:21:10 | INFO | step=70400 loss=0.0564 lr=7.05e-05 elapsed=19786s
2026-09-16 11:21:34 | INFO | step=70500 loss=0.0289 lr=7.04e-05 elapsed=19810s
2026-09-16 11:21:58 | INFO | step=70600 loss=0.0266 lr=7.04e-05 elapsed=19834s
2026-09-16 11:22:22 | INFO | step=70700 loss=0.0549 lr=7.04e-05 elapsed=19858s
2026-09-16 11:22:46 | INFO | step=70800 loss=0.0080 lr=7.04e-05 elapsed=19882s
2026-09-16 11:23:09 | INFO | step=70900 loss=0.0486 lr=7.03e-05 elapsed=19905s
2026-09-16 11:23:33 | INFO | step=71000 loss=0.0159 lr=7.03e-05 elapsed=19929s
2026-09-16 11:23:56 | INFO | step=71100 loss=0.0176 lr=7.03e-05 elapsed=19952s
2026-09-16 11:24:20 | INFO | step=71200 loss=0.0097 lr=7.03e-05 elapsed=19976s
2026-09-16 11:24:43 | INFO | step=71300 loss=0.0407 lr=7.02e-05 elapsed=19999s
2026-09-16 11:25:07 | INFO | step=71400 loss=0.0439 lr=7.02e-05 elapsed=20023s
2026-09-16 11:25:30 | INFO | step=71500 loss=0.0427 lr=7.02e-05 elapsed=20046s
2026-09-16 11:25:54 | INFO | step=71600 loss=0.0384 lr=7.01e-05 elapsed=20070s
2026-09-16 11:26:18 | INFO | step=71700 loss=0.0444 lr=7.01e-05 elapsed=20094s
2026-09-16 11:26:42 | INFO | step=71800 loss=0.0072 lr=7.01e-05 elapsed=20118s
2026-09-16 11:27:05 | INFO | step=71900 loss=0.0685 lr=7.01e-05 elapsed=20141s
2026-09-16 11:27:29 | INFO | step=72000 loss=0.0156 lr=7.00e-05 elapsed=20165s
2026-09-16 11:27:38 | INFO | [eval] step=72000 dev_loss=5.8364
2026-09-16 11:28:43 | INFO |   EM on dev subset (200 samples): 0.00%
2026-09-16 11:29:07 | INFO | step=72100 loss=0.0117 lr=7.00e-05 elapsed=20263s
2026-09-16 11:29:30 | INFO | step=72200 loss=0.0235 lr=7.00e-05 elapsed=20286s
2026-09-16 11:29:54 | INFO | step=72300 loss=0.0261 lr=6.99e-05 elapsed=20310s
2026-09-16 11:30:18 | INFO | step=72400 loss=0.0723 lr=6.99e-05 elapsed=20334s
2026-09-16 11:30:42 | INFO | step=72500 loss=0.0217 lr=6.99e-05 elapsed=20358s
2026-09-16 11:31:05 | INFO | step=72600 loss=0.0093 lr=6.99e-05 elapsed=20381s
2026-09-16 11:31:29 | INFO | step=72700 loss=0.0198 lr=6.98e-05 elapsed=20405s
2026-09-16 11:31:53 | INFO | step=72800 loss=0.0108 lr=6.98e-05 elapsed=20429s
2026-09-16 11:32:17 | INFO | step=72900 loss=0.0244 lr=6.98e-05 elapsed=20453s
2026-09-16 11:32:40 | INFO | step=73000 loss=0.0233 lr=6.97e-05 elapsed=20476s
2026-09-16 11:33:04 | INFO | step=73100 loss=0.0208 lr=6.97e-05 elapsed=20500s
2026-09-16 11:33:28 | INFO | step=73200 loss=0.0129 lr=6.97e-05 elapsed=20524s
2026-09-16 11:33:51 | INFO | step=73300 loss=0.0202 lr=6.97e-05 elapsed=20547s
2026-09-16 11:34:15 | INFO | step=73400 loss=0.0074 lr=6.96e-05 elapsed=20571s
2026-09-16 11:34:39 | INFO | step=73500 loss=0.0521 lr=6.96e-05 elapsed=20595s
2026-09-16 11:35:03 | INFO | step=73600 loss=0.0295 lr=6.96e-05 elapsed=20619s
2026-09-16 11:35:26 | INFO | step=73700 loss=0.0239 lr=6.95e-05 elapsed=20642s
2026-09-16 11:35:50 | INFO | step=73800 loss=0.0278 lr=6.95e-05 elapsed=20666s
2026-09-16 11:36:14 | INFO | step=73900 loss=0.0085 lr=6.95e-05 elapsed=20690s
2026-09-16 11:36:37 | INFO | step=74000 loss=0.0165 lr=6.95e-05 elapsed=20713s
2026-09-16 11:36:46 | INFO | [eval] step=74000 dev_loss=5.9778
2026-09-16 11:38:01 | INFO |   EM on dev subset (200 samples): 0.00%
2026-09-16 11:38:25 | INFO | step=74100 loss=0.0440 lr=6.94e-05 elapsed=20821s
2026-09-16 11:38:48 | INFO | step=74200 loss=0.0156 lr=6.94e-05 elapsed=20844s
2026-09-16 11:39:12 | INFO | step=74300 loss=0.0139 lr=6.94e-05 elapsed=20868s
2026-09-16 11:39:36 | INFO | step=74400 loss=0.0173 lr=6.93e-05 elapsed=20892s
2026-09-16 11:39:59 | INFO | step=74500 loss=0.0345 lr=6.93e-05 elapsed=20915s
2026-09-16 11:40:23 | INFO | step=74600 loss=0.0098 lr=6.93e-05 elapsed=20939s
2026-09-16 11:40:46 | INFO | step=74700 loss=0.0477 lr=6.93e-05 elapsed=20962s
2026-09-16 11:41:10 | INFO | step=74800 loss=0.0135 lr=6.92e-05 elapsed=20986s
2026-09-16 11:41:34 | INFO | step=74900 loss=0.0107 lr=6.92e-05 elapsed=21010s
2026-09-16 11:41:57 | INFO | step=75000 loss=0.0414 lr=6.92e-05 elapsed=21033s
2026-09-16 11:42:21 | INFO | step=75100 loss=0.0171 lr=6.91e-05 elapsed=21057s
2026-09-16 11:42:45 | INFO | step=75200 loss=0.0777 lr=6.91e-05 elapsed=21081s
2026-09-16 11:43:09 | INFO | step=75300 loss=0.0089 lr=6.91e-05 elapsed=21105s
2026-09-16 11:43:32 | INFO | step=75400 loss=0.0133 lr=6.91e-05 elapsed=21128s
2026-09-16 11:43:56 | INFO | step=75500 loss=0.0238 lr=6.90e-05 elapsed=21152s
2026-09-16 11:44:20 | INFO | step=75600 loss=0.0276 lr=6.90e-05 elapsed=21176s
2026-09-16 11:44:44 | INFO | step=75700 loss=0.0136 lr=6.90e-05 elapsed=21200s
2026-09-16 11:45:07 | INFO | step=75800 loss=0.0163 lr=6.89e-05 elapsed=21223s
2026-09-16 11:45:31 | INFO | step=75900 loss=0.0281 lr=6.89e-05 elapsed=21247s
2026-09-16 11:45:54 | INFO | step=76000 loss=0.0826 lr=6.89e-05 elapsed=21270s
2026-09-16 11:46:04 | INFO | [eval] step=76000 dev_loss=5.9196
2026-09-16 11:47:01 | INFO |   EM on dev subset (200 samples): 0.00%
2026-09-16 11:47:24 | INFO | step=76100 loss=0.0354 lr=6.88e-05 elapsed=21360s
2026-09-16 11:47:48 | INFO | step=76200 loss=0.0250 lr=6.88e-05 elapsed=21384s
2026-09-16 11:48:12 | INFO | step=76300 loss=0.0177 lr=6.88e-05 elapsed=21408s
2026-09-16 11:48:35 | INFO | step=76400 loss=0.0180 lr=6.88e-05 elapsed=21431s
2026-09-16 11:48:59 | INFO | step=76500 loss=0.1048 lr=6.87e-05 elapsed=21455s
2026-09-16 11:49:22 | INFO | step=76600 loss=0.0253 lr=6.87e-05 elapsed=21478s
2026-09-16 11:49:46 | INFO | step=76700 loss=0.0369 lr=6.87e-05 elapsed=21502s
2026-09-16 11:50:09 | INFO | step=76800 loss=0.0448 lr=6.86e-05 elapsed=21525s
2026-09-16 11:50:33 | INFO | step=76900 loss=0.0290 lr=6.86e-05 elapsed=21549s
2026-09-16 11:50:57 | INFO | step=77000 loss=0.0445 lr=6.86e-05 elapsed=21573s
2026-09-16 11:51:21 | INFO | step=77100 loss=0.0120 lr=6.86e-05 elapsed=21597s
2026-09-16 11:51:45 | INFO | step=77200 loss=0.0386 lr=6.85e-05 elapsed=21621s
2026-09-16 11:52:08 | INFO | step=77300 loss=0.0400 lr=6.85e-05 elapsed=21644s
2026-09-16 11:52:31 | INFO | step=77400 loss=0.0120 lr=6.85e-05 elapsed=21667s
2026-09-16 11:52:55 | INFO | step=77500 loss=0.0193 lr=6.84e-05 elapsed=21691s
2026-09-16 11:53:19 | INFO | step=77600 loss=0.0694 lr=6.84e-05 elapsed=21715s
2026-09-16 11:53:42 | INFO | step=77700 loss=0.0159 lr=6.84e-05 elapsed=21738s
2026-09-16 11:54:06 | INFO | step=77800 loss=0.0085 lr=6.83e-05 elapsed=21762s
2026-09-16 11:54:30 | INFO | step=77900 loss=0.0254 lr=6.83e-05 elapsed=21786s
2026-09-16 11:54:53 | INFO | step=78000 loss=0.0122 lr=6.83e-05 elapsed=21809s
2026-09-16 11:55:03 | INFO | [eval] step=78000 dev_loss=5.9066
2026-09-16 11:56:03 | INFO |   EM on dev subset (200 samples): 1.00%
2026-09-16 11:56:27 | INFO | step=78100 loss=0.0152 lr=6.83e-05 elapsed=21903s
2026-09-16 11:56:50 | INFO | step=78200 loss=0.0191 lr=6.82e-05 elapsed=21926s
2026-09-16 11:57:14 | INFO | step=78300 loss=0.0058 lr=6.82e-05 elapsed=21950s
2026-09-16 11:57:38 | INFO | step=78400 loss=0.0167 lr=6.82e-05 elapsed=21974s
2026-09-16 11:58:02 | INFO | step=78500 loss=0.0297 lr=6.81e-05 elapsed=21998s
2026-09-16 11:58:25 | INFO | step=78600 loss=0.0167 lr=6.81e-05 elapsed=22021s
2026-09-16 11:58:49 | INFO | step=78700 loss=0.0027 lr=6.81e-05 elapsed=22045s
2026-09-16 11:59:12 | INFO | step=78800 loss=0.0060 lr=6.80e-05 elapsed=22068s
2026-09-16 11:59:36 | INFO | step=78900 loss=0.0150 lr=6.80e-05 elapsed=22092s
2026-09-16 11:59:59 | INFO | step=79000 loss=0.0164 lr=6.80e-05 elapsed=22115s
2026-09-16 12:00:23 | INFO | step=79100 loss=0.0061 lr=6.80e-05 elapsed=22139s
2026-09-16 12:00:47 | INFO | step=79200 loss=0.0053 lr=6.79e-05 elapsed=22163s
2026-09-16 12:01:10 | INFO | step=79300 loss=0.0129 lr=6.79e-05 elapsed=22186s
2026-09-16 12:01:34 | INFO | step=79400 loss=0.0332 lr=6.79e-05 elapsed=22210s
2026-09-16 12:01:58 | INFO | step=79500 loss=0.0040 lr=6.78e-05 elapsed=22234s
2026-09-16 12:02:22 | INFO | step=79600 loss=0.0113 lr=6.78e-05 elapsed=22258s
2026-09-16 12:02:45 | INFO | step=79700 loss=0.0150 lr=6.78e-05 elapsed=22281s
2026-09-16 12:03:09 | INFO | step=79800 loss=0.0216 lr=6.77e-05 elapsed=22305s
2026-09-16 12:03:33 | INFO | step=79900 loss=0.0122 lr=6.77e-05 elapsed=22329s
2026-09-16 12:03:56 | INFO | step=80000 loss=0.0613 lr=6.77e-05 elapsed=22352s
2026-09-16 12:04:06 | INFO | [eval] step=80000 dev_loss=5.9350
2026-09-16 12:05:15 | INFO |   EM on dev subset (200 samples): 0.00%
2026-09-16 12:06:00 | INFO | step=80100 loss=0.0202 lr=6.76e-05 elapsed=22476s
2026-09-16 12:06:24 | INFO | step=80200 loss=0.0143 lr=6.76e-05 elapsed=22500s
2026-09-16 12:06:48 | INFO | step=80300 loss=0.0220 lr=6.76e-05 elapsed=22524s
2026-09-16 12:07:12 | INFO | step=80400 loss=0.0253 lr=6.76e-05 elapsed=22548s
2026-09-16 12:07:35 | INFO | step=80500 loss=0.0622 lr=6.75e-05 elapsed=22571s
2026-09-16 12:07:59 | INFO | step=80600 loss=0.0425 lr=6.75e-05 elapsed=22595s
2026-09-16 12:08:22 | INFO | step=80700 loss=0.0112 lr=6.75e-05 elapsed=22618s
2026-09-16 12:08:46 | INFO | step=80800 loss=0.0354 lr=6.74e-05 elapsed=22642s
2026-09-16 12:09:10 | INFO | step=80900 loss=0.0087 lr=6.74e-05 elapsed=22666s
2026-09-16 12:09:34 | INFO | step=81000 loss=0.0213 lr=6.74e-05 elapsed=22690s
2026-09-16 12:09:58 | INFO | step=81100 loss=0.0081 lr=6.73e-05 elapsed=22714s
2026-09-16 12:10:21 | INFO | step=81200 loss=0.0184 lr=6.73e-05 elapsed=22737s
2026-09-16 12:10:45 | INFO | step=81300 loss=0.0413 lr=6.73e-05 elapsed=22761s
2026-09-16 12:11:09 | INFO | step=81400 loss=0.0157 lr=6.72e-05 elapsed=22785s
2026-09-16 12:11:32 | INFO | step=81500 loss=0.0161 lr=6.72e-05 elapsed=22808s
2026-09-16 12:11:56 | INFO | step=81600 loss=0.0079 lr=6.72e-05 elapsed=22832s
2026-09-16 12:12:20 | INFO | step=81700 loss=0.0057 lr=6.72e-05 elapsed=22856s
2026-09-16 12:12:43 | INFO | step=81800 loss=0.0354 lr=6.71e-05 elapsed=22879s
2026-09-16 12:13:07 | INFO | step=81900 loss=0.0119 lr=6.71e-05 elapsed=22903s
2026-09-16 12:13:31 | INFO | step=82000 loss=0.0044 lr=6.71e-05 elapsed=22927s
2026-09-16 12:13:40 | INFO | [eval] step=82000 dev_loss=5.8804
2026-09-16 12:14:39 | INFO |   EM on dev subset (200 samples): 0.00%
2026-09-16 12:15:02 | INFO | step=82100 loss=0.0099 lr=6.70e-05 elapsed=23018s
2026-09-16 12:15:26 | INFO | step=82200 loss=0.0359 lr=6.70e-05 elapsed=23042s
2026-09-16 12:15:50 | INFO | step=82300 loss=0.0093 lr=6.70e-05 elapsed=23066s
2026-09-16 12:16:14 | INFO | step=82400 loss=0.0079 lr=6.69e-05 elapsed=23090s
2026-09-16 12:16:37 | INFO | step=82500 loss=0.0208 lr=6.69e-05 elapsed=23113s
2026-09-16 12:17:01 | INFO | step=82600 loss=0.0178 lr=6.69e-05 elapsed=23137s
2026-09-16 12:17:24 | INFO | step=82700 loss=0.0270 lr=6.68e-05 elapsed=23160s
2026-09-16 12:17:48 | INFO | step=82800 loss=0.0076 lr=6.68e-05 elapsed=23184s
2026-09-16 12:18:12 | INFO | step=82900 loss=0.0041 lr=6.68e-05 elapsed=23208s
2026-09-16 12:18:36 | INFO | step=83000 loss=0.0188 lr=6.67e-05 elapsed=23232s
2026-09-16 12:18:59 | INFO | step=83100 loss=0.0238 lr=6.67e-05 elapsed=23255s
2026-09-16 12:19:23 | INFO | step=83200 loss=0.0302 lr=6.67e-05 elapsed=23279s
2026-09-16 12:19:47 | INFO | step=83300 loss=0.0076 lr=6.66e-05 elapsed=23303s
2026-09-16 12:20:10 | INFO | step=83400 loss=0.0251 lr=6.66e-05 elapsed=23326s
2026-09-16 12:20:34 | INFO | step=83500 loss=0.0217 lr=6.66e-05 elapsed=23350s
2026-09-16 12:20:58 | INFO | step=83600 loss=0.0619 lr=6.66e-05 elapsed=23374s
2026-09-16 12:21:22 | INFO | step=83700 loss=0.0079 lr=6.65e-05 elapsed=23398s
2026-09-16 12:21:45 | INFO | step=83800 loss=0.0114 lr=6.65e-05 elapsed=23421s
2026-09-16 12:22:09 | INFO | step=83900 loss=0.0480 lr=6.65e-05 elapsed=23445s
2026-09-16 12:22:33 | INFO | step=84000 loss=0.0119 lr=6.64e-05 elapsed=23469s
2026-09-16 12:22:42 | INFO | [eval] step=84000 dev_loss=5.8654
2026-09-16 12:23:46 | INFO |   EM on dev subset (200 samples): 0.00%
2026-09-16 12:24:10 | INFO | step=84100 loss=0.0113 lr=6.64e-05 elapsed=23566s
2026-09-16 12:24:34 | INFO | step=84200 loss=0.0185 lr=6.64e-05 elapsed=23590s
2026-09-16 12:24:57 | INFO | step=84300 loss=0.0057 lr=6.63e-05 elapsed=23613s
2026-09-16 12:25:21 | INFO | step=84400 loss=0.0439 lr=6.63e-05 elapsed=23637s
2026-09-16 12:25:45 | INFO | step=84500 loss=0.0376 lr=6.63e-05 elapsed=23661s
2026-09-16 12:26:09 | INFO | step=84600 loss=0.0205 lr=6.62e-05 elapsed=23685s
2026-09-16 12:26:32 | INFO | step=84700 loss=0.0191 lr=6.62e-05 elapsed=23708s
2026-09-16 12:26:56 | INFO | step=84800 loss=0.0147 lr=6.62e-05 elapsed=23732s
2026-09-16 12:27:20 | INFO | step=84900 loss=0.0251 lr=6.61e-05 elapsed=23756s
2026-09-16 12:27:43 | INFO | step=85000 loss=0.0073 lr=6.61e-05 elapsed=23779s
2026-09-16 12:28:07 | INFO | step=85100 loss=0.0316 lr=6.61e-05 elapsed=23803s
2026-09-16 12:28:31 | INFO | step=85200 loss=0.0067 lr=6.60e-05 elapsed=23827s
2026-09-16 12:28:54 | INFO | step=85300 loss=0.0092 lr=6.60e-05 elapsed=23850s
2026-09-16 12:29:18 | INFO | step=85400 loss=0.0236 lr=6.60e-05 elapsed=23874s
2026-09-16 12:29:41 | INFO | step=85500 loss=0.0074 lr=6.59e-05 elapsed=23897s
2026-09-16 12:30:05 | INFO | step=85600 loss=0.0138 lr=6.59e-05 elapsed=23921s
2026-09-16 12:30:29 | INFO | step=85700 loss=0.0169 lr=6.59e-05 elapsed=23945s
2026-09-16 12:30:53 | INFO | step=85800 loss=0.0050 lr=6.58e-05 elapsed=23969s
2026-09-16 12:31:16 | INFO | step=85900 loss=0.0201 lr=6.58e-05 elapsed=23992s
2026-09-16 12:31:40 | INFO | step=86000 loss=0.0096 lr=6.58e-05 elapsed=24016s
2026-09-16 12:31:49 | INFO | [eval] step=86000 dev_loss=5.9013
2026-09-16 12:32:58 | INFO |   EM on dev subset (200 samples): 0.00%
2026-09-16 12:33:21 | INFO | step=86100 loss=0.0142 lr=6.58e-05 elapsed=24117s
2026-09-16 12:33:45 | INFO | step=86200 loss=0.0090 lr=6.57e-05 elapsed=24141s
2026-09-16 12:34:08 | INFO | step=86300 loss=0.0116 lr=6.57e-05 elapsed=24164s
2026-09-16 12:34:32 | INFO | step=86400 loss=0.0211 lr=6.57e-05 elapsed=24188s
2026-09-16 12:34:56 | INFO | step=86500 loss=0.0539 lr=6.56e-05 elapsed=24212s
2026-09-16 12:35:19 | INFO | step=86600 loss=0.0146 lr=6.56e-05 elapsed=24235s
2026-09-16 12:35:43 | INFO | step=86700 loss=0.0512 lr=6.56e-05 elapsed=24259s
2026-09-16 12:36:07 | INFO | step=86800 loss=0.0116 lr=6.55e-05 elapsed=24283s
2026-09-16 12:36:30 | INFO | step=86900 loss=0.0599 lr=6.55e-05 elapsed=24306s
2026-09-16 12:36:54 | INFO | step=87000 loss=0.0359 lr=6.55e-05 elapsed=24330s
2026-09-16 12:37:18 | INFO | step=87100 loss=0.0025 lr=6.54e-05 elapsed=24354s
2026-09-16 12:37:43 | INFO | step=87200 loss=0.0189 lr=6.54e-05 elapsed=24379s
2026-09-16 12:38:07 | INFO | step=87300 loss=0.0262 lr=6.54e-05 elapsed=24403s
2026-09-16 12:38:31 | INFO | step=87400 loss=0.0181 lr=6.53e-05 elapsed=24427s
2026-09-16 12:38:56 | INFO | step=87500 loss=0.0055 lr=6.53e-05 elapsed=24452s
2026-09-16 12:39:20 | INFO | step=87600 loss=0.0234 lr=6.53e-05 elapsed=24476s
2026-09-16 12:39:44 | INFO | step=87700 loss=0.0085 lr=6.52e-05 elapsed=24500s
2026-09-16 12:40:08 | INFO | step=87800 loss=0.0307 lr=6.52e-05 elapsed=24524s
2026-09-16 12:40:32 | INFO | step=87900 loss=0.0110 lr=6.52e-05 elapsed=24548s
2026-09-16 12:40:57 | INFO | step=88000 loss=0.0281 lr=6.51e-05 elapsed=24573s
2026-09-16 12:41:06 | INFO | [eval] step=88000 dev_loss=6.0062
2026-09-16 12:42:02 | INFO |   EM on dev subset (200 samples): 0.00%
2026-09-16 12:42:26 | INFO | step=88100 loss=0.0090 lr=6.51e-05 elapsed=24662s
2026-09-16 12:42:50 | INFO | step=88200 loss=0.0024 lr=6.51e-05 elapsed=24686s
2026-09-16 12:43:14 | INFO | step=88300 loss=0.0133 lr=6.50e-05 elapsed=24710s
2026-09-16 12:43:38 | INFO | step=88400 loss=0.0115 lr=6.50e-05 elapsed=24734s
2026-09-16 12:44:02 | INFO | step=88500 loss=0.0142 lr=6.50e-05 elapsed=24758s
2026-09-16 12:44:26 | INFO | step=88600 loss=0.0188 lr=6.49e-05 elapsed=24782s
2026-09-16 12:44:50 | INFO | step=88700 loss=0.0180 lr=6.49e-05 elapsed=24806s
2026-09-16 12:45:15 | INFO | step=88800 loss=0.0097 lr=6.49e-05 elapsed=24831s
2026-09-16 12:45:39 | INFO | step=88900 loss=0.0140 lr=6.48e-05 elapsed=24855s
2026-09-16 12:46:03 | INFO | step=89000 loss=0.0137 lr=6.48e-05 elapsed=24879s
2026-09-16 12:46:27 | INFO | step=89100 loss=0.0075 lr=6.48e-05 elapsed=24903s
2026-09-16 12:46:52 | INFO | step=89200 loss=0.0128 lr=6.47e-05 elapsed=24928s
2026-09-16 12:47:16 | INFO | step=89300 loss=0.0840 lr=6.47e-05 elapsed=24952s
2026-09-16 12:47:39 | INFO | step=89400 loss=0.0055 lr=6.47e-05 elapsed=24975s
2026-09-16 12:48:04 | INFO | step=89500 loss=0.0134 lr=6.46e-05 elapsed=25000s
2026-09-16 12:48:28 | INFO | step=89600 loss=0.0041 lr=6.46e-05 elapsed=25024s
2026-09-16 12:48:52 | INFO | step=89700 loss=0.0202 lr=6.46e-05 elapsed=25048s
2026-09-16 12:49:16 | INFO | step=89800 loss=0.0041 lr=6.45e-05 elapsed=25072s
2026-09-16 12:49:40 | INFO | step=89900 loss=0.0314 lr=6.45e-05 elapsed=25096s
2026-09-16 12:50:04 | INFO | step=90000 loss=0.0453 lr=6.45e-05 elapsed=25120s
2026-09-16 12:50:13 | INFO | [eval] step=90000 dev_loss=6.0173
2026-09-16 12:51:23 | INFO |   EM on dev subset (200 samples): 0.00%
2026-09-16 12:51:47 | INFO | step=90100 loss=0.0195 lr=6.44e-05 elapsed=25223s
2026-09-16 12:52:11 | INFO | step=90200 loss=0.0124 lr=6.44e-05 elapsed=25247s
2026-09-16 12:52:35 | INFO | step=90300 loss=0.0160 lr=6.44e-05 elapsed=25271s
2026-09-16 12:52:59 | INFO | step=90400 loss=0.0085 lr=6.43e-05 elapsed=25295s
2026-09-16 12:53:23 | INFO | step=90500 loss=0.0089 lr=6.43e-05 elapsed=25319s
2026-09-16 12:53:47 | INFO | step=90600 loss=0.0039 lr=6.43e-05 elapsed=25343s
2026-09-16 12:54:11 | INFO | step=90700 loss=0.0091 lr=6.42e-05 elapsed=25367s
2026-09-16 12:54:36 | INFO | step=90800 loss=0.0158 lr=6.42e-05 elapsed=25392s
2026-09-16 12:55:00 | INFO | step=90900 loss=0.0268 lr=6.42e-05 elapsed=25416s
2026-09-16 12:55:24 | INFO | step=91000 loss=0.0086 lr=6.41e-05 elapsed=25440s
2026-09-16 12:55:48 | INFO | step=91100 loss=0.0184 lr=6.41e-05 elapsed=25464s
2026-09-16 12:56:12 | INFO | step=91200 loss=0.0070 lr=6.41e-05 elapsed=25488s
2026-09-16 12:56:36 | INFO | step=91300 loss=0.0063 lr=6.40e-05 elapsed=25512s
2026-09-16 12:56:59 | INFO | step=91400 loss=0.0022 lr=6.40e-05 elapsed=25535s
2026-09-16 12:57:23 | INFO | step=91500 loss=0.0745 lr=6.40e-05 elapsed=25559s
2026-09-16 12:57:47 | INFO | step=91600 loss=0.0088 lr=6.39e-05 elapsed=25583s
2026-09-16 12:58:11 | INFO | step=91700 loss=0.0079 lr=6.39e-05 elapsed=25607s
2026-09-16 12:58:35 | INFO | step=91800 loss=0.0073 lr=6.39e-05 elapsed=25631s
2026-09-16 12:58:58 | INFO | step=91900 loss=0.0040 lr=6.38e-05 elapsed=25654s
2026-09-16 12:59:22 | INFO | step=92000 loss=0.0154 lr=6.38e-05 elapsed=25678s
2026-09-16 12:59:32 | INFO | [eval] step=92000 dev_loss=6.0680
2026-09-16 13:00:42 | INFO |   EM on dev subset (200 samples): 0.00%
2026-09-16 13:01:06 | INFO | step=92100 loss=0.0069 lr=6.38e-05 elapsed=25782s
2026-09-16 13:01:30 | INFO | step=92200 loss=0.0025 lr=6.37e-05 elapsed=25806s
2026-09-16 13:01:54 | INFO | step=92300 loss=0.0170 lr=6.37e-05 elapsed=25830s
2026-09-16 13:02:18 | INFO | step=92400 loss=0.0093 lr=6.36e-05 elapsed=25854s
2026-09-16 13:02:41 | INFO | step=92500 loss=0.1860 lr=6.36e-05 elapsed=25877s
2026-09-16 13:03:05 | INFO | step=92600 loss=0.0145 lr=6.36e-05 elapsed=25901s
2026-09-16 13:03:28 | INFO | step=92700 loss=0.0090 lr=6.35e-05 elapsed=25924s
2026-09-16 13:03:52 | INFO | step=92800 loss=0.0031 lr=6.35e-05 elapsed=25948s
2026-09-16 13:04:16 | INFO | step=92900 loss=0.0055 lr=6.35e-05 elapsed=25972s
2026-09-16 13:04:40 | INFO | step=93000 loss=0.0088 lr=6.34e-05 elapsed=25996s
2026-09-16 13:05:04 | INFO | step=93100 loss=0.0090 lr=6.34e-05 elapsed=26020s
2026-09-16 13:05:28 | INFO | step=93200 loss=0.0142 lr=6.34e-05 elapsed=26044s
2026-09-16 13:05:51 | INFO | step=93300 loss=0.0080 lr=6.33e-05 elapsed=26067s
2026-09-16 13:06:15 | INFO | step=93400 loss=0.0074 lr=6.33e-05 elapsed=26091s
2026-09-16 13:06:38 | INFO | step=93500 loss=0.0050 lr=6.33e-05 elapsed=26114s
2026-09-16 13:07:02 | INFO | step=93600 loss=0.0072 lr=6.32e-05 elapsed=26138s
2026-09-16 13:07:26 | INFO | step=93700 loss=0.0088 lr=6.32e-05 elapsed=26162s
2026-09-16 13:07:50 | INFO | step=93800 loss=0.0035 lr=6.32e-05 elapsed=26186s
2026-09-16 13:08:13 | INFO | step=93900 loss=0.0203 lr=6.31e-05 elapsed=26209s
2026-09-16 13:08:37 | INFO | step=94000 loss=0.0547 lr=6.31e-05 elapsed=26233s
2026-09-16 13:08:47 | INFO | [eval] step=94000 dev_loss=6.0944
2026-09-16 13:09:50 | INFO |   EM on dev subset (200 samples): 0.00%
2026-09-16 13:10:14 | INFO | step=94100 loss=0.0063 lr=6.31e-05 elapsed=26330s
2026-09-16 13:10:38 | INFO | step=94200 loss=0.0165 lr=6.30e-05 elapsed=26354s
2026-09-16 13:11:01 | INFO | step=94300 loss=0.0846 lr=6.30e-05 elapsed=26377s
2026-09-16 13:11:25 | INFO | step=94400 loss=0.0048 lr=6.30e-05 elapsed=26401s
2026-09-16 13:11:49 | INFO | step=94500 loss=0.0079 lr=6.29e-05 elapsed=26425s
2026-09-16 13:12:13 | INFO | step=94600 loss=0.0123 lr=6.29e-05 elapsed=26449s
2026-09-16 13:12:37 | INFO | step=94700 loss=0.0119 lr=6.29e-05 elapsed=26473s
2026-09-16 13:13:01 | INFO | step=94800 loss=0.0033 lr=6.28e-05 elapsed=26497s
2026-09-16 13:13:24 | INFO | step=94900 loss=0.0116 lr=6.28e-05 elapsed=26520s
2026-09-16 13:13:48 | INFO | step=95000 loss=0.0229 lr=6.27e-05 elapsed=26544s
2026-09-16 13:14:11 | INFO | step=95100 loss=0.0018 lr=6.27e-05 elapsed=26567s
2026-09-16 13:14:36 | INFO | step=95200 loss=0.0044 lr=6.27e-05 elapsed=26592s
2026-09-16 13:14:59 | INFO | step=95300 loss=0.0740 lr=6.26e-05 elapsed=26615s
2026-09-16 13:15:23 | INFO | step=95400 loss=0.0342 lr=6.26e-05 elapsed=26639s
2026-09-16 13:15:46 | INFO | step=95500 loss=0.0012 lr=6.26e-05 elapsed=26662s
2026-09-16 13:16:10 | INFO | step=95600 loss=0.0531 lr=6.25e-05 elapsed=26686s
2026-09-16 13:16:34 | INFO | step=95700 loss=0.0266 lr=6.25e-05 elapsed=26710s
2026-09-16 13:16:58 | INFO | step=95800 loss=0.0231 lr=6.25e-05 elapsed=26734s
2026-09-16 13:17:21 | INFO | step=95900 loss=0.0052 lr=6.24e-05 elapsed=26757s
2026-09-16 13:17:45 | INFO | step=96000 loss=0.0029 lr=6.24e-05 elapsed=26781s
2026-09-16 13:17:54 | INFO | [eval] step=96000 dev_loss=6.0519
2026-09-16 13:18:54 | INFO |   EM on dev subset (200 samples): 0.00%
2026-09-16 13:19:18 | INFO | step=96100 loss=0.0068 lr=6.24e-05 elapsed=26874s
2026-09-16 13:19:42 | INFO | step=96200 loss=0.0135 lr=6.23e-05 elapsed=26898s
2026-09-16 13:20:06 | INFO | step=96300 loss=0.0654 lr=6.23e-05 elapsed=26922s
2026-09-16 13:20:30 | INFO | step=96400 loss=0.0019 lr=6.23e-05 elapsed=26946s
2026-09-16 13:20:53 | INFO | step=96500 loss=0.0084 lr=6.22e-05 elapsed=26969s
2026-09-16 13:21:17 | INFO | step=96600 loss=0.0045 lr=6.22e-05 elapsed=26993s
2026-09-16 13:21:41 | INFO | step=96700 loss=0.0027 lr=6.22e-05 elapsed=27017s
2026-09-16 13:22:05 | INFO | step=96800 loss=0.0085 lr=6.21e-05 elapsed=27041s
2026-09-16 13:22:29 | INFO | step=96900 loss=0.0287 lr=6.21e-05 elapsed=27065s
2026-09-16 13:22:52 | INFO | step=97000 loss=0.0055 lr=6.20e-05 elapsed=27088s
2026-09-16 13:23:16 | INFO | step=97100 loss=0.0023 lr=6.20e-05 elapsed=27112s
2026-09-16 13:23:40 | INFO | step=97200 loss=0.0147 lr=6.20e-05 elapsed=27136s
2026-09-16 13:24:03 | INFO | step=97300 loss=0.0052 lr=6.19e-05 elapsed=27159s
2026-09-16 13:24:27 | INFO | step=97400 loss=0.0026 lr=6.19e-05 elapsed=27183s
2026-09-16 13:24:51 | INFO | step=97500 loss=0.0052 lr=6.19e-05 elapsed=27207s
2026-09-16 13:25:15 | INFO | step=97600 loss=0.0130 lr=6.18e-05 elapsed=27231s
2026-09-16 13:25:38 | INFO | step=97700 loss=0.0058 lr=6.18e-05 elapsed=27254s
2026-09-16 13:26:02 | INFO | step=97800 loss=0.0008 lr=6.18e-05 elapsed=27278s
2026-09-16 13:26:26 | INFO | step=97900 loss=0.0118 lr=6.17e-05 elapsed=27302s
2026-09-16 13:26:50 | INFO | step=98000 loss=0.0066 lr=6.17e-05 elapsed=27326s
2026-09-16 13:27:00 | INFO | [eval] step=98000 dev_loss=6.0398
2026-09-16 13:28:07 | INFO |   EM on dev subset (200 samples): 0.00%
2026-09-16 13:28:31 | INFO | step=98100 loss=0.0429 lr=6.17e-05 elapsed=27427s
2026-09-16 13:28:55 | INFO | step=98200 loss=0.0110 lr=6.16e-05 elapsed=27451s
2026-09-16 13:29:19 | INFO | step=98300 loss=0.0028 lr=6.16e-05 elapsed=27475s
2026-09-16 13:29:43 | INFO | step=98400 loss=0.0019 lr=6.15e-05 elapsed=27499s
2026-09-16 13:30:07 | INFO | step=98500 loss=0.0113 lr=6.15e-05 elapsed=27523s
2026-09-16 13:30:31 | INFO | step=98600 loss=0.0247 lr=6.15e-05 elapsed=27547s
2026-09-16 13:30:54 | INFO | step=98700 loss=0.0068 lr=6.14e-05 elapsed=27570s
2026-09-16 13:31:18 | INFO | step=98800 loss=0.0089 lr=6.14e-05 elapsed=27594s
2026-09-16 13:31:42 | INFO | step=98900 loss=0.0220 lr=6.14e-05 elapsed=27618s
2026-09-16 13:32:05 | INFO | step=99000 loss=0.0046 lr=6.13e-05 elapsed=27641s
2026-09-16 13:32:29 | INFO | step=99100 loss=0.0081 lr=6.13e-05 elapsed=27665s
2026-09-16 13:32:53 | INFO | step=99200 loss=0.0533 lr=6.13e-05 elapsed=27689s
2026-09-16 13:33:17 | INFO | step=99300 loss=0.0044 lr=6.12e-05 elapsed=27713s
2026-09-16 13:33:40 | INFO | step=99400 loss=0.0208 lr=6.12e-05 elapsed=27736s
2026-09-16 13:34:04 | INFO | step=99500 loss=0.0079 lr=6.12e-05 elapsed=27760s
2026-09-16 13:34:28 | INFO | step=99600 loss=0.0035 lr=6.11e-05 elapsed=27784s
2026-09-16 13:34:52 | INFO | step=99700 loss=0.0438 lr=6.11e-05 elapsed=27808s
2026-09-16 13:35:15 | INFO | step=99800 loss=0.0102 lr=6.10e-05 elapsed=27831s
2026-09-16 13:35:39 | INFO | step=99900 loss=0.0049 lr=6.10e-05 elapsed=27855s
2026-09-16 13:36:03 | INFO | step=100000 loss=0.0060 lr=6.10e-05 elapsed=27879s
2026-09-16 13:36:13 | INFO | [eval] step=100000 dev_loss=5.9986
2026-09-16 13:37:26 | INFO |   EM on dev subset (200 samples): 0.00%
2026-09-16 13:38:12 | INFO | step=100100 loss=0.0082 lr=6.09e-05 elapsed=28008s
2026-09-16 13:38:36 | INFO | step=100200 loss=0.0309 lr=6.09e-05 elapsed=28032s
2026-09-16 13:38:59 | INFO | step=100300 loss=0.0720 lr=6.09e-05 elapsed=28055s
2026-09-16 13:39:23 | INFO | step=100400 loss=0.0548 lr=6.08e-05 elapsed=28079s
2026-09-16 13:39:47 | INFO | step=100500 loss=0.0090 lr=6.08e-05 elapsed=28103s
2026-09-16 13:40:10 | INFO | step=100600 loss=0.0023 lr=6.08e-05 elapsed=28126s
2026-09-16 13:40:34 | INFO | step=100700 loss=0.0325 lr=6.07e-05 elapsed=28150s
2026-09-16 13:40:58 | INFO | step=100800 loss=0.0009 lr=6.07e-05 elapsed=28174s
2026-09-16 13:41:22 | INFO | step=100900 loss=0.0053 lr=6.06e-05 elapsed=28198s
2026-09-16 13:41:45 | INFO | step=101000 loss=0.0066 lr=6.06e-05 elapsed=28221s
2026-09-16 13:42:09 | INFO | step=101100 loss=0.0681 lr=6.06e-05 elapsed=28245s
2026-09-16 13:42:33 | INFO | step=101200 loss=0.0022 lr=6.05e-05 elapsed=28269s
2026-09-16 13:42:56 | INFO | step=101300 loss=0.0251 lr=6.05e-05 elapsed=28292s
2026-09-16 13:43:20 | INFO | step=101400 loss=0.0276 lr=6.05e-05 elapsed=28316s
2026-09-16 13:43:44 | INFO | step=101500 loss=0.0489 lr=6.04e-05 elapsed=28340s
2026-09-16 13:44:08 | INFO | step=101600 loss=0.0079 lr=6.04e-05 elapsed=28364s
2026-09-16 13:44:31 | INFO | step=101700 loss=0.0258 lr=6.04e-05 elapsed=28387s
2026-09-16 13:44:55 | INFO | step=101800 loss=0.0024 lr=6.03e-05 elapsed=28411s
2026-09-16 13:45:19 | INFO | step=101900 loss=0.0026 lr=6.03e-05 elapsed=28435s
2026-09-16 13:45:43 | INFO | step=102000 loss=0.0037 lr=6.02e-05 elapsed=28459s
2026-09-16 13:45:52 | INFO | [eval] step=102000 dev_loss=6.0482
2026-09-16 13:46:46 | INFO |   EM on dev subset (200 samples): 0.00%
2026-09-16 13:47:10 | INFO | step=102100 loss=0.0162 lr=6.02e-05 elapsed=28546s
2026-09-16 13:47:34 | INFO | step=102200 loss=0.0255 lr=6.02e-05 elapsed=28570s
2026-09-16 13:47:57 | INFO | step=102300 loss=0.0013 lr=6.01e-05 elapsed=28593s
2026-09-16 13:48:21 | INFO | step=102400 loss=0.0109 lr=6.01e-05 elapsed=28617s
2026-09-16 13:48:45 | INFO | step=102500 loss=0.0682 lr=6.01e-05 elapsed=28641s
2026-09-16 13:49:08 | INFO | step=102600 loss=0.0103 lr=6.00e-05 elapsed=28664s
2026-09-16 13:49:32 | INFO | step=102700 loss=0.0271 lr=6.00e-05 elapsed=28688s
2026-09-16 13:49:55 | INFO | step=102800 loss=0.0209 lr=6.00e-05 elapsed=28711s
2026-09-16 13:50:19 | INFO | step=102900 loss=0.0047 lr=5.99e-05 elapsed=28735s
2026-09-16 13:50:42 | INFO | step=103000 loss=0.0047 lr=5.99e-05 elapsed=28758s
2026-09-16 13:51:06 | INFO | step=103100 loss=0.0045 lr=5.98e-05 elapsed=28782s
2026-09-16 13:51:30 | INFO | step=103200 loss=0.0038 lr=5.98e-05 elapsed=28806s
2026-09-16 13:51:54 | INFO | step=103300 loss=0.0201 lr=5.98e-05 elapsed=28830s
2026-09-16 13:52:17 | INFO | step=103400 loss=0.0947 lr=5.97e-05 elapsed=28853s
2026-09-16 13:52:41 | INFO | step=103500 loss=0.0060 lr=5.97e-05 elapsed=28877s
2026-09-16 13:53:04 | INFO | step=103600 loss=0.0017 lr=5.97e-05 elapsed=28900s
2026-09-16 13:53:28 | INFO | step=103700 loss=0.0060 lr=5.96e-05 elapsed=28924s
2026-09-16 13:53:52 | INFO | step=103800 loss=0.0100 lr=5.96e-05 elapsed=28948s
2026-09-16 13:54:15 | INFO | step=103900 loss=0.0059 lr=5.95e-05 elapsed=28971s
2026-09-16 13:54:39 | INFO | step=104000 loss=0.0038 lr=5.95e-05 elapsed=28995s
2026-09-16 13:54:48 | INFO | [eval] step=104000 dev_loss=6.0690
2026-09-16 13:55:41 | INFO |   EM on dev subset (200 samples): 0.00%
2026-09-16 13:56:05 | INFO | step=104100 loss=0.0026 lr=5.95e-05 elapsed=29081s
2026-09-16 13:56:29 | INFO | step=104200 loss=0.0109 lr=5.94e-05 elapsed=29105s
2026-09-16 13:56:53 | INFO | step=104300 loss=0.0627 lr=5.94e-05 elapsed=29129s
2026-09-16 13:57:17 | INFO | step=104400 loss=0.0068 lr=5.94e-05 elapsed=29153s
2026-09-16 13:57:40 | INFO | step=104500 loss=0.0037 lr=5.93e-05 elapsed=29176s
2026-09-16 13:58:04 | INFO | step=104600 loss=0.0519 lr=5.93e-05 elapsed=29200s
2026-09-16 13:58:28 | INFO | step=104700 loss=0.0111 lr=5.92e-05 elapsed=29224s
2026-09-16 13:58:52 | INFO | step=104800 loss=0.0680 lr=5.92e-05 elapsed=29248s
2026-09-16 13:59:16 | INFO | step=104900 loss=0.0065 lr=5.92e-05 elapsed=29272s
2026-09-16 13:59:40 | INFO | step=105000 loss=0.0051 lr=5.91e-05 elapsed=29296s
2026-09-16 14:00:04 | INFO | step=105100 loss=0.0061 lr=5.91e-05 elapsed=29320s
2026-09-16 14:00:28 | INFO | step=105200 loss=0.1055 lr=5.91e-05 elapsed=29344s
2026-09-16 14:00:51 | INFO | step=105300 loss=0.0127 lr=5.90e-05 elapsed=29367s
2026-09-16 14:01:15 | INFO | step=105400 loss=0.0063 lr=5.90e-05 elapsed=29391s
2026-09-16 14:01:39 | INFO | step=105500 loss=0.0085 lr=5.89e-05 elapsed=29415s
2026-09-16 14:02:03 | INFO | step=105600 loss=0.0038 lr=5.89e-05 elapsed=29439s
2026-09-16 14:02:27 | INFO | step=105700 loss=0.0069 lr=5.89e-05 elapsed=29463s
2026-09-16 14:02:50 | INFO | step=105800 loss=0.0101 lr=5.88e-05 elapsed=29486s
2026-09-16 14:03:14 | INFO | step=105900 loss=0.0064 lr=5.88e-05 elapsed=29510s
2026-09-16 14:03:38 | INFO | step=106000 loss=0.0047 lr=5.88e-05 elapsed=29534s
2026-09-16 14:03:47 | INFO | [eval] step=106000 dev_loss=6.0961
2026-09-16 14:04:57 | INFO |   EM on dev subset (200 samples): 0.00%
2026-09-16 14:05:21 | INFO | step=106100 loss=0.0098 lr=5.87e-05 elapsed=29637s
2026-09-16 14:05:45 | INFO | step=106200 loss=0.0346 lr=5.87e-05 elapsed=29661s
2026-09-16 14:06:09 | INFO | step=106300 loss=0.0171 lr=5.86e-05 elapsed=29685s
2026-09-16 14:06:33 | INFO | step=106400 loss=0.0057 lr=5.86e-05 elapsed=29709s
2026-09-16 14:06:56 | INFO | step=106500 loss=0.0018 lr=5.86e-05 elapsed=29732s
2026-09-16 14:07:20 | INFO | step=106600 loss=0.0070 lr=5.85e-05 elapsed=29756s
2026-09-16 14:07:43 | INFO | step=106700 loss=0.0053 lr=5.85e-05 elapsed=29779s
2026-09-16 14:08:08 | INFO | step=106800 loss=0.0049 lr=5.85e-05 elapsed=29804s
2026-09-16 14:08:31 | INFO | step=106900 loss=0.0065 lr=5.84e-05 elapsed=29827s
2026-09-16 14:08:55 | INFO | step=107000 loss=0.0037 lr=5.84e-05 elapsed=29851s
2026-09-16 14:09:18 | INFO | step=107100 loss=0.0014 lr=5.83e-05 elapsed=29874s
2026-09-16 14:09:42 | INFO | step=107200 loss=0.0053 lr=5.83e-05 elapsed=29898s
2026-09-16 14:10:06 | INFO | step=107300 loss=0.0454 lr=5.83e-05 elapsed=29922s
2026-09-16 14:10:29 | INFO | step=107400 loss=0.0025 lr=5.82e-05 elapsed=29945s
2026-09-16 14:10:53 | INFO | step=107500 loss=0.0052 lr=5.82e-05 elapsed=29969s
2026-09-16 14:11:17 | INFO | step=107600 loss=0.0364 lr=5.82e-05 elapsed=29993s
2026-09-16 14:11:41 | INFO | step=107700 loss=0.0056 lr=5.81e-05 elapsed=30017s
2026-09-16 14:12:05 | INFO | step=107800 loss=0.0008 lr=5.81e-05 elapsed=30041s
2026-09-16 14:12:28 | INFO | step=107900 loss=0.0133 lr=5.80e-05 elapsed=30064s
2026-09-16 14:12:52 | INFO | step=108000 loss=0.0031 lr=5.80e-05 elapsed=30088s
2026-09-16 14:13:02 | INFO | [eval] step=108000 dev_loss=6.0414
2026-09-16 14:14:03 | INFO |   EM on dev subset (200 samples): 0.00%
2026-09-16 14:14:26 | INFO | step=108100 loss=0.0027 lr=5.80e-05 elapsed=30182s
2026-09-16 14:14:50 | INFO | step=108200 loss=0.0288 lr=5.79e-05 elapsed=30206s
2026-09-16 14:15:14 | INFO | step=108300 loss=0.0386 lr=5.79e-05 elapsed=30230s
2026-09-16 14:15:38 | INFO | step=108400 loss=0.0113 lr=5.79e-05 elapsed=30254s
2026-09-16 14:16:02 | INFO | step=108500 loss=0.0042 lr=5.78e-05 elapsed=30278s
2026-09-16 14:16:26 | INFO | step=108600 loss=0.0013 lr=5.78e-05 elapsed=30302s
2026-09-16 14:16:50 | INFO | step=108700 loss=0.0142 lr=5.77e-05 elapsed=30326s
2026-09-16 14:17:14 | INFO | step=108800 loss=0.0138 lr=5.77e-05 elapsed=30350s
2026-09-16 14:17:38 | INFO | step=108900 loss=0.0034 lr=5.77e-05 elapsed=30374s
2026-09-16 14:18:01 | INFO | step=109000 loss=0.0010 lr=5.76e-05 elapsed=30397s
2026-09-16 14:18:25 | INFO | step=109100 loss=0.0271 lr=5.76e-05 elapsed=30421s
2026-09-16 14:18:49 | INFO | step=109200 loss=0.0324 lr=5.76e-05 elapsed=30445s
2026-09-16 14:19:13 | INFO | step=109300 loss=0.0017 lr=5.75e-05 elapsed=30469s
2026-09-16 14:19:37 | INFO | step=109400 loss=0.0027 lr=5.75e-05 elapsed=30493s
2026-09-16 14:20:00 | INFO | step=109500 loss=0.0893 lr=5.74e-05 elapsed=30516s
2026-09-16 14:20:24 | INFO | step=109600 loss=0.0019 lr=5.74e-05 elapsed=30540s
2026-09-16 14:20:48 | INFO | step=109700 loss=0.0325 lr=5.74e-05 elapsed=30564s
2026-09-16 14:21:12 | INFO | step=109800 loss=0.0049 lr=5.73e-05 elapsed=30588s
2026-09-16 14:21:35 | INFO | step=109900 loss=0.0057 lr=5.73e-05 elapsed=30611s
2026-09-16 14:21:59 | INFO | step=110000 loss=0.0231 lr=5.72e-05 elapsed=30635s
2026-09-16 14:22:09 | INFO | [eval] step=110000 dev_loss=6.1578
2026-09-16 14:23:11 | INFO |   EM on dev subset (200 samples): 0.00%
2026-09-16 14:23:35 | INFO | step=110100 loss=0.0043 lr=5.72e-05 elapsed=30731s
2026-09-16 14:23:59 | INFO | step=110200 loss=0.0298 lr=5.72e-05 elapsed=30755s
2026-09-16 14:24:23 | INFO | step=110300 loss=0.0131 lr=5.71e-05 elapsed=30779s
2026-09-16 14:24:47 | INFO | step=110400 loss=0.0047 lr=5.71e-05 elapsed=30803s
2026-09-16 14:25:10 | INFO | step=110500 loss=0.0065 lr=5.71e-05 elapsed=30826s
2026-09-16 14:25:34 | INFO | step=110600 loss=0.0070 lr=5.70e-05 elapsed=30850s
2026-09-16 14:25:58 | INFO | step=110700 loss=0.0066 lr=5.70e-05 elapsed=30874s
2026-09-16 14:26:22 | INFO | step=110800 loss=0.0042 lr=5.69e-05 elapsed=30898s
2026-09-16 14:26:46 | INFO | step=110900 loss=0.0161 lr=5.69e-05 elapsed=30922s
2026-09-16 14:27:10 | INFO | step=111000 loss=0.0083 lr=5.69e-05 elapsed=30946s
2026-09-16 14:27:34 | INFO | step=111100 loss=0.0022 lr=5.68e-05 elapsed=30970s
2026-09-16 14:27:58 | INFO | step=111200 loss=0.0005 lr=5.68e-05 elapsed=30994s
2026-09-16 14:28:21 | INFO | step=111300 loss=0.0050 lr=5.67e-05 elapsed=31017s
2026-09-16 14:28:45 | INFO | step=111400 loss=0.0035 lr=5.67e-05 elapsed=31041s
2026-09-16 14:29:09 | INFO | step=111500 loss=0.0158 lr=5.67e-05 elapsed=31065s
2026-09-16 14:29:33 | INFO | step=111600 loss=0.0071 lr=5.66e-05 elapsed=31089s
2026-09-16 14:29:57 | INFO | step=111700 loss=0.0012 lr=5.66e-05 elapsed=31113s
2026-09-16 14:30:20 | INFO | step=111800 loss=0.0038 lr=5.66e-05 elapsed=31136s
2026-09-16 14:30:44 | INFO | step=111900 loss=0.0021 lr=5.65e-05 elapsed=31160s
2026-09-16 14:31:08 | INFO | step=112000 loss=0.0099 lr=5.65e-05 elapsed=31184s
2026-09-16 14:31:18 | INFO | [eval] step=112000 dev_loss=6.1142
2026-09-16 14:32:22 | INFO |   EM on dev subset (200 samples): 0.00%
2026-09-16 14:32:46 | INFO | step=112100 loss=0.1156 lr=5.64e-05 elapsed=31282s
2026-09-16 14:33:09 | INFO | step=112200 loss=0.0058 lr=5.64e-05 elapsed=31305s
2026-09-16 14:33:33 | INFO | step=112300 loss=0.0102 lr=5.64e-05 elapsed=31329s
2026-09-16 14:33:57 | INFO | step=112400 loss=0.0050 lr=5.63e-05 elapsed=31353s
2026-09-16 14:34:21 | INFO | step=112500 loss=0.0070 lr=5.63e-05 elapsed=31377s
2026-09-16 14:34:45 | INFO | step=112600 loss=0.0033 lr=5.62e-05 elapsed=31401s
2026-09-16 14:35:09 | INFO | step=112700 loss=0.0050 lr=5.62e-05 elapsed=31425s
2026-09-16 14:35:33 | INFO | step=112800 loss=0.0047 lr=5.62e-05 elapsed=31449s
2026-09-16 14:35:57 | INFO | step=112900 loss=0.0303 lr=5.61e-05 elapsed=31473s
2026-09-16 14:36:20 | INFO | step=113000 loss=0.0133 lr=5.61e-05 elapsed=31496s
2026-09-16 14:36:44 | INFO | step=113100 loss=0.0025 lr=5.60e-05 elapsed=31520s
2026-09-16 14:37:08 | INFO | step=113200 loss=0.0050 lr=5.60e-05 elapsed=31544s
2026-09-16 14:37:32 | INFO | step=113300 loss=0.0013 lr=5.60e-05 elapsed=31568s
2026-09-16 14:37:55 | INFO | step=113400 loss=0.0044 lr=5.59e-05 elapsed=31591s
2026-09-16 14:38:19 | INFO | step=113500 loss=0.0009 lr=5.59e-05 elapsed=31615s
2026-09-16 14:38:43 | INFO | step=113600 loss=0.0042 lr=5.59e-05 elapsed=31639s
2026-09-16 14:39:07 | INFO | step=113700 loss=0.0033 lr=5.58e-05 elapsed=31663s
2026-09-16 14:39:31 | INFO | step=113800 loss=0.0018 lr=5.58e-05 elapsed=31687s
2026-09-16 14:39:55 | INFO | step=113900 loss=0.0163 lr=5.57e-05 elapsed=31711s
2026-09-16 14:40:19 | INFO | step=114000 loss=0.0033 lr=5.57e-05 elapsed=31735s
2026-09-16 14:40:28 | INFO | [eval] step=114000 dev_loss=6.0945
2026-09-16 14:41:38 | INFO |   EM on dev subset (200 samples): 0.00%
2026-09-16 14:42:02 | INFO | step=114100 loss=0.0042 lr=5.57e-05 elapsed=31838s
2026-09-16 14:42:26 | INFO | step=114200 loss=0.0012 lr=5.56e-05 elapsed=31862s
2026-09-16 14:42:50 | INFO | step=114300 loss=0.0263 lr=5.56e-05 elapsed=31886s
2026-09-16 14:43:14 | INFO | step=114400 loss=0.0044 lr=5.55e-05 elapsed=31910s
2026-09-16 14:43:38 | INFO | step=114500 loss=0.0046 lr=5.55e-05 elapsed=31934s
2026-09-16 14:44:02 | INFO | step=114600 loss=0.0131 lr=5.55e-05 elapsed=31958s
2026-09-16 14:44:26 | INFO | step=114700 loss=0.0043 lr=5.54e-05 elapsed=31982s
2026-09-16 14:44:50 | INFO | step=114800 loss=0.0030 lr=5.54e-05 elapsed=32006s
2026-09-16 14:45:13 | INFO | step=114900 loss=0.0619 lr=5.53e-05 elapsed=32029s
2026-09-16 14:45:37 | INFO | step=115000 loss=0.0010 lr=5.53e-05 elapsed=32053s
2026-09-16 14:46:01 | INFO | step=115100 loss=0.0207 lr=5.53e-05 elapsed=32077s
2026-09-16 14:46:25 | INFO | step=115200 loss=0.0063 lr=5.52e-05 elapsed=32101s
2026-09-16 14:46:49 | INFO | step=115300 loss=0.0054 lr=5.52e-05 elapsed=32125s
2026-09-16 14:47:12 | INFO | step=115400 loss=0.0159 lr=5.52e-05 elapsed=32148s
2026-09-16 14:47:36 | INFO | step=115500 loss=0.0007 lr=5.51e-05 elapsed=32172s
2026-09-16 14:48:01 | INFO | step=115600 loss=0.0039 lr=5.51e-05 elapsed=32197s
2026-09-16 14:48:24 | INFO | step=115700 loss=0.0072 lr=5.50e-05 elapsed=32220s
2026-09-16 14:48:49 | INFO | step=115800 loss=0.0010 lr=5.50e-05 elapsed=32245s
2026-09-16 14:49:13 | INFO | step=115900 loss=0.0050 lr=5.50e-05 elapsed=32268s
2026-09-16 14:49:37 | INFO | step=116000 loss=0.0248 lr=5.49e-05 elapsed=32293s
2026-09-16 14:49:46 | INFO | [eval] step=116000 dev_loss=6.1986
2026-09-16 14:50:52 | INFO |   EM on dev subset (200 samples): 0.00%
2026-09-16 14:51:16 | INFO | step=116100 loss=0.0035 lr=5.49e-05 elapsed=32392s
2026-09-16 14:51:40 | INFO | step=116200 loss=0.0036 lr=5.48e-05 elapsed=32416s
2026-09-16 14:52:04 | INFO | step=116300 loss=0.0016 lr=5.48e-05 elapsed=32440s
2026-09-16 14:52:28 | INFO | step=116400 loss=0.0013 lr=5.48e-05 elapsed=32464s
2026-09-16 14:52:52 | INFO | step=116500 loss=0.0873 lr=5.47e-05 elapsed=32488s
2026-09-16 14:53:16 | INFO | step=116600 loss=0.0067 lr=5.47e-05 elapsed=32512s
2026-09-16 14:53:40 | INFO | step=116700 loss=0.0030 lr=5.46e-05 elapsed=32536s
2026-09-16 14:54:04 | INFO | step=116800 loss=0.0029 lr=5.46e-05 elapsed=32560s
2026-09-16 14:54:27 | INFO | step=116900 loss=0.0065 lr=5.46e-05 elapsed=32583s
2026-09-16 14:54:51 | INFO | step=117000 loss=0.0021 lr=5.45e-05 elapsed=32607s
2026-09-16 14:55:15 | INFO | step=117100 loss=0.0013 lr=5.45e-05 elapsed=32631s
2026-09-16 14:55:39 | INFO | step=117200 loss=0.0011 lr=5.44e-05 elapsed=32655s
2026-09-16 14:56:03 | INFO | step=117300 loss=0.0018 lr=5.44e-05 elapsed=32679s
2026-09-16 14:56:27 | INFO | step=117400 loss=0.0010 lr=5.44e-05 elapsed=32703s
2026-09-16 14:56:50 | INFO | step=117500 loss=0.0009 lr=5.43e-05 elapsed=32726s
2026-09-16 14:57:14 | INFO | step=117600 loss=0.0005 lr=5.43e-05 elapsed=32750s
2026-09-16 14:57:38 | INFO | step=117700 loss=0.0014 lr=5.42e-05 elapsed=32774s
2026-09-16 14:58:02 | INFO | step=117800 loss=0.0034 lr=5.42e-05 elapsed=32798s
2026-09-16 14:58:26 | INFO | step=117900 loss=0.0018 lr=5.42e-05 elapsed=32822s
2026-09-16 14:58:50 | INFO | step=118000 loss=0.0092 lr=5.41e-05 elapsed=32846s
2026-09-16 14:58:59 | INFO | [eval] step=118000 dev_loss=6.1626
2026-09-16 14:59:54 | INFO |   EM on dev subset (200 samples): 0.00%
2026-09-16 15:00:18 | INFO | step=118100 loss=0.0040 lr=5.41e-05 elapsed=32934s
2026-09-16 15:00:42 | INFO | step=118200 loss=0.0207 lr=5.40e-05 elapsed=32958s
2026-09-16 15:01:05 | INFO | step=118300 loss=0.0019 lr=5.40e-05 elapsed=32981s
2026-09-16 15:01:29 | INFO | step=118400 loss=0.0016 lr=5.40e-05 elapsed=33005s
2026-09-16 15:01:53 | INFO | step=118500 loss=0.0194 lr=5.39e-05 elapsed=33029s
2026-09-16 15:02:17 | INFO | step=118600 loss=0.0036 lr=5.39e-05 elapsed=33053s
2026-09-16 15:02:40 | INFO | step=118700 loss=0.0041 lr=5.38e-05 elapsed=33076s
2026-09-16 15:03:04 | INFO | step=118800 loss=0.0069 lr=5.38e-05 elapsed=33100s
2026-09-16 15:03:28 | INFO | step=118900 loss=0.0068 lr=5.38e-05 elapsed=33124s
2026-09-16 15:03:52 | INFO | step=119000 loss=0.0013 lr=5.37e-05 elapsed=33148s
2026-09-16 15:04:16 | INFO | step=119100 loss=0.0013 lr=5.37e-05 elapsed=33172s
2026-09-16 15:04:39 | INFO | step=119200 loss=0.0209 lr=5.36e-05 elapsed=33195s
2026-09-16 15:05:03 | INFO | step=119300 loss=0.0017 lr=5.36e-05 elapsed=33219s
2026-09-16 15:05:27 | INFO | step=119400 loss=0.0017 lr=5.36e-05 elapsed=33243s
2026-09-16 15:05:51 | INFO | step=119500 loss=0.0061 lr=5.35e-05 elapsed=33267s
2026-09-16 15:06:15 | INFO | step=119600 loss=0.0024 lr=5.35e-05 elapsed=33291s
2026-09-16 15:06:38 | INFO | step=119700 loss=0.0022 lr=5.34e-05 elapsed=33314s
2026-09-16 15:07:02 | INFO | step=119800 loss=0.0014 lr=5.34e-05 elapsed=33338s
2026-09-16 15:07:26 | INFO | step=119900 loss=0.0073 lr=5.34e-05 elapsed=33362s
2026-09-16 15:07:50 | INFO | step=120000 loss=0.0034 lr=5.33e-05 elapsed=33386s
2026-09-16 15:07:59 | INFO | [eval] step=120000 dev_loss=6.1334
2026-09-16 15:09:17 | INFO |   EM on dev subset (200 samples): 0.00%
2026-09-16 15:10:04 | INFO | step=120100 loss=0.0036 lr=5.33e-05 elapsed=33520s
2026-09-16 15:10:27 | INFO | step=120200 loss=0.0024 lr=5.32e-05 elapsed=33543s
2026-09-16 15:10:51 | INFO | step=120300 loss=0.0043 lr=5.32e-05 elapsed=33567s
2026-09-16 15:11:15 | INFO | step=120400 loss=0.0076 lr=5.32e-05 elapsed=33591s
2026-09-16 15:11:39 | INFO | step=120500 loss=0.0047 lr=5.31e-05 elapsed=33615s
2026-09-16 15:12:03 | INFO | step=120600 loss=0.0294 lr=5.31e-05 elapsed=33639s
2026-09-16 15:12:26 | INFO | step=120700 loss=0.0054 lr=5.30e-05 elapsed=33662s
2026-09-16 15:12:51 | INFO | step=120800 loss=0.0018 lr=5.30e-05 elapsed=33687s
2026-09-16 15:13:15 | INFO | step=120900 loss=0.0029 lr=5.30e-05 elapsed=33711s
2026-09-16 15:13:39 | INFO | step=121000 loss=0.0067 lr=5.29e-05 elapsed=33735s
2026-09-16 15:14:02 | INFO | step=121100 loss=0.0201 lr=5.29e-05 elapsed=33758s
2026-09-16 15:14:26 | INFO | step=121200 loss=0.0091 lr=5.28e-05 elapsed=33782s
2026-09-16 15:14:50 | INFO | step=121300 loss=0.0245 lr=5.28e-05 elapsed=33806s
2026-09-16 15:15:14 | INFO | step=121400 loss=0.0011 lr=5.28e-05 elapsed=33830s
2026-09-16 15:15:38 | INFO | step=121500 loss=0.0015 lr=5.27e-05 elapsed=33854s
2026-09-16 15:16:02 | INFO | step=121600 loss=0.0006 lr=5.27e-05 elapsed=33878s
2026-09-16 15:16:26 | INFO | step=121700 loss=0.0017 lr=5.26e-05 elapsed=33902s
2026-09-16 15:16:50 | INFO | step=121800 loss=0.0058 lr=5.26e-05 elapsed=33926s
2026-09-16 15:17:13 | INFO | step=121900 loss=0.0050 lr=5.26e-05 elapsed=33949s
2026-09-16 15:17:38 | INFO | step=122000 loss=0.0047 lr=5.25e-05 elapsed=33974s
2026-09-16 15:17:47 | INFO | [eval] step=122000 dev_loss=6.2709
2026-09-16 15:18:56 | INFO |   EM on dev subset (200 samples): 0.00%
2026-09-16 15:19:20 | INFO | step=122100 loss=0.0057 lr=5.25e-05 elapsed=34076s
2026-09-16 15:19:44 | INFO | step=122200 loss=0.0038 lr=5.24e-05 elapsed=34100s
2026-09-16 15:20:08 | INFO | step=122300 loss=0.0018 lr=5.24e-05 elapsed=34124s
2026-09-16 15:20:32 | INFO | step=122400 loss=0.0019 lr=5.24e-05 elapsed=34148s
2026-09-16 15:20:56 | INFO | step=122500 loss=0.0030 lr=5.23e-05 elapsed=34172s
2026-09-16 15:21:20 | INFO | step=122600 loss=0.0025 lr=5.23e-05 elapsed=34196s
2026-09-16 15:21:44 | INFO | step=122700 loss=0.0018 lr=5.22e-05 elapsed=34220s
2026-09-16 15:22:08 | INFO | step=122800 loss=0.0021 lr=5.22e-05 elapsed=34244s
2026-09-16 15:22:32 | INFO | step=122900 loss=0.0167 lr=5.22e-05 elapsed=34268s
2026-09-16 15:22:55 | INFO | step=123000 loss=0.0024 lr=5.21e-05 elapsed=34291s
2026-09-16 15:23:19 | INFO | step=123100 loss=0.0040 lr=5.21e-05 elapsed=34315s
2026-09-16 15:23:43 | INFO | step=123200 loss=0.0031 lr=5.20e-05 elapsed=34339s
2026-09-16 15:24:07 | INFO | step=123300 loss=0.0011 lr=5.20e-05 elapsed=34363s
2026-09-16 15:24:30 | INFO | step=123400 loss=0.0020 lr=5.20e-05 elapsed=34386s
2026-09-16 15:24:54 | INFO | step=123500 loss=0.0127 lr=5.19e-05 elapsed=34410s
2026-09-16 15:25:18 | INFO | step=123600 loss=0.0057 lr=5.19e-05 elapsed=34434s
2026-09-16 15:25:42 | INFO | step=123700 loss=0.0063 lr=5.18e-05 elapsed=34458s
2026-09-16 15:26:06 | INFO | step=123800 loss=0.0062 lr=5.18e-05 elapsed=34482s
2026-09-16 15:26:30 | INFO | step=123900 loss=0.0217 lr=5.18e-05 elapsed=34506s
2026-09-16 15:26:54 | INFO | step=124000 loss=0.0058 lr=5.17e-05 elapsed=34530s
2026-09-16 15:27:03 | INFO | [eval] step=124000 dev_loss=6.2244
2026-09-16 15:28:15 | INFO |   EM on dev subset (200 samples): 0.00%
2026-09-16 15:28:15 | INFO | Early stopping triggered.
2026-09-16 15:28:15 | INFO | Training complete. Best dev loss: 5.6988
