2026-09-22 07:20:37 | INFO | Device: cuda
2026-09-22 07:20:38 | INFO | Model: standard, k=1, params=122.3M
2026-09-22 07:20:38 | INFO | Training on 7000 examples, eval on 1034
2026-09-22 07:20:38 | INFO | Config: TrainingConfig(model_type='standard', hidden_dim=512, num_encoder_layers=12, num_decoder_layers=12, num_heads=8, num_attributes=1, use_gating=False, use_mixing=False, pairing_strategy='cyclic', pairing_seed=1234, use_composed_join=False, use_true_standard=True, ffn_dim=2048, max_seq_len=512, dropout=0.1, vocab_size=32000, learning_rate=8e-05, weight_decay=0.01, warmup_steps=4000, max_steps=300000, batch_size=4, gradient_accumulation=16, max_grad_norm=1.0, label_smoothing=0.05, eval_every=2000, save_every=20000, patience=30, eval_by_em=True, dataset='spider', nas_dir='/nas/Dataset/nlp', max_src_len=384, max_tgt_len=200, seed=42, num_workers=4, fp16=False, output_dir='/nas/Dataset/experiments/relational-attention/muhiddin_outputs/true_std_spider_copy_s42', log_every=100, copy_mechanism=True, num_copy_heads=1)
2026-09-22 07:20:39 | INFO | step=0 loss=7.4658 lr=0.00e+00 elapsed=0s
2026-09-22 07:20:42 | INFO | step=100 loss=9.0514 lr=2.00e-06 elapsed=3s
2026-09-22 07:20:45 | INFO | step=200 loss=8.8791 lr=4.00e-06 elapsed=6s
2026-09-22 07:20:47 | INFO | step=300 loss=9.2087 lr=6.00e-06 elapsed=9s
2026-09-22 07:20:50 | INFO | step=400 loss=8.4302 lr=8.00e-06 elapsed=12s
2026-09-22 07:20:53 | INFO | step=500 loss=8.5528 lr=1.00e-05 elapsed=15s
2026-09-22 07:20:56 | INFO | step=600 loss=7.8940 lr=1.20e-05 elapsed=18s
2026-09-22 07:20:59 | INFO | step=700 loss=7.6824 lr=1.40e-05 elapsed=21s
2026-09-22 07:21:02 | INFO | step=800 loss=7.8769 lr=1.60e-05 elapsed=24s
2026-09-22 07:21:05 | INFO | step=900 loss=8.0538 lr=1.80e-05 elapsed=27s
2026-09-22 07:21:08 | INFO | step=1000 loss=8.6958 lr=2.00e-05 elapsed=30s
2026-09-22 07:21:11 | INFO | step=1100 loss=8.3726 lr=2.20e-05 elapsed=32s
2026-09-22 07:21:14 | INFO | step=1200 loss=7.4696 lr=2.40e-05 elapsed=35s
2026-09-22 07:21:17 | INFO | step=1300 loss=6.5321 lr=2.60e-05 elapsed=38s
2026-09-22 07:21:20 | INFO | step=1400 loss=8.0815 lr=2.80e-05 elapsed=41s
2026-09-22 07:21:22 | INFO | step=1500 loss=6.4175 lr=3.00e-05 elapsed=44s
2026-09-22 07:21:25 | INFO | step=1600 loss=6.7540 lr=3.20e-05 elapsed=47s
2026-09-22 07:21:28 | INFO | step=1700 loss=7.2093 lr=3.40e-05 elapsed=50s
2026-09-22 07:21:31 | INFO | step=1800 loss=7.4076 lr=3.60e-05 elapsed=53s
2026-09-22 07:21:34 | INFO | step=1900 loss=6.3526 lr=3.80e-05 elapsed=56s
2026-09-22 07:21:37 | INFO | step=2000 loss=6.2364 lr=4.00e-05 elapsed=59s
2026-09-22 07:21:39 | INFO | [eval] step=2000 dev_loss=6.8647
2026-09-22 07:21:53 | INFO |   EM on dev subset (200 samples): 0.00%
2026-09-22 07:21:57 | INFO |   -> New best model saved (dev_loss=6.8647)
2026-09-22 07:22:00 | INFO | step=2100 loss=5.4771 lr=4.20e-05 elapsed=82s
2026-09-22 07:22:03 | INFO | step=2200 loss=6.6958 lr=4.40e-05 elapsed=85s
2026-09-22 07:22:06 | INFO | step=2300 loss=5.9434 lr=4.60e-05 elapsed=88s
2026-09-22 07:22:09 | INFO | step=2400 loss=5.7459 lr=4.80e-05 elapsed=91s
2026-09-22 07:22:12 | INFO | step=2500 loss=5.5687 lr=5.00e-05 elapsed=94s
2026-09-22 07:22:15 | INFO | step=2600 loss=5.5605 lr=5.20e-05 elapsed=97s
2026-09-22 07:22:18 | INFO | step=2700 loss=4.6907 lr=5.40e-05 elapsed=100s
2026-09-22 07:22:21 | INFO | step=2800 loss=4.0004 lr=5.60e-05 elapsed=103s
2026-09-22 07:22:24 | INFO | step=2900 loss=4.3792 lr=5.80e-05 elapsed=105s
2026-09-22 07:22:27 | INFO | step=3000 loss=4.6750 lr=6.00e-05 elapsed=108s
2026-09-22 07:22:30 | INFO | step=3100 loss=4.6000 lr=6.20e-05 elapsed=111s
2026-09-22 07:22:32 | INFO | step=3200 loss=4.7442 lr=6.40e-05 elapsed=114s
2026-09-22 07:22:35 | INFO | step=3300 loss=3.8441 lr=6.60e-05 elapsed=117s
2026-09-22 07:22:38 | INFO | step=3400 loss=3.8912 lr=6.80e-05 elapsed=120s
2026-09-22 07:22:41 | INFO | step=3500 loss=3.9347 lr=7.00e-05 elapsed=123s
2026-09-22 07:22:44 | INFO | step=3600 loss=3.3848 lr=7.20e-05 elapsed=126s
2026-09-22 07:22:47 | INFO | step=3700 loss=3.3008 lr=7.40e-05 elapsed=129s
2026-09-22 07:22:50 | INFO | step=3800 loss=3.9601 lr=7.60e-05 elapsed=132s
2026-09-22 07:22:53 | INFO | step=3900 loss=3.0510 lr=7.80e-05 elapsed=134s
2026-09-22 07:22:56 | INFO | step=4000 loss=3.0500 lr=8.00e-05 elapsed=137s
2026-09-22 07:22:57 | INFO | [eval] step=4000 dev_loss=4.7723
2026-09-22 07:23:50 | INFO |   EM on dev subset (200 samples): 0.00%
2026-09-22 07:23:53 | INFO | step=4100 loss=2.6265 lr=8.00e-05 elapsed=195s
2026-09-22 07:23:56 | INFO | step=4200 loss=2.9625 lr=8.00e-05 elapsed=198s
2026-09-22 07:23:59 | INFO | step=4300 loss=3.2649 lr=8.00e-05 elapsed=201s
2026-09-22 07:24:02 | INFO | step=4400 loss=2.9370 lr=8.00e-05 elapsed=204s
2026-09-22 07:24:05 | INFO | step=4500 loss=2.2864 lr=8.00e-05 elapsed=207s
2026-09-22 07:24:08 | INFO | step=4600 loss=2.8777 lr=8.00e-05 elapsed=209s
2026-09-22 07:24:11 | INFO | step=4700 loss=2.3835 lr=8.00e-05 elapsed=212s
2026-09-22 07:24:14 | INFO | step=4800 loss=2.7407 lr=8.00e-05 elapsed=215s
2026-09-22 07:24:17 | INFO | step=4900 loss=2.7980 lr=8.00e-05 elapsed=218s
2026-09-22 07:24:20 | INFO | step=5000 loss=2.7630 lr=8.00e-05 elapsed=221s
2026-09-22 07:24:23 | INFO | step=5100 loss=2.2329 lr=8.00e-05 elapsed=224s
2026-09-22 07:24:25 | INFO | step=5200 loss=2.5306 lr=8.00e-05 elapsed=227s
2026-09-22 07:24:29 | INFO | step=5300 loss=1.7594 lr=8.00e-05 elapsed=230s
2026-09-22 07:24:31 | INFO | step=5400 loss=2.3075 lr=8.00e-05 elapsed=233s
2026-09-22 07:24:34 | INFO | step=5500 loss=1.8708 lr=8.00e-05 elapsed=236s
2026-09-22 07:24:37 | INFO | step=5600 loss=2.1089 lr=8.00e-05 elapsed=239s
2026-09-22 07:24:40 | INFO | step=5700 loss=2.1812 lr=8.00e-05 elapsed=242s
2026-09-22 07:24:43 | INFO | step=5800 loss=2.2999 lr=8.00e-05 elapsed=245s
2026-09-22 07:24:46 | INFO | step=5900 loss=1.9056 lr=8.00e-05 elapsed=248s
2026-09-22 07:24:49 | INFO | step=6000 loss=2.2223 lr=8.00e-05 elapsed=251s
2026-09-22 07:24:51 | INFO | [eval] step=6000 dev_loss=4.2195
2026-09-22 07:25:23 | INFO |   EM on dev subset (200 samples): 0.00%
2026-09-22 07:25:26 | INFO | step=6100 loss=1.7965 lr=8.00e-05 elapsed=288s
2026-09-22 07:25:29 | INFO | step=6200 loss=1.6430 lr=8.00e-05 elapsed=291s
2026-09-22 07:25:32 | INFO | step=6300 loss=2.5972 lr=8.00e-05 elapsed=294s
2026-09-22 07:25:35 | INFO | step=6400 loss=1.8221 lr=8.00e-05 elapsed=297s
2026-09-22 07:25:38 | INFO | step=6500 loss=1.6265 lr=8.00e-05 elapsed=300s
2026-09-22 07:25:41 | INFO | step=6600 loss=1.5566 lr=8.00e-05 elapsed=303s
2026-09-22 07:25:44 | INFO | step=6700 loss=1.5059 lr=8.00e-05 elapsed=305s
2026-09-22 07:25:47 | INFO | step=6800 loss=2.0397 lr=8.00e-05 elapsed=308s
2026-09-22 07:25:50 | INFO | step=6900 loss=2.1284 lr=8.00e-05 elapsed=311s
2026-09-22 07:25:53 | INFO | step=7000 loss=1.7680 lr=8.00e-05 elapsed=314s
2026-09-22 07:25:56 | INFO | step=7100 loss=1.6494 lr=8.00e-05 elapsed=317s
2026-09-22 07:25:58 | INFO | step=7200 loss=1.6532 lr=8.00e-05 elapsed=320s
2026-09-22 07:26:01 | INFO | step=7300 loss=1.6763 lr=8.00e-05 elapsed=323s
2026-09-22 07:26:04 | INFO | step=7400 loss=1.4439 lr=8.00e-05 elapsed=326s
2026-09-22 07:26:07 | INFO | step=7500 loss=1.5732 lr=8.00e-05 elapsed=329s
2026-09-22 07:26:10 | INFO | step=7600 loss=1.3663 lr=8.00e-05 elapsed=332s
2026-09-22 07:26:13 | INFO | step=7700 loss=2.3501 lr=8.00e-05 elapsed=335s
2026-09-22 07:26:16 | INFO | step=7800 loss=1.1394 lr=8.00e-05 elapsed=338s
2026-09-22 07:26:19 | INFO | step=7900 loss=1.2724 lr=8.00e-05 elapsed=341s
2026-09-22 07:26:22 | INFO | step=8000 loss=1.3049 lr=8.00e-05 elapsed=344s
2026-09-22 07:26:24 | INFO | [eval] step=8000 dev_loss=4.0920
2026-09-22 07:26:31 | INFO |   EM on dev subset (200 samples): 0.00%
2026-09-22 07:26:34 | INFO | step=8100 loss=2.3041 lr=8.00e-05 elapsed=356s
2026-09-22 07:26:37 | INFO | step=8200 loss=1.3877 lr=8.00e-05 elapsed=359s
2026-09-22 07:26:40 | INFO | step=8300 loss=1.4551 lr=8.00e-05 elapsed=362s
2026-09-22 07:26:43 | INFO | step=8400 loss=2.2394 lr=8.00e-05 elapsed=365s
2026-09-22 07:26:46 | INFO | step=8500 loss=1.4362 lr=8.00e-05 elapsed=368s
2026-09-22 07:26:49 | INFO | step=8600 loss=1.2853 lr=8.00e-05 elapsed=371s
2026-09-22 07:26:52 | INFO | step=8700 loss=1.7969 lr=8.00e-05 elapsed=374s
2026-09-22 07:26:55 | INFO | step=8800 loss=1.2590 lr=7.99e-05 elapsed=377s
2026-09-22 07:26:58 | INFO | step=8900 loss=1.3312 lr=7.99e-05 elapsed=380s
2026-09-22 07:27:01 | INFO | step=9000 loss=1.3608 lr=7.99e-05 elapsed=383s
2026-09-22 07:27:04 | INFO | step=9100 loss=1.1291 lr=7.99e-05 elapsed=386s
2026-09-22 07:27:07 | INFO | step=9200 loss=0.9783 lr=7.99e-05 elapsed=389s
2026-09-22 07:27:10 | INFO | step=9300 loss=1.2378 lr=7.99e-05 elapsed=392s
2026-09-22 07:27:13 | INFO | step=9400 loss=1.5559 lr=7.99e-05 elapsed=394s
2026-09-22 07:27:16 | INFO | step=9500 loss=1.2316 lr=7.99e-05 elapsed=397s
2026-09-22 07:27:19 | INFO | step=9600 loss=1.3091 lr=7.99e-05 elapsed=400s
2026-09-22 07:27:22 | INFO | step=9700 loss=1.2487 lr=7.99e-05 elapsed=403s
2026-09-22 07:27:25 | INFO | step=9800 loss=1.4382 lr=7.99e-05 elapsed=406s
2026-09-22 07:27:28 | INFO | step=9900 loss=1.1163 lr=7.99e-05 elapsed=409s
2026-09-22 07:27:31 | INFO | step=10000 loss=1.2784 lr=7.99e-05 elapsed=412s
2026-09-22 07:27:32 | INFO | [eval] step=10000 dev_loss=4.2464
2026-09-22 07:27:55 | INFO |   EM on dev subset (200 samples): 0.00%
2026-09-22 07:27:58 | INFO | step=10100 loss=1.2367 lr=7.99e-05 elapsed=439s
2026-09-22 07:28:01 | INFO | step=10200 loss=1.3930 lr=7.99e-05 elapsed=442s
2026-09-22 07:28:04 | INFO | step=10300 loss=1.1946 lr=7.99e-05 elapsed=445s
2026-09-22 07:28:07 | INFO | step=10400 loss=1.0517 lr=7.99e-05 elapsed=448s
2026-09-22 07:28:10 | INFO | step=10500 loss=1.2392 lr=7.99e-05 elapsed=451s
2026-09-22 07:28:13 | INFO | step=10600 loss=1.3689 lr=7.99e-05 elapsed=454s
2026-09-22 07:28:15 | INFO | step=10700 loss=1.1501 lr=7.99e-05 elapsed=457s
2026-09-22 07:28:18 | INFO | step=10800 loss=1.5179 lr=7.99e-05 elapsed=460s
2026-09-22 07:28:21 | INFO | step=10900 loss=1.2351 lr=7.99e-05 elapsed=463s
2026-09-22 07:28:24 | INFO | step=11000 loss=1.2815 lr=7.99e-05 elapsed=466s
2026-09-22 07:28:27 | INFO | step=11100 loss=1.5488 lr=7.99e-05 elapsed=469s
2026-09-22 07:28:30 | INFO | step=11200 loss=1.7193 lr=7.99e-05 elapsed=472s
2026-09-22 07:28:33 | INFO | step=11300 loss=1.1800 lr=7.99e-05 elapsed=475s
2026-09-22 07:28:36 | INFO | step=11400 loss=1.4327 lr=7.99e-05 elapsed=478s
2026-09-22 07:28:39 | INFO | step=11500 loss=1.0730 lr=7.99e-05 elapsed=481s
2026-09-22 07:28:42 | INFO | step=11600 loss=1.3454 lr=7.99e-05 elapsed=484s
2026-09-22 07:28:45 | INFO | step=11700 loss=1.2442 lr=7.99e-05 elapsed=487s
2026-09-22 07:28:48 | INFO | step=11800 loss=1.0649 lr=7.99e-05 elapsed=489s
2026-09-22 07:28:51 | INFO | step=11900 loss=0.9717 lr=7.99e-05 elapsed=492s
2026-09-22 07:28:54 | INFO | step=12000 loss=1.1904 lr=7.99e-05 elapsed=495s
2026-09-22 07:28:55 | INFO | [eval] step=12000 dev_loss=4.3690
2026-09-22 07:29:11 | INFO |   EM on dev subset (200 samples): 0.00%
2026-09-22 07:29:14 | INFO | step=12100 loss=1.3447 lr=7.99e-05 elapsed=516s
2026-09-22 07:29:17 | INFO | step=12200 loss=1.0518 lr=7.98e-05 elapsed=519s
2026-09-22 07:29:20 | INFO | step=12300 loss=0.7924 lr=7.98e-05 elapsed=522s
2026-09-22 07:29:23 | INFO | step=12400 loss=0.7206 lr=7.98e-05 elapsed=525s
2026-09-22 07:29:26 | INFO | step=12500 loss=1.3113 lr=7.98e-05 elapsed=528s
2026-09-22 07:29:29 | INFO | step=12600 loss=0.9840 lr=7.98e-05 elapsed=531s
2026-09-22 07:29:32 | INFO | step=12700 loss=0.8986 lr=7.98e-05 elapsed=534s
2026-09-22 07:29:35 | INFO | step=12800 loss=1.4106 lr=7.98e-05 elapsed=537s
2026-09-22 07:29:38 | INFO | step=12900 loss=1.0143 lr=7.98e-05 elapsed=539s
2026-09-22 07:29:41 | INFO | step=13000 loss=0.9678 lr=7.98e-05 elapsed=542s
2026-09-22 07:29:44 | INFO | step=13100 loss=1.2042 lr=7.98e-05 elapsed=545s
2026-09-22 07:29:47 | INFO | step=13200 loss=0.9569 lr=7.98e-05 elapsed=548s
2026-09-22 07:29:49 | INFO | step=13300 loss=1.4492 lr=7.98e-05 elapsed=551s
2026-09-22 07:29:52 | INFO | step=13400 loss=1.1606 lr=7.98e-05 elapsed=554s
2026-09-22 07:29:55 | INFO | step=13500 loss=0.8657 lr=7.98e-05 elapsed=557s
2026-09-22 07:29:58 | INFO | step=13600 loss=1.2183 lr=7.98e-05 elapsed=560s
2026-09-22 07:30:01 | INFO | step=13700 loss=0.8463 lr=7.98e-05 elapsed=563s
2026-09-22 07:30:04 | INFO | step=13800 loss=1.5415 lr=7.98e-05 elapsed=566s
2026-09-22 07:30:07 | INFO | step=13900 loss=1.0679 lr=7.98e-05 elapsed=569s
2026-09-22 07:30:10 | INFO | step=14000 loss=1.2219 lr=7.98e-05 elapsed=572s
2026-09-22 07:30:12 | INFO | [eval] step=14000 dev_loss=4.4484
2026-09-22 07:30:38 | INFO |   EM on dev subset (200 samples): 0.00%
2026-09-22 07:30:41 | INFO | step=14100 loss=0.7790 lr=7.98e-05 elapsed=603s
2026-09-22 07:30:44 | INFO | step=14200 loss=0.8065 lr=7.98e-05 elapsed=606s
2026-09-22 07:30:47 | INFO | step=14300 loss=0.7256 lr=7.98e-05 elapsed=609s
2026-09-22 07:30:50 | INFO | step=14400 loss=1.0370 lr=7.98e-05 elapsed=612s
2026-09-22 07:30:53 | INFO | step=14500 loss=0.8744 lr=7.98e-05 elapsed=615s
2026-09-22 07:30:56 | INFO | step=14600 loss=0.9786 lr=7.97e-05 elapsed=618s
2026-09-22 07:30:59 | INFO | step=14700 loss=1.0472 lr=7.97e-05 elapsed=621s
2026-09-22 07:31:02 | INFO | step=14800 loss=1.0440 lr=7.97e-05 elapsed=624s
2026-09-22 07:31:05 | INFO | step=14900 loss=0.9654 lr=7.97e-05 elapsed=626s
2026-09-22 07:31:08 | INFO | step=15000 loss=0.6935 lr=7.97e-05 elapsed=629s
2026-09-22 07:31:11 | INFO | step=15100 loss=0.7726 lr=7.97e-05 elapsed=632s
2026-09-22 07:31:14 | INFO | step=15200 loss=1.1424 lr=7.97e-05 elapsed=635s
2026-09-22 07:31:17 | INFO | step=15300 loss=1.0182 lr=7.97e-05 elapsed=638s
2026-09-22 07:31:19 | INFO | step=15400 loss=0.9617 lr=7.97e-05 elapsed=641s
2026-09-22 07:31:22 | INFO | step=15500 loss=0.8595 lr=7.97e-05 elapsed=644s
2026-09-22 07:31:26 | INFO | step=15600 loss=0.8420 lr=7.97e-05 elapsed=647s
2026-09-22 07:31:29 | INFO | step=15700 loss=0.9186 lr=7.97e-05 elapsed=650s
2026-09-22 07:31:31 | INFO | step=15800 loss=0.7435 lr=7.97e-05 elapsed=653s
2026-09-22 07:31:34 | INFO | step=15900 loss=0.8228 lr=7.97e-05 elapsed=656s
2026-09-22 07:31:37 | INFO | step=16000 loss=0.7670 lr=7.97e-05 elapsed=659s
2026-09-22 07:31:39 | INFO | [eval] step=16000 dev_loss=4.5691
2026-09-22 07:31:50 | INFO |   EM on dev subset (200 samples): 0.00%
2026-09-22 07:31:53 | INFO | step=16100 loss=0.7078 lr=7.97e-05 elapsed=675s
2026-09-22 07:31:56 | INFO | step=16200 loss=0.7501 lr=7.97e-05 elapsed=678s
2026-09-22 07:31:59 | INFO | step=16300 loss=0.6830 lr=7.97e-05 elapsed=680s
2026-09-22 07:32:02 | INFO | step=16400 loss=0.7793 lr=7.97e-05 elapsed=684s
2026-09-22 07:32:05 | INFO | step=16500 loss=0.8524 lr=7.96e-05 elapsed=686s
2026-09-22 07:32:08 | INFO | step=16600 loss=1.3200 lr=7.96e-05 elapsed=689s
2026-09-22 07:32:11 | INFO | step=16700 loss=1.0539 lr=7.96e-05 elapsed=692s
2026-09-22 07:32:14 | INFO | step=16800 loss=0.9453 lr=7.96e-05 elapsed=695s
2026-09-22 07:32:17 | INFO | step=16900 loss=0.2541 lr=7.96e-05 elapsed=698s
2026-09-22 07:32:20 | INFO | step=17000 loss=0.7730 lr=7.96e-05 elapsed=701s
2026-09-22 07:32:23 | INFO | step=17100 loss=0.9537 lr=7.96e-05 elapsed=704s
2026-09-22 07:32:26 | INFO | step=17200 loss=1.0247 lr=7.96e-05 elapsed=707s
2026-09-22 07:32:29 | INFO | step=17300 loss=0.8167 lr=7.96e-05 elapsed=710s
2026-09-22 07:32:31 | INFO | step=17400 loss=0.9534 lr=7.96e-05 elapsed=713s
2026-09-22 07:32:35 | INFO | step=17500 loss=0.6279 lr=7.96e-05 elapsed=716s
2026-09-22 07:32:38 | INFO | step=17600 loss=0.8266 lr=7.96e-05 elapsed=719s
2026-09-22 07:32:40 | INFO | step=17700 loss=0.4615 lr=7.96e-05 elapsed=722s
2026-09-22 07:32:43 | INFO | step=17800 loss=0.8317 lr=7.96e-05 elapsed=725s
2026-09-22 07:32:46 | INFO | step=17900 loss=1.0117 lr=7.96e-05 elapsed=728s
2026-09-22 07:32:49 | INFO | step=18000 loss=0.9679 lr=7.96e-05 elapsed=731s
2026-09-22 07:32:51 | INFO | [eval] step=18000 dev_loss=4.5918
2026-09-22 07:33:01 | INFO |   EM on dev subset (200 samples): 0.00%
2026-09-22 07:33:04 | INFO | step=18100 loss=0.8942 lr=7.96e-05 elapsed=745s
2026-09-22 07:33:07 | INFO | step=18200 loss=0.4670 lr=7.95e-05 elapsed=748s
2026-09-22 07:33:10 | INFO | step=18300 loss=0.6374 lr=7.95e-05 elapsed=751s
2026-09-22 07:33:13 | INFO | step=18400 loss=1.0846 lr=7.95e-05 elapsed=754s
2026-09-22 07:33:16 | INFO | step=18500 loss=0.5188 lr=7.95e-05 elapsed=757s
2026-09-22 07:33:19 | INFO | step=18600 loss=0.7358 lr=7.95e-05 elapsed=760s
2026-09-22 07:33:22 | INFO | step=18700 loss=0.4887 lr=7.95e-05 elapsed=763s
2026-09-22 07:33:25 | INFO | step=18800 loss=0.8464 lr=7.95e-05 elapsed=766s
2026-09-22 07:33:28 | INFO | step=18900 loss=0.9748 lr=7.95e-05 elapsed=769s
2026-09-22 07:33:31 | INFO | step=19000 loss=1.2207 lr=7.95e-05 elapsed=772s
2026-09-22 07:33:34 | INFO | step=19100 loss=0.7830 lr=7.95e-05 elapsed=775s
2026-09-22 07:33:36 | INFO | step=19200 loss=0.6229 lr=7.95e-05 elapsed=778s
2026-09-22 07:33:40 | INFO | step=19300 loss=0.6774 lr=7.95e-05 elapsed=781s
2026-09-22 07:33:43 | INFO | step=19400 loss=0.7336 lr=7.95e-05 elapsed=784s
2026-09-22 07:33:45 | INFO | step=19500 loss=0.6412 lr=7.95e-05 elapsed=787s
2026-09-22 07:33:48 | INFO | step=19600 loss=0.4544 lr=7.95e-05 elapsed=790s
2026-09-22 07:33:51 | INFO | step=19700 loss=0.7457 lr=7.94e-05 elapsed=793s
2026-09-22 07:33:54 | INFO | step=19800 loss=0.8635 lr=7.94e-05 elapsed=796s
2026-09-22 07:33:57 | INFO | step=19900 loss=0.6303 lr=7.94e-05 elapsed=799s
2026-09-22 07:34:00 | INFO | step=20000 loss=0.7743 lr=7.94e-05 elapsed=802s
2026-09-22 07:34:02 | INFO | [eval] step=20000 dev_loss=4.6850
2026-09-22 07:34:11 | INFO |   EM on dev subset (200 samples): 0.00%
2026-09-22 07:34:18 | INFO | step=20100 loss=0.7041 lr=7.94e-05 elapsed=820s
2026-09-22 07:34:21 | INFO | step=20200 loss=0.7592 lr=7.94e-05 elapsed=823s
2026-09-22 07:34:24 | INFO | step=20300 loss=0.7178 lr=7.94e-05 elapsed=826s
2026-09-22 07:34:27 | INFO | step=20400 loss=0.9258 lr=7.94e-05 elapsed=829s
2026-09-22 07:34:30 | INFO | step=20500 loss=0.5373 lr=7.94e-05 elapsed=832s
2026-09-22 07:34:33 | INFO | step=20600 loss=1.0042 lr=7.94e-05 elapsed=835s
2026-09-22 07:34:36 | INFO | step=20700 loss=1.2304 lr=7.94e-05 elapsed=838s
2026-09-22 07:34:39 | INFO | step=20800 loss=0.3700 lr=7.94e-05 elapsed=841s
2026-09-22 07:34:42 | INFO | step=20900 loss=0.8540 lr=7.94e-05 elapsed=844s
2026-09-22 07:34:45 | INFO | step=21000 loss=0.6249 lr=7.94e-05 elapsed=847s
2026-09-22 07:34:48 | INFO | step=21100 loss=0.9352 lr=7.93e-05 elapsed=850s
2026-09-22 07:34:51 | INFO | step=21200 loss=0.5850 lr=7.93e-05 elapsed=853s
2026-09-22 07:34:54 | INFO | step=21300 loss=0.7257 lr=7.93e-05 elapsed=856s
2026-09-22 07:34:57 | INFO | step=21400 loss=0.7265 lr=7.93e-05 elapsed=858s
2026-09-22 07:35:00 | INFO | step=21500 loss=0.5854 lr=7.93e-05 elapsed=861s
2026-09-22 07:35:03 | INFO | step=21600 loss=0.7464 lr=7.93e-05 elapsed=864s
2026-09-22 07:35:06 | INFO | step=21700 loss=0.7743 lr=7.93e-05 elapsed=867s
2026-09-22 07:35:09 | INFO | step=21800 loss=0.6418 lr=7.93e-05 elapsed=870s
2026-09-22 07:35:11 | INFO | step=21900 loss=0.7507 lr=7.93e-05 elapsed=873s
2026-09-22 07:35:14 | INFO | step=22000 loss=0.7475 lr=7.93e-05 elapsed=876s
2026-09-22 07:35:16 | INFO | [eval] step=22000 dev_loss=4.7109
2026-09-22 07:35:29 | INFO |   EM on dev subset (200 samples): 0.00%
2026-09-22 07:35:32 | INFO | step=22100 loss=0.6127 lr=7.93e-05 elapsed=893s
2026-09-22 07:35:35 | INFO | step=22200 loss=0.6051 lr=7.93e-05 elapsed=896s
2026-09-22 07:35:38 | INFO | step=22300 loss=0.8613 lr=7.92e-05 elapsed=899s
2026-09-22 07:35:41 | INFO | step=22400 loss=0.7242 lr=7.92e-05 elapsed=902s
2026-09-22 07:35:44 | INFO | step=22500 loss=0.7612 lr=7.92e-05 elapsed=905s
2026-09-22 07:35:47 | INFO | step=22600 loss=0.4315 lr=7.92e-05 elapsed=908s
2026-09-22 07:35:50 | INFO | step=22700 loss=0.5419 lr=7.92e-05 elapsed=911s
2026-09-22 07:35:53 | INFO | step=22800 loss=0.5478 lr=7.92e-05 elapsed=914s
2026-09-22 07:35:56 | INFO | step=22900 loss=0.6407 lr=7.92e-05 elapsed=917s
2026-09-22 07:35:59 | INFO | step=23000 loss=0.8223 lr=7.92e-05 elapsed=920s
2026-09-22 07:36:01 | INFO | step=23100 loss=0.7984 lr=7.92e-05 elapsed=923s
2026-09-22 07:36:04 | INFO | step=23200 loss=0.7134 lr=7.92e-05 elapsed=926s
2026-09-22 07:36:07 | INFO | step=23300 loss=0.8035 lr=7.92e-05 elapsed=929s
2026-09-22 07:36:10 | INFO | step=23400 loss=0.6062 lr=7.92e-05 elapsed=932s
2026-09-22 07:36:13 | INFO | step=23500 loss=0.3076 lr=7.91e-05 elapsed=935s
2026-09-22 07:36:16 | INFO | step=23600 loss=0.9859 lr=7.91e-05 elapsed=938s
2026-09-22 07:36:19 | INFO | step=23700 loss=0.7081 lr=7.91e-05 elapsed=941s
2026-09-22 07:36:22 | INFO | step=23800 loss=0.6963 lr=7.91e-05 elapsed=944s
2026-09-22 07:36:25 | INFO | step=23900 loss=0.6982 lr=7.91e-05 elapsed=947s
2026-09-22 07:36:28 | INFO | step=24000 loss=0.7589 lr=7.91e-05 elapsed=950s
2026-09-22 07:36:30 | INFO | [eval] step=24000 dev_loss=4.7807
2026-09-22 07:36:40 | INFO |   EM on dev subset (200 samples): 0.00%
2026-09-22 07:36:43 | INFO | step=24100 loss=0.6954 lr=7.91e-05 elapsed=964s
2026-09-22 07:36:46 | INFO | step=24200 loss=0.5209 lr=7.91e-05 elapsed=967s
2026-09-22 07:36:49 | INFO | step=24300 loss=0.4186 lr=7.91e-05 elapsed=970s
2026-09-22 07:36:52 | INFO | step=24400 loss=0.7600 lr=7.91e-05 elapsed=973s
2026-09-22 07:36:55 | INFO | step=24500 loss=0.4689 lr=7.91e-05 elapsed=976s
2026-09-22 07:36:58 | INFO | step=24600 loss=0.6962 lr=7.90e-05 elapsed=979s
2026-09-22 07:37:01 | INFO | step=24700 loss=0.5329 lr=7.90e-05 elapsed=982s
2026-09-22 07:37:04 | INFO | step=24800 loss=0.4187 lr=7.90e-05 elapsed=985s
2026-09-22 07:37:07 | INFO | step=24900 loss=0.5684 lr=7.90e-05 elapsed=988s
2026-09-22 07:37:09 | INFO | step=25000 loss=0.7107 lr=7.90e-05 elapsed=991s
2026-09-22 07:37:12 | INFO | step=25100 loss=0.7072 lr=7.90e-05 elapsed=994s
2026-09-22 07:37:15 | INFO | step=25200 loss=0.7780 lr=7.90e-05 elapsed=997s
2026-09-22 07:37:18 | INFO | step=25300 loss=0.3066 lr=7.90e-05 elapsed=1000s
2026-09-22 07:37:21 | INFO | step=25400 loss=0.7138 lr=7.90e-05 elapsed=1003s
2026-09-22 07:37:24 | INFO | step=25500 loss=0.7332 lr=7.90e-05 elapsed=1006s
2026-09-22 07:37:27 | INFO | step=25600 loss=0.7851 lr=7.90e-05 elapsed=1009s
2026-09-22 07:37:30 | INFO | step=25700 loss=0.2094 lr=7.89e-05 elapsed=1012s
2026-09-22 07:37:33 | INFO | step=25800 loss=0.5277 lr=7.89e-05 elapsed=1015s
2026-09-22 07:37:36 | INFO | step=25900 loss=0.6286 lr=7.89e-05 elapsed=1018s
2026-09-22 07:37:39 | INFO | step=26000 loss=0.4371 lr=7.89e-05 elapsed=1021s
2026-09-22 07:37:41 | INFO | [eval] step=26000 dev_loss=4.8708
2026-09-22 07:37:53 | INFO |   EM on dev subset (200 samples): 0.00%
2026-09-22 07:37:56 | INFO | step=26100 loss=0.7242 lr=7.89e-05 elapsed=1038s
2026-09-22 07:37:59 | INFO | step=26200 loss=0.8698 lr=7.89e-05 elapsed=1041s
2026-09-22 07:38:02 | INFO | step=26300 loss=0.6065 lr=7.89e-05 elapsed=1044s
2026-09-22 07:38:05 | INFO | step=26400 loss=0.5514 lr=7.89e-05 elapsed=1047s
2026-09-22 07:38:08 | INFO | step=26500 loss=0.4087 lr=7.89e-05 elapsed=1050s
2026-09-22 07:38:11 | INFO | step=26600 loss=0.3054 lr=7.89e-05 elapsed=1053s
2026-09-22 07:38:14 | INFO | step=26700 loss=0.3514 lr=7.88e-05 elapsed=1056s
2026-09-22 07:38:17 | INFO | step=26800 loss=0.8811 lr=7.88e-05 elapsed=1058s
2026-09-22 07:38:20 | INFO | step=26900 loss=0.5050 lr=7.88e-05 elapsed=1061s
2026-09-22 07:38:23 | INFO | step=27000 loss=0.3439 lr=7.88e-05 elapsed=1064s
2026-09-22 07:38:26 | INFO | step=27100 loss=0.7208 lr=7.88e-05 elapsed=1067s
2026-09-22 07:38:29 | INFO | step=27200 loss=0.5008 lr=7.88e-05 elapsed=1070s
2026-09-22 07:38:32 | INFO | step=27300 loss=0.4859 lr=7.88e-05 elapsed=1073s
2026-09-22 07:38:34 | INFO | step=27400 loss=0.4683 lr=7.88e-05 elapsed=1076s
2026-09-22 07:38:37 | INFO | step=27500 loss=0.3846 lr=7.88e-05 elapsed=1079s
2026-09-22 07:38:40 | INFO | step=27600 loss=0.6584 lr=7.88e-05 elapsed=1082s
2026-09-22 07:38:43 | INFO | step=27700 loss=0.3581 lr=7.87e-05 elapsed=1085s
2026-09-22 07:38:46 | INFO | step=27800 loss=0.6214 lr=7.87e-05 elapsed=1088s
2026-09-22 07:38:49 | INFO | step=27900 loss=0.4871 lr=7.87e-05 elapsed=1091s
2026-09-22 07:38:53 | INFO | step=28000 loss=0.4005 lr=7.87e-05 elapsed=1094s
2026-09-22 07:38:54 | INFO | [eval] step=28000 dev_loss=4.9621
2026-09-22 07:39:07 | INFO |   EM on dev subset (200 samples): 0.00%
2026-09-22 07:39:10 | INFO | step=28100 loss=0.2986 lr=7.87e-05 elapsed=1112s
2026-09-22 07:39:13 | INFO | step=28200 loss=0.4189 lr=7.87e-05 elapsed=1115s
2026-09-22 07:39:16 | INFO | step=28300 loss=0.6013 lr=7.87e-05 elapsed=1118s
2026-09-22 07:39:19 | INFO | step=28400 loss=0.4606 lr=7.87e-05 elapsed=1121s
2026-09-22 07:39:22 | INFO | step=28500 loss=0.4046 lr=7.87e-05 elapsed=1124s
2026-09-22 07:39:25 | INFO | step=28600 loss=0.8251 lr=7.86e-05 elapsed=1127s
2026-09-22 07:39:28 | INFO | step=28700 loss=0.3652 lr=7.86e-05 elapsed=1130s
2026-09-22 07:39:31 | INFO | step=28800 loss=0.3625 lr=7.86e-05 elapsed=1133s
2026-09-22 07:39:34 | INFO | step=28900 loss=0.4193 lr=7.86e-05 elapsed=1136s
2026-09-22 07:39:37 | INFO | step=29000 loss=0.4734 lr=7.86e-05 elapsed=1138s
2026-09-22 07:39:40 | INFO | step=29100 loss=0.5111 lr=7.86e-05 elapsed=1141s
2026-09-22 07:39:43 | INFO | step=29200 loss=0.4818 lr=7.86e-05 elapsed=1144s
2026-09-22 07:39:46 | INFO | step=29300 loss=0.7511 lr=7.86e-05 elapsed=1147s
2026-09-22 07:39:49 | INFO | step=29400 loss=0.3894 lr=7.86e-05 elapsed=1150s
2026-09-22 07:39:52 | INFO | step=29500 loss=0.6041 lr=7.85e-05 elapsed=1153s
2026-09-22 07:39:55 | INFO | step=29600 loss=0.6679 lr=7.85e-05 elapsed=1156s
2026-09-22 07:39:58 | INFO | step=29700 loss=0.4392 lr=7.85e-05 elapsed=1159s
2026-09-22 07:40:01 | INFO | step=29800 loss=0.4084 lr=7.85e-05 elapsed=1162s
2026-09-22 07:40:04 | INFO | step=29900 loss=0.5748 lr=7.85e-05 elapsed=1165s
2026-09-22 07:40:07 | INFO | step=30000 loss=0.3346 lr=7.85e-05 elapsed=1168s
2026-09-22 07:40:08 | INFO | [eval] step=30000 dev_loss=5.0366
2026-09-22 07:40:20 | INFO |   EM on dev subset (200 samples): 0.00%
2026-09-22 07:40:23 | INFO | step=30100 loss=0.4485 lr=7.85e-05 elapsed=1184s
2026-09-22 07:40:26 | INFO | step=30200 loss=0.1966 lr=7.85e-05 elapsed=1187s
2026-09-22 07:40:29 | INFO | step=30300 loss=0.3781 lr=7.85e-05 elapsed=1190s
2026-09-22 07:40:32 | INFO | step=30400 loss=0.3818 lr=7.84e-05 elapsed=1193s
2026-09-22 07:40:35 | INFO | step=30500 loss=0.4230 lr=7.84e-05 elapsed=1196s
2026-09-22 07:40:38 | INFO | step=30600 loss=0.6165 lr=7.84e-05 elapsed=1199s
2026-09-22 07:40:40 | INFO | step=30700 loss=0.2637 lr=7.84e-05 elapsed=1202s
2026-09-22 07:40:43 | INFO | step=30800 loss=0.4347 lr=7.84e-05 elapsed=1205s
2026-09-22 07:40:46 | INFO | step=30900 loss=0.2715 lr=7.84e-05 elapsed=1208s
2026-09-22 07:40:49 | INFO | step=31000 loss=0.3977 lr=7.84e-05 elapsed=1211s
2026-09-22 07:40:52 | INFO | step=31100 loss=0.4629 lr=7.84e-05 elapsed=1214s
2026-09-22 07:40:55 | INFO | step=31200 loss=0.4437 lr=7.83e-05 elapsed=1217s
2026-09-22 07:40:58 | INFO | step=31300 loss=0.3199 lr=7.83e-05 elapsed=1220s
2026-09-22 07:41:01 | INFO | step=31400 loss=0.4659 lr=7.83e-05 elapsed=1223s
2026-09-22 07:41:04 | INFO | step=31500 loss=0.5953 lr=7.83e-05 elapsed=1226s
2026-09-22 07:41:07 | INFO | step=31600 loss=0.3616 lr=7.83e-05 elapsed=1229s
2026-09-22 07:41:10 | INFO | step=31700 loss=0.2869 lr=7.83e-05 elapsed=1232s
2026-09-22 07:41:13 | INFO | step=31800 loss=0.3212 lr=7.83e-05 elapsed=1235s
2026-09-22 07:41:16 | INFO | step=31900 loss=0.2309 lr=7.83e-05 elapsed=1238s
2026-09-22 07:41:19 | INFO | step=32000 loss=0.4407 lr=7.82e-05 elapsed=1241s
2026-09-22 07:41:21 | INFO | [eval] step=32000 dev_loss=5.0695
2026-09-22 07:41:33 | INFO |   EM on dev subset (200 samples): 0.00%
2026-09-22 07:41:36 | INFO | step=32100 loss=0.2463 lr=7.82e-05 elapsed=1257s
2026-09-22 07:41:39 | INFO | step=32200 loss=0.1701 lr=7.82e-05 elapsed=1260s
2026-09-22 07:41:42 | INFO | step=32300 loss=0.3242 lr=7.82e-05 elapsed=1263s
2026-09-22 07:41:45 | INFO | step=32400 loss=0.4000 lr=7.82e-05 elapsed=1266s
2026-09-22 07:41:48 | INFO | step=32500 loss=0.4003 lr=7.82e-05 elapsed=1269s
2026-09-22 07:41:51 | INFO | step=32600 loss=0.3057 lr=7.82e-05 elapsed=1272s
2026-09-22 07:41:53 | INFO | step=32700 loss=0.3155 lr=7.82e-05 elapsed=1275s
2026-09-22 07:41:56 | INFO | step=32800 loss=0.5129 lr=7.81e-05 elapsed=1278s
2026-09-22 07:41:59 | INFO | step=32900 loss=0.2378 lr=7.81e-05 elapsed=1281s
2026-09-22 07:42:02 | INFO | step=33000 loss=0.2514 lr=7.81e-05 elapsed=1284s
2026-09-22 07:42:05 | INFO | step=33100 loss=0.6019 lr=7.81e-05 elapsed=1287s
2026-09-22 07:42:08 | INFO | step=33200 loss=0.3790 lr=7.81e-05 elapsed=1290s
2026-09-22 07:42:11 | INFO | step=33300 loss=0.4692 lr=7.81e-05 elapsed=1293s
2026-09-22 07:42:14 | INFO | step=33400 loss=0.3843 lr=7.81e-05 elapsed=1296s
2026-09-22 07:42:17 | INFO | step=33500 loss=0.5661 lr=7.81e-05 elapsed=1299s
2026-09-22 07:42:20 | INFO | step=33600 loss=0.5275 lr=7.80e-05 elapsed=1302s
2026-09-22 07:42:23 | INFO | step=33700 loss=0.2518 lr=7.80e-05 elapsed=1305s
2026-09-22 07:42:26 | INFO | step=33800 loss=0.4042 lr=7.80e-05 elapsed=1308s
2026-09-22 07:42:29 | INFO | step=33900 loss=0.2673 lr=7.80e-05 elapsed=1311s
2026-09-22 07:42:32 | INFO | step=34000 loss=0.6238 lr=7.80e-05 elapsed=1314s
2026-09-22 07:42:34 | INFO | [eval] step=34000 dev_loss=5.0629
2026-09-22 07:42:47 | INFO |   EM on dev subset (200 samples): 0.00%
2026-09-22 07:42:50 | INFO | step=34100 loss=0.4231 lr=7.80e-05 elapsed=1332s
2026-09-22 07:42:53 | INFO | step=34200 loss=0.2601 lr=7.80e-05 elapsed=1335s
2026-09-22 07:42:56 | INFO | step=34300 loss=0.4128 lr=7.79e-05 elapsed=1338s
2026-09-22 07:42:59 | INFO | step=34400 loss=0.4600 lr=7.79e-05 elapsed=1341s
2026-09-22 07:43:02 | INFO | step=34500 loss=0.2623 lr=7.79e-05 elapsed=1344s
2026-09-22 07:43:05 | INFO | step=34600 loss=0.3948 lr=7.79e-05 elapsed=1347s
2026-09-22 07:43:08 | INFO | step=34700 loss=0.4244 lr=7.79e-05 elapsed=1350s
2026-09-22 07:43:11 | INFO | step=34800 loss=0.2520 lr=7.79e-05 elapsed=1353s
2026-09-22 07:43:14 | INFO | step=34900 loss=0.4360 lr=7.79e-05 elapsed=1355s
2026-09-22 07:43:17 | INFO | step=35000 loss=0.3100 lr=7.79e-05 elapsed=1358s
2026-09-22 07:43:20 | INFO | step=35100 loss=0.3126 lr=7.78e-05 elapsed=1361s
2026-09-22 07:43:23 | INFO | step=35200 loss=0.1934 lr=7.78e-05 elapsed=1364s
2026-09-22 07:43:26 | INFO | step=35300 loss=0.3562 lr=7.78e-05 elapsed=1367s
2026-09-22 07:43:29 | INFO | step=35400 loss=0.2893 lr=7.78e-05 elapsed=1370s
2026-09-22 07:43:32 | INFO | step=35500 loss=0.4354 lr=7.78e-05 elapsed=1373s
2026-09-22 07:43:35 | INFO | step=35600 loss=0.5167 lr=7.78e-05 elapsed=1376s
2026-09-22 07:43:38 | INFO | step=35700 loss=0.3556 lr=7.78e-05 elapsed=1379s
2026-09-22 07:43:41 | INFO | step=35800 loss=0.2721 lr=7.77e-05 elapsed=1382s
2026-09-22 07:43:44 | INFO | step=35900 loss=0.1467 lr=7.77e-05 elapsed=1385s
2026-09-22 07:43:47 | INFO | step=36000 loss=0.4521 lr=7.77e-05 elapsed=1388s
2026-09-22 07:43:48 | INFO | [eval] step=36000 dev_loss=5.1534
2026-09-22 07:44:02 | INFO |   EM on dev subset (200 samples): 0.00%
2026-09-22 07:44:05 | INFO | step=36100 loss=0.2531 lr=7.77e-05 elapsed=1406s
2026-09-22 07:44:08 | INFO | step=36200 loss=0.3347 lr=7.77e-05 elapsed=1409s
2026-09-22 07:44:10 | INFO | step=36300 loss=0.1714 lr=7.77e-05 elapsed=1412s
2026-09-22 07:44:13 | INFO | step=36400 loss=0.2585 lr=7.77e-05 elapsed=1415s
2026-09-22 07:44:16 | INFO | step=36500 loss=0.3229 lr=7.76e-05 elapsed=1418s
2026-09-22 07:44:19 | INFO | step=36600 loss=0.3008 lr=7.76e-05 elapsed=1421s
2026-09-22 07:44:22 | INFO | step=36700 loss=0.1959 lr=7.76e-05 elapsed=1424s
2026-09-22 07:44:25 | INFO | step=36800 loss=0.3450 lr=7.76e-05 elapsed=1427s
2026-09-22 07:44:28 | INFO | step=36900 loss=0.3204 lr=7.76e-05 elapsed=1430s
2026-09-22 07:44:31 | INFO | step=37000 loss=0.4610 lr=7.76e-05 elapsed=1433s
2026-09-22 07:44:34 | INFO | step=37100 loss=0.2171 lr=7.76e-05 elapsed=1436s
2026-09-22 07:44:37 | INFO | step=37200 loss=0.3314 lr=7.75e-05 elapsed=1439s
2026-09-22 07:44:40 | INFO | step=37300 loss=0.4228 lr=7.75e-05 elapsed=1441s
2026-09-22 07:44:43 | INFO | step=37400 loss=0.2005 lr=7.75e-05 elapsed=1444s
2026-09-22 07:44:46 | INFO | step=37500 loss=0.2690 lr=7.75e-05 elapsed=1447s
2026-09-22 07:44:49 | INFO | step=37600 loss=0.4412 lr=7.75e-05 elapsed=1450s
2026-09-22 07:44:52 | INFO | step=37700 loss=0.3117 lr=7.75e-05 elapsed=1453s
2026-09-22 07:44:55 | INFO | step=37800 loss=0.2393 lr=7.75e-05 elapsed=1456s
2026-09-22 07:44:58 | INFO | step=37900 loss=0.1324 lr=7.74e-05 elapsed=1459s
2026-09-22 07:45:01 | INFO | step=38000 loss=0.4332 lr=7.74e-05 elapsed=1462s
2026-09-22 07:45:02 | INFO | [eval] step=38000 dev_loss=5.1617
2026-09-22 07:45:18 | INFO |   EM on dev subset (200 samples): 0.50%
2026-09-22 07:45:22 | INFO |   -> New best model saved (dev_loss=5.1617)
2026-09-22 07:45:25 | INFO | step=38100 loss=0.3221 lr=7.74e-05 elapsed=1487s
2026-09-22 07:45:28 | INFO | step=38200 loss=0.3858 lr=7.74e-05 elapsed=1490s
2026-09-22 07:45:31 | INFO | step=38300 loss=0.6198 lr=7.74e-05 elapsed=1493s
2026-09-22 07:45:34 | INFO | step=38400 loss=0.3213 lr=7.74e-05 elapsed=1496s
2026-09-22 07:45:37 | INFO | step=38500 loss=0.2076 lr=7.73e-05 elapsed=1499s
2026-09-22 07:45:40 | INFO | step=38600 loss=0.2625 lr=7.73e-05 elapsed=1502s
2026-09-22 07:45:43 | INFO | step=38700 loss=0.1023 lr=7.73e-05 elapsed=1505s
2026-09-22 07:45:46 | INFO | step=38800 loss=0.3313 lr=7.73e-05 elapsed=1508s
2026-09-22 07:45:49 | INFO | step=38900 loss=0.4005 lr=7.73e-05 elapsed=1511s
2026-09-22 07:45:52 | INFO | step=39000 loss=0.2865 lr=7.73e-05 elapsed=1513s
2026-09-22 07:45:55 | INFO | step=39100 loss=0.3020 lr=7.73e-05 elapsed=1516s
2026-09-22 07:45:58 | INFO | step=39200 loss=0.3533 lr=7.72e-05 elapsed=1519s
2026-09-22 07:46:01 | INFO | step=39300 loss=0.1938 lr=7.72e-05 elapsed=1522s
2026-09-22 07:46:04 | INFO | step=39400 loss=0.5226 lr=7.72e-05 elapsed=1525s
2026-09-22 07:46:07 | INFO | step=39500 loss=0.3203 lr=7.72e-05 elapsed=1528s
2026-09-22 07:46:10 | INFO | step=39600 loss=0.3358 lr=7.72e-05 elapsed=1531s
2026-09-22 07:46:13 | INFO | step=39700 loss=0.3500 lr=7.72e-05 elapsed=1534s
2026-09-22 07:46:16 | INFO | step=39800 loss=0.3466 lr=7.71e-05 elapsed=1537s
2026-09-22 07:46:19 | INFO | step=39900 loss=0.2668 lr=7.71e-05 elapsed=1540s
2026-09-22 07:46:22 | INFO | step=40000 loss=0.2674 lr=7.71e-05 elapsed=1543s
2026-09-22 07:46:23 | INFO | [eval] step=40000 dev_loss=5.1877
2026-09-22 07:46:37 | INFO |   EM on dev subset (200 samples): 0.50%
2026-09-22 07:46:45 | INFO | step=40100 loss=0.2134 lr=7.71e-05 elapsed=1567s
2026-09-22 07:46:48 | INFO | step=40200 loss=0.1877 lr=7.71e-05 elapsed=1569s
2026-09-22 07:46:51 | INFO | step=40300 loss=0.1839 lr=7.71e-05 elapsed=1572s
2026-09-22 07:46:54 | INFO | step=40400 loss=0.1163 lr=7.71e-05 elapsed=1575s
2026-09-22 07:46:57 | INFO | step=40500 loss=0.4314 lr=7.70e-05 elapsed=1578s
2026-09-22 07:47:00 | INFO | step=40600 loss=0.0651 lr=7.70e-05 elapsed=1581s
2026-09-22 07:47:03 | INFO | step=40700 loss=0.2119 lr=7.70e-05 elapsed=1584s
2026-09-22 07:47:06 | INFO | step=40800 loss=0.1444 lr=7.70e-05 elapsed=1587s
2026-09-22 07:47:09 | INFO | step=40900 loss=0.3258 lr=7.70e-05 elapsed=1590s
2026-09-22 07:47:12 | INFO | step=41000 loss=0.1827 lr=7.70e-05 elapsed=1593s
2026-09-22 07:47:15 | INFO | step=41100 loss=0.1730 lr=7.69e-05 elapsed=1596s
2026-09-22 07:47:18 | INFO | step=41200 loss=0.1091 lr=7.69e-05 elapsed=1599s
2026-09-22 07:47:21 | INFO | step=41300 loss=0.2412 lr=7.69e-05 elapsed=1602s
2026-09-22 07:47:24 | INFO | step=41400 loss=0.2000 lr=7.69e-05 elapsed=1605s
2026-09-22 07:47:26 | INFO | step=41500 loss=0.1282 lr=7.69e-05 elapsed=1608s
2026-09-22 07:47:29 | INFO | step=41600 loss=0.2292 lr=7.69e-05 elapsed=1611s
2026-09-22 07:47:32 | INFO | step=41700 loss=0.3659 lr=7.68e-05 elapsed=1614s
2026-09-22 07:47:35 | INFO | step=41800 loss=0.1372 lr=7.68e-05 elapsed=1617s
2026-09-22 07:47:38 | INFO | step=41900 loss=0.2104 lr=7.68e-05 elapsed=1620s
2026-09-22 07:47:41 | INFO | step=42000 loss=0.3224 lr=7.68e-05 elapsed=1623s
2026-09-22 07:47:43 | INFO | [eval] step=42000 dev_loss=5.3308
2026-09-22 07:47:56 | INFO |   EM on dev subset (200 samples): 1.50%
2026-09-22 07:48:01 | INFO |   -> New best model saved (dev_loss=5.3308)
2026-09-22 07:48:04 | INFO | step=42100 loss=0.4442 lr=7.68e-05 elapsed=1645s
2026-09-22 07:48:07 | INFO | step=42200 loss=0.3169 lr=7.68e-05 elapsed=1648s
2026-09-22 07:48:09 | INFO | step=42300 loss=0.1870 lr=7.67e-05 elapsed=1651s
2026-09-22 07:48:12 | INFO | step=42400 loss=0.2105 lr=7.67e-05 elapsed=1654s
2026-09-22 07:48:15 | INFO | step=42500 loss=0.2306 lr=7.67e-05 elapsed=1657s
2026-09-22 07:48:18 | INFO | step=42600 loss=0.2668 lr=7.67e-05 elapsed=1660s
2026-09-22 07:48:21 | INFO | step=42700 loss=0.3850 lr=7.67e-05 elapsed=1663s
2026-09-22 07:48:24 | INFO | step=42800 loss=0.1482 lr=7.67e-05 elapsed=1666s
2026-09-22 07:48:27 | INFO | step=42900 loss=0.1449 lr=7.66e-05 elapsed=1669s
2026-09-22 07:48:30 | INFO | step=43000 loss=0.2947 lr=7.66e-05 elapsed=1672s
2026-09-22 07:48:33 | INFO | step=43100 loss=0.2154 lr=7.66e-05 elapsed=1675s
2026-09-22 07:48:36 | INFO | step=43200 loss=0.2596 lr=7.66e-05 elapsed=1678s
2026-09-22 07:48:39 | INFO | step=43300 loss=0.1862 lr=7.66e-05 elapsed=1681s
2026-09-22 07:48:42 | INFO | step=43400 loss=0.1601 lr=7.66e-05 elapsed=1684s
2026-09-22 07:48:45 | INFO | step=43500 loss=0.2813 lr=7.65e-05 elapsed=1687s
2026-09-22 07:48:48 | INFO | step=43600 loss=0.2369 lr=7.65e-05 elapsed=1690s
2026-09-22 07:48:51 | INFO | step=43700 loss=0.1957 lr=7.65e-05 elapsed=1693s
2026-09-22 07:48:54 | INFO | step=43800 loss=0.2504 lr=7.65e-05 elapsed=1696s
2026-09-22 07:48:57 | INFO | step=43900 loss=0.1661 lr=7.65e-05 elapsed=1699s
2026-09-22 07:49:00 | INFO | step=44000 loss=0.2595 lr=7.64e-05 elapsed=1702s
2026-09-22 07:49:02 | INFO | [eval] step=44000 dev_loss=5.3789
2026-09-22 07:49:13 | INFO |   EM on dev subset (200 samples): 0.00%
2026-09-22 07:49:16 | INFO | step=44100 loss=0.2446 lr=7.64e-05 elapsed=1717s
2026-09-22 07:49:19 | INFO | step=44200 loss=0.1872 lr=7.64e-05 elapsed=1720s
2026-09-22 07:49:22 | INFO | step=44300 loss=0.1718 lr=7.64e-05 elapsed=1723s
2026-09-22 07:49:25 | INFO | step=44400 loss=0.1954 lr=7.64e-05 elapsed=1726s
2026-09-22 07:49:28 | INFO | step=44500 loss=0.2546 lr=7.64e-05 elapsed=1729s
2026-09-22 07:49:31 | INFO | step=44600 loss=0.0565 lr=7.63e-05 elapsed=1732s
2026-09-22 07:49:34 | INFO | step=44700 loss=0.2291 lr=7.63e-05 elapsed=1735s
2026-09-22 07:49:37 | INFO | step=44800 loss=0.4258 lr=7.63e-05 elapsed=1738s
2026-09-22 07:49:40 | INFO | step=44900 loss=0.2788 lr=7.63e-05 elapsed=1741s
2026-09-22 07:49:43 | INFO | step=45000 loss=0.3076 lr=7.63e-05 elapsed=1744s
2026-09-22 07:49:46 | INFO | step=45100 loss=0.1990 lr=7.63e-05 elapsed=1747s
2026-09-22 07:49:48 | INFO | step=45200 loss=0.2120 lr=7.62e-05 elapsed=1750s
2026-09-22 07:49:51 | INFO | step=45300 loss=0.2171 lr=7.62e-05 elapsed=1753s
2026-09-22 07:49:54 | INFO | step=45400 loss=0.1864 lr=7.62e-05 elapsed=1756s
2026-09-22 07:49:57 | INFO | step=45500 loss=0.2150 lr=7.62e-05 elapsed=1759s
2026-09-22 07:50:00 | INFO | step=45600 loss=0.1517 lr=7.62e-05 elapsed=1762s
2026-09-22 07:50:03 | INFO | step=45700 loss=0.2346 lr=7.61e-05 elapsed=1765s
2026-09-22 07:50:06 | INFO | step=45800 loss=0.2745 lr=7.61e-05 elapsed=1768s
2026-09-22 07:50:09 | INFO | step=45900 loss=0.2822 lr=7.61e-05 elapsed=1771s
2026-09-22 07:50:12 | INFO | step=46000 loss=0.2489 lr=7.61e-05 elapsed=1774s
2026-09-22 07:50:14 | INFO | [eval] step=46000 dev_loss=5.3393
2026-09-22 07:50:30 | INFO |   EM on dev subset (200 samples): 0.00%
2026-09-22 07:50:33 | INFO | step=46100 loss=0.3515 lr=7.61e-05 elapsed=1795s
2026-09-22 07:50:36 | INFO | step=46200 loss=0.1679 lr=7.61e-05 elapsed=1798s
2026-09-22 07:50:39 | INFO | step=46300 loss=0.2219 lr=7.60e-05 elapsed=1801s
2026-09-22 07:50:42 | INFO | step=46400 loss=0.0996 lr=7.60e-05 elapsed=1804s
2026-09-22 07:50:45 | INFO | step=46500 loss=0.2658 lr=7.60e-05 elapsed=1807s
2026-09-22 07:50:48 | INFO | step=46600 loss=0.3577 lr=7.60e-05 elapsed=1810s
2026-09-22 07:50:51 | INFO | step=46700 loss=0.2619 lr=7.60e-05 elapsed=1813s
2026-09-22 07:50:54 | INFO | step=46800 loss=0.1926 lr=7.59e-05 elapsed=1816s
2026-09-22 07:50:57 | INFO | step=46900 loss=0.3344 lr=7.59e-05 elapsed=1819s
2026-09-22 07:51:00 | INFO | step=47000 loss=0.1008 lr=7.59e-05 elapsed=1822s
2026-09-22 07:51:03 | INFO | step=47100 loss=0.1899 lr=7.59e-05 elapsed=1825s
2026-09-22 07:51:06 | INFO | step=47200 loss=0.5683 lr=7.59e-05 elapsed=1827s
2026-09-22 07:51:09 | INFO | step=47300 loss=0.2051 lr=7.58e-05 elapsed=1831s
2026-09-22 07:51:12 | INFO | step=47400 loss=0.2227 lr=7.58e-05 elapsed=1833s
2026-09-22 07:51:15 | INFO | step=47500 loss=0.2279 lr=7.58e-05 elapsed=1836s
2026-09-22 07:51:18 | INFO | step=47600 loss=0.1657 lr=7.58e-05 elapsed=1839s
2026-09-22 07:51:21 | INFO | step=47700 loss=0.2260 lr=7.58e-05 elapsed=1842s
2026-09-22 07:51:24 | INFO | step=47800 loss=0.1939 lr=7.58e-05 elapsed=1845s
2026-09-22 07:51:27 | INFO | step=47900 loss=0.1774 lr=7.57e-05 elapsed=1848s
2026-09-22 07:51:30 | INFO | step=48000 loss=0.1684 lr=7.57e-05 elapsed=1851s
2026-09-22 07:51:31 | INFO | [eval] step=48000 dev_loss=5.4246
2026-09-22 07:51:42 | INFO |   EM on dev subset (200 samples): 0.00%
2026-09-22 07:51:45 | INFO | step=48100 loss=0.1711 lr=7.57e-05 elapsed=1867s
2026-09-22 07:51:48 | INFO | step=48200 loss=0.2863 lr=7.57e-05 elapsed=1870s
2026-09-22 07:51:51 | INFO | step=48300 loss=0.1250 lr=7.57e-05 elapsed=1873s
2026-09-22 07:51:54 | INFO | step=48400 loss=0.2348 lr=7.56e-05 elapsed=1876s
2026-09-22 07:51:57 | INFO | step=48500 loss=0.1925 lr=7.56e-05 elapsed=1879s
2026-09-22 07:52:00 | INFO | step=48600 loss=0.0668 lr=7.56e-05 elapsed=1882s
2026-09-22 07:52:03 | INFO | step=48700 loss=0.2790 lr=7.56e-05 elapsed=1885s
2026-09-22 07:52:06 | INFO | step=48800 loss=0.1102 lr=7.56e-05 elapsed=1888s
2026-09-22 07:52:09 | INFO | step=48900 loss=0.0961 lr=7.55e-05 elapsed=1891s
2026-09-22 07:52:12 | INFO | step=49000 loss=0.1560 lr=7.55e-05 elapsed=1894s
2026-09-22 07:52:15 | INFO | step=49100 loss=0.2905 lr=7.55e-05 elapsed=1897s
2026-09-22 07:52:18 | INFO | step=49200 loss=0.2228 lr=7.55e-05 elapsed=1900s
2026-09-22 07:52:21 | INFO | step=49300 loss=0.2029 lr=7.55e-05 elapsed=1903s
2026-09-22 07:52:24 | INFO | step=49400 loss=0.3243 lr=7.54e-05 elapsed=1906s
2026-09-22 07:52:27 | INFO | step=49500 loss=0.1538 lr=7.54e-05 elapsed=1909s
2026-09-22 07:52:30 | INFO | step=49600 loss=0.2230 lr=7.54e-05 elapsed=1912s
2026-09-22 07:52:33 | INFO | step=49700 loss=0.2899 lr=7.54e-05 elapsed=1915s
2026-09-22 07:52:36 | INFO | step=49800 loss=0.1179 lr=7.54e-05 elapsed=1917s
2026-09-22 07:52:39 | INFO | step=49900 loss=0.2150 lr=7.53e-05 elapsed=1920s
2026-09-22 07:52:42 | INFO | step=50000 loss=0.1307 lr=7.53e-05 elapsed=1923s
2026-09-22 07:52:43 | INFO | [eval] step=50000 dev_loss=5.4618
2026-09-22 07:52:56 | INFO |   EM on dev subset (200 samples): 0.00%
2026-09-22 07:52:59 | INFO | step=50100 loss=0.1094 lr=7.53e-05 elapsed=1940s
2026-09-22 07:53:02 | INFO | step=50200 loss=0.1468 lr=7.53e-05 elapsed=1943s
2026-09-22 07:53:05 | INFO | step=50300 loss=0.2477 lr=7.53e-05 elapsed=1946s
2026-09-22 07:53:08 | INFO | step=50400 loss=0.2803 lr=7.52e-05 elapsed=1949s
2026-09-22 07:53:11 | INFO | step=50500 loss=0.1576 lr=7.52e-05 elapsed=1952s
2026-09-22 07:53:14 | INFO | step=50600 loss=0.2430 lr=7.52e-05 elapsed=1955s
2026-09-22 07:53:17 | INFO | step=50700 loss=0.1424 lr=7.52e-05 elapsed=1958s
2026-09-22 07:53:20 | INFO | step=50800 loss=0.1243 lr=7.52e-05 elapsed=1961s
2026-09-22 07:53:23 | INFO | step=50900 loss=0.1963 lr=7.51e-05 elapsed=1964s
2026-09-22 07:53:26 | INFO | step=51000 loss=0.2474 lr=7.51e-05 elapsed=1967s
2026-09-22 07:53:28 | INFO | step=51100 loss=0.1869 lr=7.51e-05 elapsed=1970s
2026-09-22 07:53:32 | INFO | step=51200 loss=0.2528 lr=7.51e-05 elapsed=1973s
2026-09-22 07:53:34 | INFO | step=51300 loss=0.1663 lr=7.51e-05 elapsed=1976s
2026-09-22 07:53:37 | INFO | step=51400 loss=0.2784 lr=7.50e-05 elapsed=1979s
2026-09-22 07:53:40 | INFO | step=51500 loss=0.1477 lr=7.50e-05 elapsed=1982s
2026-09-22 07:53:43 | INFO | step=51600 loss=0.2383 lr=7.50e-05 elapsed=1985s
2026-09-22 07:53:46 | INFO | step=51700 loss=0.1187 lr=7.50e-05 elapsed=1988s
2026-09-22 07:53:49 | INFO | step=51800 loss=0.1770 lr=7.50e-05 elapsed=1991s
2026-09-22 07:53:52 | INFO | step=51900 loss=0.2984 lr=7.49e-05 elapsed=1994s
2026-09-22 07:53:55 | INFO | step=52000 loss=0.1347 lr=7.49e-05 elapsed=1997s
2026-09-22 07:53:57 | INFO | [eval] step=52000 dev_loss=5.5400
2026-09-22 07:54:09 | INFO |   EM on dev subset (200 samples): 0.00%
2026-09-22 07:54:12 | INFO | step=52100 loss=0.2810 lr=7.49e-05 elapsed=2014s
2026-09-22 07:54:15 | INFO | step=52200 loss=0.2277 lr=7.49e-05 elapsed=2017s
2026-09-22 07:54:18 | INFO | step=52300 loss=0.3022 lr=7.49e-05 elapsed=2020s
2026-09-22 07:54:21 | INFO | step=52400 loss=0.0843 lr=7.48e-05 elapsed=2023s
2026-09-22 07:54:24 | INFO | step=52500 loss=0.1082 lr=7.48e-05 elapsed=2026s
2026-09-22 07:54:27 | INFO | step=52600 loss=0.1219 lr=7.48e-05 elapsed=2029s
2026-09-22 07:54:30 | INFO | step=52700 loss=0.0906 lr=7.48e-05 elapsed=2032s
2026-09-22 07:54:33 | INFO | step=52800 loss=0.1404 lr=7.48e-05 elapsed=2035s
2026-09-22 07:54:36 | INFO | step=52900 loss=0.1673 lr=7.47e-05 elapsed=2038s
2026-09-22 07:54:39 | INFO | step=53000 loss=0.1507 lr=7.47e-05 elapsed=2041s
2026-09-22 07:54:42 | INFO | step=53100 loss=0.1366 lr=7.47e-05 elapsed=2044s
2026-09-22 07:54:45 | INFO | step=53200 loss=0.1084 lr=7.47e-05 elapsed=2047s
2026-09-22 07:54:48 | INFO | step=53300 loss=0.1140 lr=7.46e-05 elapsed=2050s
2026-09-22 07:54:51 | INFO | step=53400 loss=0.1523 lr=7.46e-05 elapsed=2053s
2026-09-22 07:54:54 | INFO | step=53500 loss=0.1624 lr=7.46e-05 elapsed=2056s
2026-09-22 07:54:57 | INFO | step=53600 loss=0.1104 lr=7.46e-05 elapsed=2059s
2026-09-22 07:55:00 | INFO | step=53700 loss=0.1631 lr=7.46e-05 elapsed=2062s
2026-09-22 07:55:03 | INFO | step=53800 loss=0.1337 lr=7.45e-05 elapsed=2065s
2026-09-22 07:55:06 | INFO | step=53900 loss=0.3009 lr=7.45e-05 elapsed=2067s
2026-09-22 07:55:09 | INFO | step=54000 loss=0.1366 lr=7.45e-05 elapsed=2070s
2026-09-22 07:55:10 | INFO | [eval] step=54000 dev_loss=5.5776
2026-09-22 07:55:27 | INFO |   EM on dev subset (200 samples): 0.00%
2026-09-22 07:55:30 | INFO | step=54100 loss=0.2333 lr=7.45e-05 elapsed=2091s
2026-09-22 07:55:33 | INFO | step=54200 loss=0.2262 lr=7.45e-05 elapsed=2094s
2026-09-22 07:55:36 | INFO | step=54300 loss=0.1227 lr=7.44e-05 elapsed=2098s
2026-09-22 07:55:39 | INFO | step=54400 loss=0.1013 lr=7.44e-05 elapsed=2100s
2026-09-22 07:55:42 | INFO | step=54500 loss=0.0873 lr=7.44e-05 elapsed=2104s
2026-09-22 07:55:45 | INFO | step=54600 loss=0.1485 lr=7.44e-05 elapsed=2107s
2026-09-22 07:55:48 | INFO | step=54700 loss=0.1637 lr=7.43e-05 elapsed=2110s
2026-09-22 07:55:51 | INFO | step=54800 loss=0.0869 lr=7.43e-05 elapsed=2113s
2026-09-22 07:55:54 | INFO | step=54900 loss=0.2487 lr=7.43e-05 elapsed=2115s
2026-09-22 07:55:57 | INFO | step=55000 loss=0.2836 lr=7.43e-05 elapsed=2118s
2026-09-22 07:56:00 | INFO | step=55100 loss=0.1512 lr=7.43e-05 elapsed=2121s
2026-09-22 07:56:03 | INFO | step=55200 loss=0.1068 lr=7.42e-05 elapsed=2124s
2026-09-22 07:56:06 | INFO | step=55300 loss=0.1938 lr=7.42e-05 elapsed=2127s
2026-09-22 07:56:09 | INFO | step=55400 loss=0.0293 lr=7.42e-05 elapsed=2130s
2026-09-22 07:56:12 | INFO | step=55500 loss=0.0445 lr=7.42e-05 elapsed=2133s
2026-09-22 07:56:15 | INFO | step=55600 loss=0.1376 lr=7.41e-05 elapsed=2136s
2026-09-22 07:56:18 | INFO | step=55700 loss=0.1364 lr=7.41e-05 elapsed=2139s
2026-09-22 07:56:21 | INFO | step=55800 loss=0.0701 lr=7.41e-05 elapsed=2142s
2026-09-22 07:56:24 | INFO | step=55900 loss=0.1128 lr=7.41e-05 elapsed=2145s
2026-09-22 07:56:27 | INFO | step=56000 loss=0.1698 lr=7.41e-05 elapsed=2148s
2026-09-22 07:56:28 | INFO | [eval] step=56000 dev_loss=5.5954
2026-09-22 07:56:41 | INFO |   EM on dev subset (200 samples): 0.00%
2026-09-22 07:56:44 | INFO | step=56100 loss=0.2698 lr=7.40e-05 elapsed=2165s
2026-09-22 07:56:47 | INFO | step=56200 loss=0.0949 lr=7.40e-05 elapsed=2168s
2026-09-22 07:56:50 | INFO | step=56300 loss=0.1470 lr=7.40e-05 elapsed=2171s
2026-09-22 07:56:53 | INFO | step=56400 loss=0.1040 lr=7.40e-05 elapsed=2174s
2026-09-22 07:56:56 | INFO | step=56500 loss=0.0934 lr=7.39e-05 elapsed=2177s
2026-09-22 07:56:58 | INFO | step=56600 loss=0.0603 lr=7.39e-05 elapsed=2180s
2026-09-22 07:57:01 | INFO | step=56700 loss=0.1786 lr=7.39e-05 elapsed=2183s
2026-09-22 07:57:04 | INFO | step=56800 loss=0.2017 lr=7.39e-05 elapsed=2186s
2026-09-22 07:57:07 | INFO | step=56900 loss=0.1690 lr=7.39e-05 elapsed=2189s
2026-09-22 07:57:10 | INFO | step=57000 loss=0.1307 lr=7.38e-05 elapsed=2192s
2026-09-22 07:57:13 | INFO | step=57100 loss=0.1281 lr=7.38e-05 elapsed=2195s
2026-09-22 07:57:16 | INFO | step=57200 loss=0.2206 lr=7.38e-05 elapsed=2198s
2026-09-22 07:57:19 | INFO | step=57300 loss=0.1793 lr=7.38e-05 elapsed=2201s
2026-09-22 07:57:22 | INFO | step=57400 loss=0.0755 lr=7.37e-05 elapsed=2204s
2026-09-22 07:57:25 | INFO | step=57500 loss=0.1176 lr=7.37e-05 elapsed=2207s
2026-09-22 07:57:28 | INFO | step=57600 loss=0.1906 lr=7.37e-05 elapsed=2210s
2026-09-22 07:57:31 | INFO | step=57700 loss=0.1118 lr=7.37e-05 elapsed=2213s
2026-09-22 07:57:34 | INFO | step=57800 loss=0.1097 lr=7.37e-05 elapsed=2216s
2026-09-22 07:57:37 | INFO | step=57900 loss=0.2410 lr=7.36e-05 elapsed=2219s
2026-09-22 07:57:40 | INFO | step=58000 loss=0.0852 lr=7.36e-05 elapsed=2222s
2026-09-22 07:57:42 | INFO | [eval] step=58000 dev_loss=5.6130
2026-09-22 07:57:55 | INFO |   EM on dev subset (200 samples): 0.00%
2026-09-22 07:57:58 | INFO | step=58100 loss=0.1425 lr=7.36e-05 elapsed=2239s
2026-09-22 07:58:01 | INFO | step=58200 loss=0.0634 lr=7.36e-05 elapsed=2242s
2026-09-22 07:58:04 | INFO | step=58300 loss=0.0991 lr=7.35e-05 elapsed=2245s
2026-09-22 07:58:06 | INFO | step=58400 loss=0.0488 lr=7.35e-05 elapsed=2248s
2026-09-22 07:58:09 | INFO | step=58500 loss=0.1784 lr=7.35e-05 elapsed=2251s
2026-09-22 07:58:12 | INFO | step=58600 loss=0.2260 lr=7.35e-05 elapsed=2254s
2026-09-22 07:58:15 | INFO | step=58700 loss=0.0802 lr=7.34e-05 elapsed=2257s
2026-09-22 07:58:18 | INFO | step=58800 loss=0.0631 lr=7.34e-05 elapsed=2260s
2026-09-22 07:58:21 | INFO | step=58900 loss=0.0876 lr=7.34e-05 elapsed=2263s
2026-09-22 07:58:24 | INFO | step=59000 loss=0.0927 lr=7.34e-05 elapsed=2266s
2026-09-22 07:58:27 | INFO | step=59100 loss=0.0623 lr=7.34e-05 elapsed=2269s
2026-09-22 07:58:30 | INFO | step=59200 loss=0.0924 lr=7.33e-05 elapsed=2272s
2026-09-22 07:58:33 | INFO | step=59300 loss=0.0978 lr=7.33e-05 elapsed=2275s
2026-09-22 07:58:36 | INFO | step=59400 loss=0.1047 lr=7.33e-05 elapsed=2278s
2026-09-22 07:58:39 | INFO | step=59500 loss=0.0286 lr=7.33e-05 elapsed=2281s
2026-09-22 07:58:42 | INFO | step=59600 loss=0.0912 lr=7.32e-05 elapsed=2284s
2026-09-22 07:58:45 | INFO | step=59700 loss=0.0879 lr=7.32e-05 elapsed=2287s
2026-09-22 07:58:48 | INFO | step=59800 loss=0.1074 lr=7.32e-05 elapsed=2290s
2026-09-22 07:58:51 | INFO | step=59900 loss=0.0996 lr=7.32e-05 elapsed=2292s
2026-09-22 07:58:54 | INFO | step=60000 loss=0.0892 lr=7.31e-05 elapsed=2295s
2026-09-22 07:58:55 | INFO | [eval] step=60000 dev_loss=5.6238
2026-09-22 07:59:08 | INFO |   EM on dev subset (200 samples): 0.00%
2026-09-22 07:59:16 | INFO | step=60100 loss=0.0765 lr=7.31e-05 elapsed=2317s
2026-09-22 07:59:19 | INFO | step=60200 loss=0.1245 lr=7.31e-05 elapsed=2320s
2026-09-22 07:59:22 | INFO | step=60300 loss=0.0397 lr=7.31e-05 elapsed=2323s
2026-09-22 07:59:25 | INFO | step=60400 loss=0.0979 lr=7.30e-05 elapsed=2326s
2026-09-22 07:59:28 | INFO | step=60500 loss=0.0178 lr=7.30e-05 elapsed=2329s
2026-09-22 07:59:30 | INFO | step=60600 loss=0.1033 lr=7.30e-05 elapsed=2332s
2026-09-22 07:59:33 | INFO | step=60700 loss=0.1858 lr=7.30e-05 elapsed=2335s
2026-09-22 07:59:36 | INFO | step=60800 loss=0.0442 lr=7.29e-05 elapsed=2338s
2026-09-22 07:59:39 | INFO | step=60900 loss=0.1819 lr=7.29e-05 elapsed=2341s
2026-09-22 07:59:42 | INFO | step=61000 loss=0.2410 lr=7.29e-05 elapsed=2344s
2026-09-22 07:59:45 | INFO | step=61100 loss=0.1624 lr=7.29e-05 elapsed=2346s
2026-09-22 07:59:48 | INFO | step=61200 loss=0.1560 lr=7.29e-05 elapsed=2349s
2026-09-22 07:59:51 | INFO | step=61300 loss=0.0627 lr=7.28e-05 elapsed=2352s
2026-09-22 07:59:54 | INFO | step=61400 loss=0.0377 lr=7.28e-05 elapsed=2355s
2026-09-22 07:59:57 | INFO | step=61500 loss=0.0865 lr=7.28e-05 elapsed=2358s
2026-09-22 08:00:00 | INFO | step=61600 loss=0.1081 lr=7.28e-05 elapsed=2361s
2026-09-22 08:00:03 | INFO | step=61700 loss=0.0562 lr=7.27e-05 elapsed=2364s
2026-09-22 08:00:05 | INFO | step=61800 loss=0.0417 lr=7.27e-05 elapsed=2367s
2026-09-22 08:00:08 | INFO | step=61900 loss=0.0716 lr=7.27e-05 elapsed=2370s
2026-09-22 08:00:11 | INFO | step=62000 loss=0.0866 lr=7.27e-05 elapsed=2373s
2026-09-22 08:00:13 | INFO | [eval] step=62000 dev_loss=5.7365
2026-09-22 08:00:26 | INFO |   EM on dev subset (200 samples): 0.00%
2026-09-22 08:00:29 | INFO | step=62100 loss=0.0350 lr=7.26e-05 elapsed=2390s
2026-09-22 08:00:32 | INFO | step=62200 loss=0.0630 lr=7.26e-05 elapsed=2393s
2026-09-22 08:00:35 | INFO | step=62300 loss=0.2398 lr=7.26e-05 elapsed=2396s
2026-09-22 08:00:38 | INFO | step=62400 loss=0.0652 lr=7.26e-05 elapsed=2399s
2026-09-22 08:00:41 | INFO | step=62500 loss=0.0991 lr=7.25e-05 elapsed=2402s
2026-09-22 08:00:43 | INFO | step=62600 loss=0.1338 lr=7.25e-05 elapsed=2405s
2026-09-22 08:00:46 | INFO | step=62700 loss=0.0303 lr=7.25e-05 elapsed=2408s
2026-09-22 08:00:49 | INFO | step=62800 loss=0.0930 lr=7.25e-05 elapsed=2411s
2026-09-22 08:00:52 | INFO | step=62900 loss=0.1354 lr=7.24e-05 elapsed=2414s
2026-09-22 08:00:55 | INFO | step=63000 loss=0.0846 lr=7.24e-05 elapsed=2417s
2026-09-22 08:00:58 | INFO | step=63100 loss=0.1574 lr=7.24e-05 elapsed=2420s
2026-09-22 08:01:01 | INFO | step=63200 loss=0.1895 lr=7.24e-05 elapsed=2423s
2026-09-22 08:01:04 | INFO | step=63300 loss=0.1440 lr=7.23e-05 elapsed=2426s
2026-09-22 08:01:07 | INFO | step=63400 loss=0.1229 lr=7.23e-05 elapsed=2428s
2026-09-22 08:01:10 | INFO | step=63500 loss=0.0620 lr=7.23e-05 elapsed=2431s
2026-09-22 08:01:13 | INFO | step=63600 loss=0.0715 lr=7.23e-05 elapsed=2434s
2026-09-22 08:01:16 | INFO | step=63700 loss=0.1551 lr=7.22e-05 elapsed=2437s
2026-09-22 08:01:19 | INFO | step=63800 loss=0.0629 lr=7.22e-05 elapsed=2440s
2026-09-22 08:01:22 | INFO | step=63900 loss=0.0427 lr=7.22e-05 elapsed=2443s
2026-09-22 08:01:25 | INFO | step=64000 loss=0.0523 lr=7.22e-05 elapsed=2446s
2026-09-22 08:01:26 | INFO | [eval] step=64000 dev_loss=5.7071
2026-09-22 08:01:39 | INFO |   EM on dev subset (200 samples): 0.00%
2026-09-22 08:01:42 | INFO | step=64100 loss=0.0896 lr=7.21e-05 elapsed=2464s
2026-09-22 08:01:45 | INFO | step=64200 loss=0.1190 lr=7.21e-05 elapsed=2467s
2026-09-22 08:01:48 | INFO | step=64300 loss=0.1924 lr=7.21e-05 elapsed=2470s
2026-09-22 08:01:51 | INFO | step=64400 loss=0.0403 lr=7.21e-05 elapsed=2473s
2026-09-22 08:01:54 | INFO | step=64500 loss=0.1071 lr=7.20e-05 elapsed=2476s
2026-09-22 08:01:57 | INFO | step=64600 loss=0.1359 lr=7.20e-05 elapsed=2479s
2026-09-22 08:02:00 | INFO | step=64700 loss=0.1370 lr=7.20e-05 elapsed=2481s
2026-09-22 08:02:03 | INFO | step=64800 loss=0.1584 lr=7.20e-05 elapsed=2484s
2026-09-22 08:02:06 | INFO | step=64900 loss=0.0668 lr=7.19e-05 elapsed=2487s
2026-09-22 08:02:09 | INFO | step=65000 loss=0.0859 lr=7.19e-05 elapsed=2490s
2026-09-22 08:02:12 | INFO | step=65100 loss=0.0434 lr=7.19e-05 elapsed=2493s
2026-09-22 08:02:15 | INFO | step=65200 loss=0.0800 lr=7.19e-05 elapsed=2496s
2026-09-22 08:02:18 | INFO | step=65300 loss=0.0970 lr=7.18e-05 elapsed=2499s
2026-09-22 08:02:21 | INFO | step=65400 loss=0.0987 lr=7.18e-05 elapsed=2502s
2026-09-22 08:02:23 | INFO | step=65500 loss=0.0779 lr=7.18e-05 elapsed=2505s
2026-09-22 08:02:27 | INFO | step=65600 loss=0.1167 lr=7.18e-05 elapsed=2508s
2026-09-22 08:02:29 | INFO | step=65700 loss=0.0579 lr=7.17e-05 elapsed=2511s
2026-09-22 08:02:32 | INFO | step=65800 loss=0.0757 lr=7.17e-05 elapsed=2514s
2026-09-22 08:02:35 | INFO | step=65900 loss=0.0881 lr=7.17e-05 elapsed=2517s
2026-09-22 08:02:38 | INFO | step=66000 loss=0.0543 lr=7.16e-05 elapsed=2520s
2026-09-22 08:02:40 | INFO | [eval] step=66000 dev_loss=5.7641
2026-09-22 08:02:53 | INFO |   EM on dev subset (200 samples): 0.00%
2026-09-22 08:02:56 | INFO | step=66100 loss=0.1034 lr=7.16e-05 elapsed=2537s
2026-09-22 08:02:58 | INFO | step=66200 loss=0.2454 lr=7.16e-05 elapsed=2540s
2026-09-22 08:03:01 | INFO | step=66300 loss=0.2439 lr=7.16e-05 elapsed=2543s
2026-09-22 08:03:04 | INFO | step=66400 loss=0.0407 lr=7.15e-05 elapsed=2546s
2026-09-22 08:03:07 | INFO | step=66500 loss=0.0872 lr=7.15e-05 elapsed=2549s
2026-09-22 08:03:10 | INFO | step=66600 loss=0.0552 lr=7.15e-05 elapsed=2552s
2026-09-22 08:03:13 | INFO | step=66700 loss=0.0350 lr=7.15e-05 elapsed=2555s
2026-09-22 08:03:16 | INFO | step=66800 loss=0.0655 lr=7.14e-05 elapsed=2558s
2026-09-22 08:03:19 | INFO | step=66900 loss=0.0882 lr=7.14e-05 elapsed=2561s
2026-09-22 08:03:22 | INFO | step=67000 loss=0.1259 lr=7.14e-05 elapsed=2564s
2026-09-22 08:03:25 | INFO | step=67100 loss=0.0291 lr=7.14e-05 elapsed=2567s
2026-09-22 08:03:28 | INFO | step=67200 loss=0.1330 lr=7.13e-05 elapsed=2570s
2026-09-22 08:03:31 | INFO | step=67300 loss=0.0572 lr=7.13e-05 elapsed=2573s
2026-09-22 08:03:34 | INFO | step=67400 loss=0.0119 lr=7.13e-05 elapsed=2575s
2026-09-22 08:03:37 | INFO | step=67500 loss=0.0591 lr=7.13e-05 elapsed=2578s
2026-09-22 08:03:40 | INFO | step=67600 loss=0.1021 lr=7.12e-05 elapsed=2581s
2026-09-22 08:03:43 | INFO | step=67700 loss=0.1528 lr=7.12e-05 elapsed=2584s
2026-09-22 08:03:46 | INFO | step=67800 loss=0.0725 lr=7.12e-05 elapsed=2587s
2026-09-22 08:03:48 | INFO | step=67900 loss=0.0566 lr=7.11e-05 elapsed=2590s
2026-09-22 08:03:51 | INFO | step=68000 loss=0.0818 lr=7.11e-05 elapsed=2593s
2026-09-22 08:03:53 | INFO | [eval] step=68000 dev_loss=5.7385
2026-09-22 08:04:05 | INFO |   EM on dev subset (200 samples): 0.50%
2026-09-22 08:04:08 | INFO | step=68100 loss=0.1374 lr=7.11e-05 elapsed=2610s
2026-09-22 08:04:11 | INFO | step=68200 loss=0.0487 lr=7.11e-05 elapsed=2613s
2026-09-22 08:04:14 | INFO | step=68300 loss=0.1296 lr=7.10e-05 elapsed=2616s
2026-09-22 08:04:17 | INFO | step=68400 loss=0.0761 lr=7.10e-05 elapsed=2619s
2026-09-22 08:04:20 | INFO | step=68500 loss=0.0501 lr=7.10e-05 elapsed=2622s
2026-09-22 08:04:23 | INFO | step=68600 loss=0.0771 lr=7.10e-05 elapsed=2625s
2026-09-22 08:04:26 | INFO | step=68700 loss=0.0964 lr=7.09e-05 elapsed=2628s
2026-09-22 08:04:29 | INFO | step=68800 loss=0.0886 lr=7.09e-05 elapsed=2631s
2026-09-22 08:04:32 | INFO | step=68900 loss=0.0951 lr=7.09e-05 elapsed=2633s
2026-09-22 08:04:35 | INFO | step=69000 loss=0.0990 lr=7.09e-05 elapsed=2636s
2026-09-22 08:04:38 | INFO | step=69100 loss=0.0530 lr=7.08e-05 elapsed=2639s
2026-09-22 08:04:41 | INFO | step=69200 loss=0.1006 lr=7.08e-05 elapsed=2642s
2026-09-22 08:04:44 | INFO | step=69300 loss=0.0640 lr=7.08e-05 elapsed=2645s
2026-09-22 08:04:47 | INFO | step=69400 loss=0.1032 lr=7.07e-05 elapsed=2648s
2026-09-22 08:04:50 | INFO | step=69500 loss=0.1892 lr=7.07e-05 elapsed=2651s
2026-09-22 08:04:52 | INFO | step=69600 loss=0.1183 lr=7.07e-05 elapsed=2654s
2026-09-22 08:04:55 | INFO | step=69700 loss=0.0423 lr=7.07e-05 elapsed=2657s
2026-09-22 08:04:58 | INFO | step=69800 loss=0.0519 lr=7.06e-05 elapsed=2660s
2026-09-22 08:05:01 | INFO | step=69900 loss=0.1566 lr=7.06e-05 elapsed=2663s
2026-09-22 08:05:04 | INFO | step=70000 loss=0.0872 lr=7.06e-05 elapsed=2666s
2026-09-22 08:05:06 | INFO | [eval] step=70000 dev_loss=5.7901
2026-09-22 08:05:18 | INFO |   EM on dev subset (200 samples): 2.00%
2026-09-22 08:05:22 | INFO |   -> New best model saved (dev_loss=5.7901)
2026-09-22 08:05:25 | INFO | step=70100 loss=0.0384 lr=7.06e-05 elapsed=2687s
2026-09-22 08:05:28 | INFO | step=70200 loss=0.0399 lr=7.05e-05 elapsed=2690s
2026-09-22 08:05:31 | INFO | step=70300 loss=0.1188 lr=7.05e-05 elapsed=2693s
2026-09-22 08:05:34 | INFO | step=70400 loss=0.0786 lr=7.05e-05 elapsed=2696s
2026-09-22 08:05:37 | INFO | step=70500 loss=0.0429 lr=7.04e-05 elapsed=2698s
2026-09-22 08:05:40 | INFO | step=70600 loss=0.0847 lr=7.04e-05 elapsed=2701s
2026-09-22 08:05:43 | INFO | step=70700 loss=0.0466 lr=7.04e-05 elapsed=2704s
2026-09-22 08:05:46 | INFO | step=70800 loss=0.0557 lr=7.04e-05 elapsed=2707s
2026-09-22 08:05:48 | INFO | step=70900 loss=0.1296 lr=7.03e-05 elapsed=2710s
2026-09-22 08:05:51 | INFO | step=71000 loss=0.0997 lr=7.03e-05 elapsed=2713s
2026-09-22 08:05:54 | INFO | step=71100 loss=0.0330 lr=7.03e-05 elapsed=2716s
2026-09-22 08:05:57 | INFO | step=71200 loss=0.1607 lr=7.03e-05 elapsed=2719s
2026-09-22 08:06:00 | INFO | step=71300 loss=0.0574 lr=7.02e-05 elapsed=2722s
2026-09-22 08:06:03 | INFO | step=71400 loss=0.1268 lr=7.02e-05 elapsed=2725s
2026-09-22 08:06:06 | INFO | step=71500 loss=0.1451 lr=7.02e-05 elapsed=2728s
2026-09-22 08:06:09 | INFO | step=71600 loss=0.0384 lr=7.01e-05 elapsed=2731s
2026-09-22 08:06:12 | INFO | step=71700 loss=0.0753 lr=7.01e-05 elapsed=2733s
2026-09-22 08:06:15 | INFO | step=71800 loss=0.0138 lr=7.01e-05 elapsed=2736s
2026-09-22 08:06:18 | INFO | step=71900 loss=0.0402 lr=7.01e-05 elapsed=2739s
2026-09-22 08:06:21 | INFO | step=72000 loss=0.0747 lr=7.00e-05 elapsed=2742s
2026-09-22 08:06:23 | INFO | [eval] step=72000 dev_loss=5.7912
2026-09-22 08:06:34 | INFO |   EM on dev subset (200 samples): 0.50%
2026-09-22 08:06:37 | INFO | step=72100 loss=0.0508 lr=7.00e-05 elapsed=2758s
2026-09-22 08:06:39 | INFO | step=72200 loss=0.0576 lr=7.00e-05 elapsed=2761s
2026-09-22 08:06:42 | INFO | step=72300 loss=0.0609 lr=6.99e-05 elapsed=2764s
2026-09-22 08:06:45 | INFO | step=72400 loss=0.0274 lr=6.99e-05 elapsed=2767s
2026-09-22 08:06:48 | INFO | step=72500 loss=0.0543 lr=6.99e-05 elapsed=2770s
2026-09-22 08:06:51 | INFO | step=72600 loss=0.0758 lr=6.99e-05 elapsed=2773s
2026-09-22 08:06:54 | INFO | step=72700 loss=0.0436 lr=6.98e-05 elapsed=2776s
2026-09-22 08:06:57 | INFO | step=72800 loss=0.0300 lr=6.98e-05 elapsed=2779s
2026-09-22 08:07:00 | INFO | step=72900 loss=0.0694 lr=6.98e-05 elapsed=2782s
2026-09-22 08:07:03 | INFO | step=73000 loss=0.0516 lr=6.97e-05 elapsed=2785s
2026-09-22 08:07:06 | INFO | step=73100 loss=0.0827 lr=6.97e-05 elapsed=2788s
2026-09-22 08:07:09 | INFO | step=73200 loss=0.0316 lr=6.97e-05 elapsed=2791s
2026-09-22 08:07:12 | INFO | step=73300 loss=0.0254 lr=6.97e-05 elapsed=2793s
2026-09-22 08:07:15 | INFO | step=73400 loss=0.0294 lr=6.96e-05 elapsed=2796s
2026-09-22 08:07:18 | INFO | step=73500 loss=0.0569 lr=6.96e-05 elapsed=2799s
2026-09-22 08:07:21 | INFO | step=73600 loss=0.0712 lr=6.96e-05 elapsed=2802s
2026-09-22 08:07:23 | INFO | step=73700 loss=0.0127 lr=6.95e-05 elapsed=2805s
2026-09-22 08:07:26 | INFO | step=73800 loss=0.1074 lr=6.95e-05 elapsed=2808s
2026-09-22 08:07:29 | INFO | step=73900 loss=0.0920 lr=6.95e-05 elapsed=2811s
2026-09-22 08:07:32 | INFO | step=74000 loss=0.0469 lr=6.95e-05 elapsed=2814s
2026-09-22 08:07:34 | INFO | [eval] step=74000 dev_loss=5.7950
2026-09-22 08:07:47 | INFO |   EM on dev subset (200 samples): 0.00%
2026-09-22 08:07:50 | INFO | step=74100 loss=0.0695 lr=6.94e-05 elapsed=2831s
2026-09-22 08:07:53 | INFO | step=74200 loss=0.0630 lr=6.94e-05 elapsed=2834s
2026-09-22 08:07:56 | INFO | step=74300 loss=0.0446 lr=6.94e-05 elapsed=2837s
2026-09-22 08:07:59 | INFO | step=74400 loss=0.0411 lr=6.93e-05 elapsed=2840s
2026-09-22 08:08:02 | INFO | step=74500 loss=0.0543 lr=6.93e-05 elapsed=2843s
2026-09-22 08:08:05 | INFO | step=74600 loss=0.0326 lr=6.93e-05 elapsed=2846s
2026-09-22 08:08:08 | INFO | step=74700 loss=0.0175 lr=6.93e-05 elapsed=2849s
2026-09-22 08:08:11 | INFO | step=74800 loss=0.0343 lr=6.92e-05 elapsed=2852s
2026-09-22 08:08:14 | INFO | step=74900 loss=0.0626 lr=6.92e-05 elapsed=2855s
2026-09-22 08:08:17 | INFO | step=75000 loss=0.0766 lr=6.92e-05 elapsed=2858s
2026-09-22 08:08:20 | INFO | step=75100 loss=0.0543 lr=6.91e-05 elapsed=2861s
2026-09-22 08:08:22 | INFO | step=75200 loss=0.0513 lr=6.91e-05 elapsed=2864s
2026-09-22 08:08:25 | INFO | step=75300 loss=0.0689 lr=6.91e-05 elapsed=2867s
2026-09-22 08:08:28 | INFO | step=75400 loss=0.0608 lr=6.91e-05 elapsed=2870s
2026-09-22 08:08:31 | INFO | step=75500 loss=0.0240 lr=6.90e-05 elapsed=2873s
2026-09-22 08:08:34 | INFO | step=75600 loss=0.0254 lr=6.90e-05 elapsed=2876s
2026-09-22 08:08:37 | INFO | step=75700 loss=0.0435 lr=6.90e-05 elapsed=2879s
2026-09-22 08:08:40 | INFO | step=75800 loss=0.0804 lr=6.89e-05 elapsed=2882s
2026-09-22 08:08:43 | INFO | step=75900 loss=0.0357 lr=6.89e-05 elapsed=2885s
2026-09-22 08:08:46 | INFO | step=76000 loss=0.0335 lr=6.89e-05 elapsed=2888s
2026-09-22 08:08:48 | INFO | [eval] step=76000 dev_loss=5.9964
2026-09-22 08:08:59 | INFO |   EM on dev subset (200 samples): 0.50%
2026-09-22 08:09:02 | INFO | step=76100 loss=0.0347 lr=6.88e-05 elapsed=2903s
2026-09-22 08:09:05 | INFO | step=76200 loss=0.0500 lr=6.88e-05 elapsed=2906s
2026-09-22 08:09:08 | INFO | step=76300 loss=0.1251 lr=6.88e-05 elapsed=2909s
2026-09-22 08:09:11 | INFO | step=76400 loss=0.0463 lr=6.88e-05 elapsed=2912s
2026-09-22 08:09:14 | INFO | step=76500 loss=0.0526 lr=6.87e-05 elapsed=2915s
2026-09-22 08:09:16 | INFO | step=76600 loss=0.1424 lr=6.87e-05 elapsed=2918s
2026-09-22 08:09:19 | INFO | step=76700 loss=0.0650 lr=6.87e-05 elapsed=2921s
2026-09-22 08:09:22 | INFO | step=76800 loss=0.0881 lr=6.86e-05 elapsed=2924s
2026-09-22 08:09:25 | INFO | step=76900 loss=0.0591 lr=6.86e-05 elapsed=2927s
2026-09-22 08:09:28 | INFO | step=77000 loss=0.1051 lr=6.86e-05 elapsed=2930s
2026-09-22 08:09:31 | INFO | step=77100 loss=0.0488 lr=6.86e-05 elapsed=2933s
2026-09-22 08:09:34 | INFO | step=77200 loss=0.0178 lr=6.85e-05 elapsed=2936s
2026-09-22 08:09:37 | INFO | step=77300 loss=0.0361 lr=6.85e-05 elapsed=2939s
2026-09-22 08:09:40 | INFO | step=77400 loss=0.0305 lr=6.85e-05 elapsed=2942s
2026-09-22 08:09:43 | INFO | step=77500 loss=0.0445 lr=6.84e-05 elapsed=2945s
2026-09-22 08:09:46 | INFO | step=77600 loss=0.0392 lr=6.84e-05 elapsed=2948s
2026-09-22 08:09:49 | INFO | step=77700 loss=0.0689 lr=6.84e-05 elapsed=2951s
2026-09-22 08:09:52 | INFO | step=77800 loss=0.0170 lr=6.83e-05 elapsed=2953s
2026-09-22 08:09:55 | INFO | step=77900 loss=0.1433 lr=6.83e-05 elapsed=2956s
2026-09-22 08:09:58 | INFO | step=78000 loss=0.0485 lr=6.83e-05 elapsed=2959s
2026-09-22 08:09:59 | INFO | [eval] step=78000 dev_loss=5.9528
2026-09-22 08:10:11 | INFO |   EM on dev subset (200 samples): 1.00%
2026-09-22 08:10:14 | INFO | step=78100 loss=0.0671 lr=6.83e-05 elapsed=2976s
2026-09-22 08:10:17 | INFO | step=78200 loss=0.0664 lr=6.82e-05 elapsed=2979s
2026-09-22 08:10:20 | INFO | step=78300 loss=0.0243 lr=6.82e-05 elapsed=2981s
2026-09-22 08:10:23 | INFO | step=78400 loss=0.0426 lr=6.82e-05 elapsed=2984s
2026-09-22 08:10:26 | INFO | step=78500 loss=0.0375 lr=6.81e-05 elapsed=2987s
2026-09-22 08:10:29 | INFO | step=78600 loss=0.0670 lr=6.81e-05 elapsed=2990s
2026-09-22 08:10:32 | INFO | step=78700 loss=0.0164 lr=6.81e-05 elapsed=2993s
2026-09-22 08:10:35 | INFO | step=78800 loss=0.0261 lr=6.80e-05 elapsed=2996s
2026-09-22 08:10:38 | INFO | step=78900 loss=0.0230 lr=6.80e-05 elapsed=2999s
2026-09-22 08:10:41 | INFO | step=79000 loss=0.0388 lr=6.80e-05 elapsed=3002s
2026-09-22 08:10:44 | INFO | step=79100 loss=0.0223 lr=6.80e-05 elapsed=3005s
2026-09-22 08:10:46 | INFO | step=79200 loss=0.0386 lr=6.79e-05 elapsed=3008s
2026-09-22 08:10:49 | INFO | step=79300 loss=0.0775 lr=6.79e-05 elapsed=3011s
2026-09-22 08:10:52 | INFO | step=79400 loss=0.0319 lr=6.79e-05 elapsed=3014s
2026-09-22 08:10:55 | INFO | step=79500 loss=0.0716 lr=6.78e-05 elapsed=3017s
2026-09-22 08:10:58 | INFO | step=79600 loss=0.0314 lr=6.78e-05 elapsed=3020s
2026-09-22 08:11:01 | INFO | step=79700 loss=0.0295 lr=6.78e-05 elapsed=3023s
2026-09-22 08:11:04 | INFO | step=79800 loss=0.0216 lr=6.77e-05 elapsed=3026s
2026-09-22 08:11:07 | INFO | step=79900 loss=0.0740 lr=6.77e-05 elapsed=3029s
2026-09-22 08:11:10 | INFO | step=80000 loss=0.0416 lr=6.77e-05 elapsed=3032s
2026-09-22 08:11:12 | INFO | [eval] step=80000 dev_loss=5.9632
2026-09-22 08:11:23 | INFO |   EM on dev subset (200 samples): 1.00%
2026-09-22 08:11:30 | INFO | step=80100 loss=0.1155 lr=6.76e-05 elapsed=3052s
2026-09-22 08:11:33 | INFO | step=80200 loss=0.0678 lr=6.76e-05 elapsed=3055s
2026-09-22 08:11:36 | INFO | step=80300 loss=0.0337 lr=6.76e-05 elapsed=3058s
2026-09-22 08:11:39 | INFO | step=80400 loss=0.0490 lr=6.76e-05 elapsed=3061s
2026-09-22 08:11:42 | INFO | step=80500 loss=0.0157 lr=6.75e-05 elapsed=3064s
2026-09-22 08:11:45 | INFO | step=80600 loss=0.0416 lr=6.75e-05 elapsed=3067s
2026-09-22 08:11:48 | INFO | step=80700 loss=0.0393 lr=6.75e-05 elapsed=3070s
2026-09-22 08:11:51 | INFO | step=80800 loss=0.0317 lr=6.74e-05 elapsed=3073s
2026-09-22 08:11:54 | INFO | step=80900 loss=0.0126 lr=6.74e-05 elapsed=3076s
2026-09-22 08:11:57 | INFO | step=81000 loss=0.0608 lr=6.74e-05 elapsed=3078s
2026-09-22 08:12:00 | INFO | step=81100 loss=0.0677 lr=6.73e-05 elapsed=3081s
2026-09-22 08:12:03 | INFO | step=81200 loss=0.0584 lr=6.73e-05 elapsed=3084s
2026-09-22 08:12:06 | INFO | step=81300 loss=0.0423 lr=6.73e-05 elapsed=3087s
2026-09-22 08:12:09 | INFO | step=81400 loss=0.0683 lr=6.72e-05 elapsed=3090s
2026-09-22 08:12:12 | INFO | step=81500 loss=0.0441 lr=6.72e-05 elapsed=3093s
2026-09-22 08:12:15 | INFO | step=81600 loss=0.0209 lr=6.72e-05 elapsed=3096s
2026-09-22 08:12:18 | INFO | step=81700 loss=0.0084 lr=6.72e-05 elapsed=3099s
2026-09-22 08:12:21 | INFO | step=81800 loss=0.0483 lr=6.71e-05 elapsed=3102s
2026-09-22 08:12:24 | INFO | step=81900 loss=0.0354 lr=6.71e-05 elapsed=3105s
2026-09-22 08:12:27 | INFO | step=82000 loss=0.0245 lr=6.71e-05 elapsed=3108s
2026-09-22 08:12:28 | INFO | [eval] step=82000 dev_loss=5.9965
2026-09-22 08:12:42 | INFO |   EM on dev subset (200 samples): 0.50%
2026-09-22 08:12:45 | INFO | step=82100 loss=0.0538 lr=6.70e-05 elapsed=3127s
2026-09-22 08:12:48 | INFO | step=82200 loss=0.0733 lr=6.70e-05 elapsed=3130s
2026-09-22 08:12:51 | INFO | step=82300 loss=0.0387 lr=6.70e-05 elapsed=3133s
2026-09-22 08:12:54 | INFO | step=82400 loss=0.0170 lr=6.69e-05 elapsed=3136s
2026-09-22 08:12:57 | INFO | step=82500 loss=0.0331 lr=6.69e-05 elapsed=3139s
2026-09-22 08:13:00 | INFO | step=82600 loss=0.0264 lr=6.69e-05 elapsed=3142s
2026-09-22 08:13:03 | INFO | step=82700 loss=0.0237 lr=6.68e-05 elapsed=3145s
2026-09-22 08:13:06 | INFO | step=82800 loss=0.1415 lr=6.68e-05 elapsed=3148s
2026-09-22 08:13:09 | INFO | step=82900 loss=0.0164 lr=6.68e-05 elapsed=3151s
2026-09-22 08:13:12 | INFO | step=83000 loss=0.0249 lr=6.67e-05 elapsed=3154s
2026-09-22 08:13:15 | INFO | step=83100 loss=0.0579 lr=6.67e-05 elapsed=3157s
2026-09-22 08:13:18 | INFO | step=83200 loss=0.0408 lr=6.67e-05 elapsed=3160s
2026-09-22 08:13:21 | INFO | step=83300 loss=0.0432 lr=6.66e-05 elapsed=3162s
2026-09-22 08:13:24 | INFO | step=83400 loss=0.0348 lr=6.66e-05 elapsed=3165s
2026-09-22 08:13:27 | INFO | step=83500 loss=0.0350 lr=6.66e-05 elapsed=3168s
2026-09-22 08:13:30 | INFO | step=83600 loss=0.0614 lr=6.66e-05 elapsed=3171s
2026-09-22 08:13:33 | INFO | step=83700 loss=0.0437 lr=6.65e-05 elapsed=3174s
2026-09-22 08:13:36 | INFO | step=83800 loss=0.0553 lr=6.65e-05 elapsed=3177s
2026-09-22 08:13:39 | INFO | step=83900 loss=0.0604 lr=6.65e-05 elapsed=3180s
2026-09-22 08:13:42 | INFO | step=84000 loss=0.0662 lr=6.64e-05 elapsed=3183s
2026-09-22 08:13:43 | INFO | [eval] step=84000 dev_loss=6.0025
2026-09-22 08:13:58 | INFO |   EM on dev subset (200 samples): 0.00%
2026-09-22 08:14:01 | INFO | step=84100 loss=0.0245 lr=6.64e-05 elapsed=3203s
2026-09-22 08:14:04 | INFO | step=84200 loss=0.0301 lr=6.64e-05 elapsed=3206s
2026-09-22 08:14:07 | INFO | step=84300 loss=0.0656 lr=6.63e-05 elapsed=3209s
2026-09-22 08:14:10 | INFO | step=84400 loss=0.0390 lr=6.63e-05 elapsed=3212s
2026-09-22 08:14:13 | INFO | step=84500 loss=0.0474 lr=6.63e-05 elapsed=3215s
2026-09-22 08:14:16 | INFO | step=84600 loss=0.0200 lr=6.62e-05 elapsed=3218s
2026-09-22 08:14:19 | INFO | step=84700 loss=0.0609 lr=6.62e-05 elapsed=3221s
2026-09-22 08:14:22 | INFO | step=84800 loss=0.0440 lr=6.62e-05 elapsed=3224s
2026-09-22 08:14:25 | INFO | step=84900 loss=0.0562 lr=6.61e-05 elapsed=3227s
2026-09-22 08:14:28 | INFO | step=85000 loss=0.0169 lr=6.61e-05 elapsed=3230s
2026-09-22 08:14:31 | INFO | step=85100 loss=0.0106 lr=6.61e-05 elapsed=3233s
2026-09-22 08:14:34 | INFO | step=85200 loss=0.0636 lr=6.60e-05 elapsed=3235s
2026-09-22 08:14:37 | INFO | step=85300 loss=0.0079 lr=6.60e-05 elapsed=3238s
2026-09-22 08:14:40 | INFO | step=85400 loss=0.0411 lr=6.60e-05 elapsed=3241s
2026-09-22 08:14:43 | INFO | step=85500 loss=0.0084 lr=6.59e-05 elapsed=3244s
2026-09-22 08:14:46 | INFO | step=85600 loss=0.0785 lr=6.59e-05 elapsed=3247s
2026-09-22 08:14:49 | INFO | step=85700 loss=0.0197 lr=6.59e-05 elapsed=3250s
2026-09-22 08:14:52 | INFO | step=85800 loss=0.0241 lr=6.58e-05 elapsed=3253s
2026-09-22 08:14:54 | INFO | step=85900 loss=0.0278 lr=6.58e-05 elapsed=3256s
2026-09-22 08:14:57 | INFO | step=86000 loss=0.0297 lr=6.58e-05 elapsed=3259s
2026-09-22 08:14:59 | INFO | [eval] step=86000 dev_loss=5.9415
2026-09-22 08:15:11 | INFO |   EM on dev subset (200 samples): 0.00%
2026-09-22 08:15:14 | INFO | step=86100 loss=0.0384 lr=6.58e-05 elapsed=3276s
2026-09-22 08:15:17 | INFO | step=86200 loss=0.0087 lr=6.57e-05 elapsed=3279s
2026-09-22 08:15:20 | INFO | step=86300 loss=0.0413 lr=6.57e-05 elapsed=3282s
2026-09-22 08:15:23 | INFO | step=86400 loss=0.0260 lr=6.57e-05 elapsed=3285s
2026-09-22 08:15:26 | INFO | step=86500 loss=0.0137 lr=6.56e-05 elapsed=3288s
2026-09-22 08:15:29 | INFO | step=86600 loss=0.0427 lr=6.56e-05 elapsed=3291s
2026-09-22 08:15:32 | INFO | step=86700 loss=0.0530 lr=6.56e-05 elapsed=3293s
2026-09-22 08:15:35 | INFO | step=86800 loss=0.1165 lr=6.55e-05 elapsed=3296s
2026-09-22 08:15:38 | INFO | step=86900 loss=0.0572 lr=6.55e-05 elapsed=3299s
2026-09-22 08:15:41 | INFO | step=87000 loss=0.0283 lr=6.55e-05 elapsed=3302s
2026-09-22 08:15:44 | INFO | step=87100 loss=0.0252 lr=6.54e-05 elapsed=3305s
2026-09-22 08:15:47 | INFO | step=87200 loss=0.0729 lr=6.54e-05 elapsed=3308s
2026-09-22 08:15:50 | INFO | step=87300 loss=0.0133 lr=6.54e-05 elapsed=3311s
2026-09-22 08:15:53 | INFO | step=87400 loss=0.0351 lr=6.53e-05 elapsed=3314s
2026-09-22 08:15:56 | INFO | step=87500 loss=0.0579 lr=6.53e-05 elapsed=3317s
2026-09-22 08:15:59 | INFO | step=87600 loss=0.0273 lr=6.53e-05 elapsed=3320s
2026-09-22 08:16:02 | INFO | step=87700 loss=0.0524 lr=6.52e-05 elapsed=3323s
2026-09-22 08:16:04 | INFO | step=87800 loss=0.0181 lr=6.52e-05 elapsed=3326s
2026-09-22 08:16:07 | INFO | step=87900 loss=0.0409 lr=6.52e-05 elapsed=3329s
2026-09-22 08:16:10 | INFO | step=88000 loss=0.0238 lr=6.51e-05 elapsed=3332s
2026-09-22 08:16:12 | INFO | [eval] step=88000 dev_loss=6.0645
2026-09-22 08:16:23 | INFO |   EM on dev subset (200 samples): 0.00%
2026-09-22 08:16:26 | INFO | step=88100 loss=0.0556 lr=6.51e-05 elapsed=3348s
2026-09-22 08:16:29 | INFO | step=88200 loss=0.0187 lr=6.51e-05 elapsed=3351s
2026-09-22 08:16:32 | INFO | step=88300 loss=0.0719 lr=6.50e-05 elapsed=3354s
2026-09-22 08:16:35 | INFO | step=88400 loss=0.0498 lr=6.50e-05 elapsed=3357s
2026-09-22 08:16:38 | INFO | step=88500 loss=0.0238 lr=6.50e-05 elapsed=3360s
2026-09-22 08:16:41 | INFO | step=88600 loss=0.0853 lr=6.49e-05 elapsed=3363s
2026-09-22 08:16:44 | INFO | step=88700 loss=0.0438 lr=6.49e-05 elapsed=3366s
2026-09-22 08:16:47 | INFO | step=88800 loss=0.0238 lr=6.49e-05 elapsed=3369s
2026-09-22 08:16:50 | INFO | step=88900 loss=0.0243 lr=6.48e-05 elapsed=3371s
2026-09-22 08:16:53 | INFO | step=89000 loss=0.0204 lr=6.48e-05 elapsed=3374s
2026-09-22 08:16:56 | INFO | step=89100 loss=0.0480 lr=6.48e-05 elapsed=3377s
2026-09-22 08:16:59 | INFO | step=89200 loss=0.0877 lr=6.47e-05 elapsed=3380s
2026-09-22 08:17:02 | INFO | step=89300 loss=0.0203 lr=6.47e-05 elapsed=3383s
2026-09-22 08:17:05 | INFO | step=89400 loss=0.0427 lr=6.47e-05 elapsed=3386s
2026-09-22 08:17:08 | INFO | step=89500 loss=0.0477 lr=6.46e-05 elapsed=3389s
2026-09-22 08:17:11 | INFO | step=89600 loss=0.0794 lr=6.46e-05 elapsed=3392s
2026-09-22 08:17:14 | INFO | step=89700 loss=0.0247 lr=6.46e-05 elapsed=3395s
2026-09-22 08:17:17 | INFO | step=89800 loss=0.0415 lr=6.45e-05 elapsed=3398s
2026-09-22 08:17:20 | INFO | step=89900 loss=0.0120 lr=6.45e-05 elapsed=3401s
2026-09-22 08:17:23 | INFO | step=90000 loss=0.0245 lr=6.45e-05 elapsed=3404s
2026-09-22 08:17:24 | INFO | [eval] step=90000 dev_loss=6.1250
2026-09-22 08:17:37 | INFO |   EM on dev subset (200 samples): 0.50%
2026-09-22 08:17:40 | INFO | step=90100 loss=0.0276 lr=6.44e-05 elapsed=3421s
2026-09-22 08:17:43 | INFO | step=90200 loss=0.0373 lr=6.44e-05 elapsed=3424s
2026-09-22 08:17:46 | INFO | step=90300 loss=0.0203 lr=6.44e-05 elapsed=3427s
2026-09-22 08:17:49 | INFO | step=90400 loss=0.0229 lr=6.43e-05 elapsed=3430s
2026-09-22 08:17:52 | INFO | step=90500 loss=0.0260 lr=6.43e-05 elapsed=3433s
2026-09-22 08:17:55 | INFO | step=90600 loss=0.0388 lr=6.43e-05 elapsed=3436s
2026-09-22 08:17:57 | INFO | step=90700 loss=0.0580 lr=6.42e-05 elapsed=3439s
2026-09-22 08:18:00 | INFO | step=90800 loss=0.0235 lr=6.42e-05 elapsed=3442s
2026-09-22 08:18:03 | INFO | step=90900 loss=0.0150 lr=6.42e-05 elapsed=3445s
2026-09-22 08:18:06 | INFO | step=91000 loss=0.0371 lr=6.41e-05 elapsed=3448s
2026-09-22 08:18:09 | INFO | step=91100 loss=0.0380 lr=6.41e-05 elapsed=3451s
2026-09-22 08:18:12 | INFO | step=91200 loss=0.0374 lr=6.41e-05 elapsed=3454s
2026-09-22 08:18:15 | INFO | step=91300 loss=0.0249 lr=6.40e-05 elapsed=3457s
2026-09-22 08:18:18 | INFO | step=91400 loss=0.0134 lr=6.40e-05 elapsed=3460s
2026-09-22 08:18:21 | INFO | step=91500 loss=0.0167 lr=6.40e-05 elapsed=3463s
2026-09-22 08:18:24 | INFO | step=91600 loss=0.0302 lr=6.39e-05 elapsed=3466s
2026-09-22 08:18:27 | INFO | step=91700 loss=0.0284 lr=6.39e-05 elapsed=3469s
2026-09-22 08:18:30 | INFO | step=91800 loss=0.0187 lr=6.39e-05 elapsed=3471s
2026-09-22 08:18:33 | INFO | step=91900 loss=0.0326 lr=6.38e-05 elapsed=3474s
2026-09-22 08:18:36 | INFO | step=92000 loss=0.0242 lr=6.38e-05 elapsed=3477s
2026-09-22 08:18:37 | INFO | [eval] step=92000 dev_loss=6.0688
2026-09-22 08:18:47 | INFO |   EM on dev subset (200 samples): 1.00%
2026-09-22 08:18:50 | INFO | step=92100 loss=0.0455 lr=6.38e-05 elapsed=3492s
2026-09-22 08:18:53 | INFO | step=92200 loss=0.0194 lr=6.37e-05 elapsed=3495s
2026-09-22 08:18:56 | INFO | step=92300 loss=0.0285 lr=6.37e-05 elapsed=3498s
2026-09-22 08:18:59 | INFO | step=92400 loss=0.0296 lr=6.36e-05 elapsed=3501s
2026-09-22 08:19:02 | INFO | step=92500 loss=0.0940 lr=6.36e-05 elapsed=3504s
2026-09-22 08:19:05 | INFO | step=92600 loss=0.0236 lr=6.36e-05 elapsed=3507s
2026-09-22 08:19:08 | INFO | step=92700 loss=0.0165 lr=6.35e-05 elapsed=3510s
2026-09-22 08:19:11 | INFO | step=92800 loss=0.0557 lr=6.35e-05 elapsed=3513s
2026-09-22 08:19:14 | INFO | step=92900 loss=0.0165 lr=6.35e-05 elapsed=3516s
2026-09-22 08:19:17 | INFO | step=93000 loss=0.0336 lr=6.34e-05 elapsed=3518s
2026-09-22 08:19:20 | INFO | step=93100 loss=0.0111 lr=6.34e-05 elapsed=3521s
2026-09-22 08:19:23 | INFO | step=93200 loss=0.0430 lr=6.34e-05 elapsed=3524s
2026-09-22 08:19:26 | INFO | step=93300 loss=0.0348 lr=6.33e-05 elapsed=3527s
2026-09-22 08:19:29 | INFO | step=93400 loss=0.0750 lr=6.33e-05 elapsed=3530s
2026-09-22 08:19:32 | INFO | step=93500 loss=0.0368 lr=6.33e-05 elapsed=3533s
2026-09-22 08:19:35 | INFO | step=93600 loss=0.0486 lr=6.32e-05 elapsed=3536s
2026-09-22 08:19:38 | INFO | step=93700 loss=0.0129 lr=6.32e-05 elapsed=3539s
2026-09-22 08:19:41 | INFO | step=93800 loss=0.0326 lr=6.32e-05 elapsed=3542s
2026-09-22 08:19:43 | INFO | step=93900 loss=0.1244 lr=6.31e-05 elapsed=3545s
2026-09-22 08:19:46 | INFO | step=94000 loss=0.0094 lr=6.31e-05 elapsed=3548s
2026-09-22 08:19:48 | INFO | [eval] step=94000 dev_loss=6.0370
2026-09-22 08:20:00 | INFO |   EM on dev subset (200 samples): 1.50%
2026-09-22 08:20:03 | INFO | step=94100 loss=0.0500 lr=6.31e-05 elapsed=3564s
2026-09-22 08:20:06 | INFO | step=94200 loss=0.0267 lr=6.30e-05 elapsed=3567s
2026-09-22 08:20:09 | INFO | step=94300 loss=0.0709 lr=6.30e-05 elapsed=3570s
2026-09-22 08:20:12 | INFO | step=94400 loss=0.0830 lr=6.30e-05 elapsed=3573s
2026-09-22 08:20:15 | INFO | step=94500 loss=0.0239 lr=6.29e-05 elapsed=3576s
2026-09-22 08:20:18 | INFO | step=94600 loss=0.0386 lr=6.29e-05 elapsed=3579s
2026-09-22 08:20:21 | INFO | step=94700 loss=0.0655 lr=6.29e-05 elapsed=3582s
2026-09-22 08:20:23 | INFO | step=94800 loss=0.0439 lr=6.28e-05 elapsed=3585s
2026-09-22 08:20:26 | INFO | step=94900 loss=0.0074 lr=6.28e-05 elapsed=3588s
2026-09-22 08:20:29 | INFO | step=95000 loss=0.0102 lr=6.27e-05 elapsed=3591s
2026-09-22 08:20:32 | INFO | step=95100 loss=0.0160 lr=6.27e-05 elapsed=3594s
2026-09-22 08:20:35 | INFO | step=95200 loss=0.0160 lr=6.27e-05 elapsed=3597s
2026-09-22 08:20:38 | INFO | step=95300 loss=0.0231 lr=6.26e-05 elapsed=3600s
2026-09-22 08:20:41 | INFO | step=95400 loss=0.0272 lr=6.26e-05 elapsed=3603s
2026-09-22 08:20:44 | INFO | step=95500 loss=0.0089 lr=6.26e-05 elapsed=3606s
2026-09-22 08:20:47 | INFO | step=95600 loss=0.0156 lr=6.25e-05 elapsed=3609s
2026-09-22 08:20:50 | INFO | step=95700 loss=0.0136 lr=6.25e-05 elapsed=3612s
2026-09-22 08:20:53 | INFO | step=95800 loss=0.0443 lr=6.25e-05 elapsed=3615s
2026-09-22 08:20:56 | INFO | step=95900 loss=0.0070 lr=6.24e-05 elapsed=3618s
2026-09-22 08:20:59 | INFO | step=96000 loss=0.0356 lr=6.24e-05 elapsed=3621s
2026-09-22 08:21:01 | INFO | [eval] step=96000 dev_loss=6.1158
2026-09-22 08:21:11 | INFO |   EM on dev subset (200 samples): 2.00%
2026-09-22 08:21:14 | INFO | step=96100 loss=0.0335 lr=6.24e-05 elapsed=3636s
2026-09-22 08:21:17 | INFO | step=96200 loss=0.0176 lr=6.23e-05 elapsed=3639s
2026-09-22 08:21:20 | INFO | step=96300 loss=0.0160 lr=6.23e-05 elapsed=3642s
2026-09-22 08:21:23 | INFO | step=96400 loss=0.0162 lr=6.23e-05 elapsed=3645s
2026-09-22 08:21:26 | INFO | step=96500 loss=0.0496 lr=6.22e-05 elapsed=3648s
2026-09-22 08:21:29 | INFO | step=96600 loss=0.0337 lr=6.22e-05 elapsed=3650s
2026-09-22 08:21:32 | INFO | step=96700 loss=0.0557 lr=6.22e-05 elapsed=3653s
2026-09-22 08:21:35 | INFO | step=96800 loss=0.0551 lr=6.21e-05 elapsed=3656s
2026-09-22 08:21:38 | INFO | step=96900 loss=0.0153 lr=6.21e-05 elapsed=3659s
2026-09-22 08:21:41 | INFO | step=97000 loss=0.0075 lr=6.20e-05 elapsed=3662s
2026-09-22 08:21:44 | INFO | step=97100 loss=0.0419 lr=6.20e-05 elapsed=3665s
2026-09-22 08:21:47 | INFO | step=97200 loss=0.0111 lr=6.20e-05 elapsed=3668s
2026-09-22 08:21:50 | INFO | step=97300 loss=0.0073 lr=6.19e-05 elapsed=3671s
2026-09-22 08:21:53 | INFO | step=97400 loss=0.0096 lr=6.19e-05 elapsed=3674s
2026-09-22 08:21:56 | INFO | step=97500 loss=0.0160 lr=6.19e-05 elapsed=3677s
2026-09-22 08:21:58 | INFO | step=97600 loss=0.0388 lr=6.18e-05 elapsed=3680s
2026-09-22 08:22:01 | INFO | step=97700 loss=0.0287 lr=6.18e-05 elapsed=3683s
2026-09-22 08:22:04 | INFO | step=97800 loss=0.0220 lr=6.18e-05 elapsed=3686s
2026-09-22 08:22:07 | INFO | step=97900 loss=0.0090 lr=6.17e-05 elapsed=3689s
2026-09-22 08:22:10 | INFO | step=98000 loss=0.0128 lr=6.17e-05 elapsed=3692s
2026-09-22 08:22:12 | INFO | [eval] step=98000 dev_loss=6.1871
2026-09-22 08:22:22 | INFO |   EM on dev subset (200 samples): 2.00%
2026-09-22 08:22:25 | INFO | step=98100 loss=0.0125 lr=6.17e-05 elapsed=3707s
2026-09-22 08:22:28 | INFO | step=98200 loss=0.0094 lr=6.16e-05 elapsed=3710s
2026-09-22 08:22:31 | INFO | step=98300 loss=0.0074 lr=6.16e-05 elapsed=3713s
2026-09-22 08:22:34 | INFO | step=98400 loss=0.0084 lr=6.15e-05 elapsed=3716s
2026-09-22 08:22:37 | INFO | step=98500 loss=0.0065 lr=6.15e-05 elapsed=3719s
2026-09-22 08:22:40 | INFO | step=98600 loss=0.0092 lr=6.15e-05 elapsed=3721s
2026-09-22 08:22:43 | INFO | step=98700 loss=0.0147 lr=6.14e-05 elapsed=3724s
2026-09-22 08:22:46 | INFO | step=98800 loss=0.0142 lr=6.14e-05 elapsed=3727s
2026-09-22 08:22:49 | INFO | step=98900 loss=0.0167 lr=6.14e-05 elapsed=3730s
2026-09-22 08:22:52 | INFO | step=99000 loss=0.0098 lr=6.13e-05 elapsed=3733s
2026-09-22 08:22:55 | INFO | step=99100 loss=0.0033 lr=6.13e-05 elapsed=3736s
2026-09-22 08:22:58 | INFO | step=99200 loss=0.0295 lr=6.13e-05 elapsed=3739s
2026-09-22 08:23:01 | INFO | step=99300 loss=0.0199 lr=6.12e-05 elapsed=3742s
2026-09-22 08:23:04 | INFO | step=99400 loss=0.0129 lr=6.12e-05 elapsed=3745s
2026-09-22 08:23:07 | INFO | step=99500 loss=0.0126 lr=6.12e-05 elapsed=3748s
2026-09-22 08:23:10 | INFO | step=99600 loss=0.0186 lr=6.11e-05 elapsed=3751s
2026-09-22 08:23:12 | INFO | step=99700 loss=0.0404 lr=6.11e-05 elapsed=3754s
2026-09-22 08:23:15 | INFO | step=99800 loss=0.0176 lr=6.10e-05 elapsed=3757s
2026-09-22 08:23:18 | INFO | step=99900 loss=0.0271 lr=6.10e-05 elapsed=3760s
2026-09-22 08:23:21 | INFO | step=100000 loss=0.0258 lr=6.10e-05 elapsed=3763s
2026-09-22 08:23:23 | INFO | [eval] step=100000 dev_loss=6.0810
2026-09-22 08:23:34 | INFO |   EM on dev subset (200 samples): 0.50%
2026-09-22 08:23:42 | INFO | step=100100 loss=0.0056 lr=6.09e-05 elapsed=3783s
2026-09-22 08:23:44 | INFO | step=100200 loss=0.0279 lr=6.09e-05 elapsed=3786s
2026-09-22 08:23:47 | INFO | step=100300 loss=0.0418 lr=6.09e-05 elapsed=3789s
2026-09-22 08:23:50 | INFO | step=100400 loss=0.0134 lr=6.08e-05 elapsed=3792s
2026-09-22 08:23:53 | INFO | step=100500 loss=0.0047 lr=6.08e-05 elapsed=3795s
2026-09-22 08:23:56 | INFO | step=100600 loss=0.0080 lr=6.08e-05 elapsed=3798s
2026-09-22 08:23:59 | INFO | step=100700 loss=0.0084 lr=6.07e-05 elapsed=3801s
2026-09-22 08:24:02 | INFO | step=100800 loss=0.0187 lr=6.07e-05 elapsed=3804s
2026-09-22 08:24:05 | INFO | step=100900 loss=0.0540 lr=6.06e-05 elapsed=3807s
2026-09-22 08:24:08 | INFO | step=101000 loss=0.0897 lr=6.06e-05 elapsed=3810s
2026-09-22 08:24:11 | INFO | step=101100 loss=0.0332 lr=6.06e-05 elapsed=3813s
2026-09-22 08:24:14 | INFO | step=101200 loss=0.0097 lr=6.05e-05 elapsed=3816s
2026-09-22 08:24:17 | INFO | step=101300 loss=0.1154 lr=6.05e-05 elapsed=3819s
2026-09-22 08:24:20 | INFO | step=101400 loss=0.0325 lr=6.05e-05 elapsed=3822s
2026-09-22 08:24:23 | INFO | step=101500 loss=0.0733 lr=6.04e-05 elapsed=3825s
2026-09-22 08:24:26 | INFO | step=101600 loss=0.0219 lr=6.04e-05 elapsed=3827s
2026-09-22 08:24:29 | INFO | step=101700 loss=0.0228 lr=6.04e-05 elapsed=3830s
2026-09-22 08:24:32 | INFO | step=101800 loss=0.0022 lr=6.03e-05 elapsed=3833s
2026-09-22 08:24:35 | INFO | step=101900 loss=0.0208 lr=6.03e-05 elapsed=3836s
2026-09-22 08:24:38 | INFO | step=102000 loss=0.0110 lr=6.02e-05 elapsed=3839s
2026-09-22 08:24:39 | INFO | [eval] step=102000 dev_loss=6.1904
2026-09-22 08:24:51 | INFO |   EM on dev subset (200 samples): 0.50%
2026-09-22 08:24:54 | INFO | step=102100 loss=0.0064 lr=6.02e-05 elapsed=3855s
2026-09-22 08:24:57 | INFO | step=102200 loss=0.0490 lr=6.02e-05 elapsed=3858s
2026-09-22 08:25:00 | INFO | step=102300 loss=0.1049 lr=6.01e-05 elapsed=3861s
2026-09-22 08:25:02 | INFO | step=102400 loss=0.0066 lr=6.01e-05 elapsed=3864s
2026-09-22 08:25:05 | INFO | step=102500 loss=0.0079 lr=6.01e-05 elapsed=3867s
2026-09-22 08:25:08 | INFO | step=102600 loss=0.0491 lr=6.00e-05 elapsed=3870s
2026-09-22 08:25:11 | INFO | step=102700 loss=0.0156 lr=6.00e-05 elapsed=3873s
2026-09-22 08:25:14 | INFO | step=102800 loss=0.0465 lr=6.00e-05 elapsed=3876s
2026-09-22 08:25:17 | INFO | step=102900 loss=0.0203 lr=5.99e-05 elapsed=3879s
2026-09-22 08:25:20 | INFO | step=103000 loss=0.0381 lr=5.99e-05 elapsed=3882s
2026-09-22 08:25:23 | INFO | step=103100 loss=0.0220 lr=5.98e-05 elapsed=3885s
2026-09-22 08:25:26 | INFO | step=103200 loss=0.0760 lr=5.98e-05 elapsed=3888s
2026-09-22 08:25:29 | INFO | step=103300 loss=0.0166 lr=5.98e-05 elapsed=3891s
2026-09-22 08:25:32 | INFO | step=103400 loss=0.0049 lr=5.97e-05 elapsed=3894s
2026-09-22 08:25:35 | INFO | step=103500 loss=0.0452 lr=5.97e-05 elapsed=3897s
2026-09-22 08:25:38 | INFO | step=103600 loss=0.0271 lr=5.97e-05 elapsed=3900s
2026-09-22 08:25:41 | INFO | step=103700 loss=0.0183 lr=5.96e-05 elapsed=3903s
2026-09-22 08:25:44 | INFO | step=103800 loss=0.0175 lr=5.96e-05 elapsed=3906s
2026-09-22 08:25:47 | INFO | step=103900 loss=0.0056 lr=5.95e-05 elapsed=3909s
2026-09-22 08:25:50 | INFO | step=104000 loss=0.0283 lr=5.95e-05 elapsed=3912s
2026-09-22 08:25:52 | INFO | [eval] step=104000 dev_loss=6.1960
2026-09-22 08:26:04 | INFO |   EM on dev subset (200 samples): 0.50%
2026-09-22 08:26:07 | INFO | step=104100 loss=0.0160 lr=5.95e-05 elapsed=3928s
2026-09-22 08:26:10 | INFO | step=104200 loss=0.0086 lr=5.94e-05 elapsed=3931s
2026-09-22 08:26:13 | INFO | step=104300 loss=0.0721 lr=5.94e-05 elapsed=3934s
2026-09-22 08:26:16 | INFO | step=104400 loss=0.0075 lr=5.94e-05 elapsed=3937s
2026-09-22 08:26:18 | INFO | step=104500 loss=0.0117 lr=5.93e-05 elapsed=3940s
2026-09-22 08:26:21 | INFO | step=104600 loss=0.0197 lr=5.93e-05 elapsed=3943s
2026-09-22 08:26:24 | INFO | step=104700 loss=0.0135 lr=5.92e-05 elapsed=3946s
2026-09-22 08:26:27 | INFO | step=104800 loss=0.0059 lr=5.92e-05 elapsed=3949s
2026-09-22 08:26:30 | INFO | step=104900 loss=0.0232 lr=5.92e-05 elapsed=3952s
2026-09-22 08:26:33 | INFO | step=105000 loss=0.0075 lr=5.91e-05 elapsed=3955s
2026-09-22 08:26:36 | INFO | step=105100 loss=0.0177 lr=5.91e-05 elapsed=3958s
2026-09-22 08:26:39 | INFO | step=105200 loss=0.0217 lr=5.91e-05 elapsed=3961s
2026-09-22 08:26:42 | INFO | step=105300 loss=0.0156 lr=5.90e-05 elapsed=3964s
2026-09-22 08:26:45 | INFO | step=105400 loss=0.0536 lr=5.90e-05 elapsed=3966s
2026-09-22 08:26:48 | INFO | step=105500 loss=0.0815 lr=5.89e-05 elapsed=3969s
2026-09-22 08:26:51 | INFO | step=105600 loss=0.0354 lr=5.89e-05 elapsed=3972s
2026-09-22 08:26:54 | INFO | step=105700 loss=0.0093 lr=5.89e-05 elapsed=3975s
2026-09-22 08:26:57 | INFO | step=105800 loss=0.0701 lr=5.88e-05 elapsed=3978s
2026-09-22 08:27:00 | INFO | step=105900 loss=0.0112 lr=5.88e-05 elapsed=3981s
2026-09-22 08:27:03 | INFO | step=106000 loss=0.0167 lr=5.88e-05 elapsed=3984s
2026-09-22 08:27:04 | INFO | [eval] step=106000 dev_loss=6.1844
2026-09-22 08:27:16 | INFO |   EM on dev subset (200 samples): 2.00%
2026-09-22 08:27:19 | INFO | step=106100 loss=0.0411 lr=5.87e-05 elapsed=4000s
2026-09-22 08:27:22 | INFO | step=106200 loss=0.0088 lr=5.87e-05 elapsed=4003s
2026-09-22 08:27:25 | INFO | step=106300 loss=0.0093 lr=5.86e-05 elapsed=4006s
2026-09-22 08:27:28 | INFO | step=106400 loss=0.0558 lr=5.86e-05 elapsed=4009s
2026-09-22 08:27:31 | INFO | step=106500 loss=0.0123 lr=5.86e-05 elapsed=4012s
2026-09-22 08:27:34 | INFO | step=106600 loss=0.0163 lr=5.85e-05 elapsed=4015s
2026-09-22 08:27:37 | INFO | step=106700 loss=0.0248 lr=5.85e-05 elapsed=4018s
2026-09-22 08:27:40 | INFO | step=106800 loss=0.0166 lr=5.85e-05 elapsed=4021s
2026-09-22 08:27:43 | INFO | step=106900 loss=0.0467 lr=5.84e-05 elapsed=4024s
2026-09-22 08:27:46 | INFO | step=107000 loss=0.0188 lr=5.84e-05 elapsed=4027s
2026-09-22 08:27:49 | INFO | step=107100 loss=0.0074 lr=5.83e-05 elapsed=4030s
2026-09-22 08:27:52 | INFO | step=107200 loss=0.0091 lr=5.83e-05 elapsed=4033s
2026-09-22 08:27:55 | INFO | step=107300 loss=0.0118 lr=5.83e-05 elapsed=4036s
2026-09-22 08:27:58 | INFO | step=107400 loss=0.0390 lr=5.82e-05 elapsed=4039s
2026-09-22 08:28:01 | INFO | step=107500 loss=0.1514 lr=5.82e-05 elapsed=4042s
2026-09-22 08:28:04 | INFO | step=107600 loss=0.0053 lr=5.82e-05 elapsed=4045s
2026-09-22 08:28:07 | INFO | step=107700 loss=0.0600 lr=5.81e-05 elapsed=4048s
2026-09-22 08:28:09 | INFO | step=107800 loss=0.0064 lr=5.81e-05 elapsed=4051s
2026-09-22 08:28:12 | INFO | step=107900 loss=0.0425 lr=5.80e-05 elapsed=4054s
2026-09-22 08:28:15 | INFO | step=108000 loss=0.0569 lr=5.80e-05 elapsed=4057s
2026-09-22 08:28:17 | INFO | [eval] step=108000 dev_loss=6.2001
2026-09-22 08:28:31 | INFO |   EM on dev subset (200 samples): 2.00%
2026-09-22 08:28:34 | INFO | step=108100 loss=0.0147 lr=5.80e-05 elapsed=4076s
2026-09-22 08:28:37 | INFO | step=108200 loss=0.0061 lr=5.79e-05 elapsed=4079s
2026-09-22 08:28:40 | INFO | step=108300 loss=0.0614 lr=5.79e-05 elapsed=4082s
2026-09-22 08:28:43 | INFO | step=108400 loss=0.0341 lr=5.79e-05 elapsed=4085s
2026-09-22 08:28:46 | INFO | step=108500 loss=0.0062 lr=5.78e-05 elapsed=4088s
2026-09-22 08:28:49 | INFO | step=108600 loss=0.0108 lr=5.78e-05 elapsed=4091s
2026-09-22 08:28:52 | INFO | step=108700 loss=0.0258 lr=5.77e-05 elapsed=4094s
2026-09-22 08:28:55 | INFO | step=108800 loss=0.0143 lr=5.77e-05 elapsed=4097s
2026-09-22 08:28:58 | INFO | step=108900 loss=0.0050 lr=5.77e-05 elapsed=4100s
2026-09-22 08:29:01 | INFO | step=109000 loss=0.0131 lr=5.76e-05 elapsed=4103s
2026-09-22 08:29:04 | INFO | step=109100 loss=0.0077 lr=5.76e-05 elapsed=4106s
2026-09-22 08:29:07 | INFO | step=109200 loss=0.0116 lr=5.76e-05 elapsed=4109s
2026-09-22 08:29:10 | INFO | step=109300 loss=0.0412 lr=5.75e-05 elapsed=4112s
2026-09-22 08:29:13 | INFO | step=109400 loss=0.0162 lr=5.75e-05 elapsed=4115s
2026-09-22 08:29:16 | INFO | step=109500 loss=0.0219 lr=5.74e-05 elapsed=4117s
2026-09-22 08:29:19 | INFO | step=109600 loss=0.0071 lr=5.74e-05 elapsed=4120s
2026-09-22 08:29:22 | INFO | step=109700 loss=0.0132 lr=5.74e-05 elapsed=4123s
2026-09-22 08:29:25 | INFO | step=109800 loss=0.0058 lr=5.73e-05 elapsed=4126s
2026-09-22 08:29:28 | INFO | step=109900 loss=0.0150 lr=5.73e-05 elapsed=4129s
2026-09-22 08:29:31 | INFO | step=110000 loss=0.0092 lr=5.72e-05 elapsed=4132s
2026-09-22 08:29:32 | INFO | [eval] step=110000 dev_loss=6.1581
2026-09-22 08:29:44 | INFO |   EM on dev subset (200 samples): 0.00%
2026-09-22 08:29:47 | INFO | step=110100 loss=0.0097 lr=5.72e-05 elapsed=4148s
2026-09-22 08:29:50 | INFO | step=110200 loss=0.0066 lr=5.72e-05 elapsed=4151s
2026-09-22 08:29:53 | INFO | step=110300 loss=0.0106 lr=5.71e-05 elapsed=4154s
2026-09-22 08:29:56 | INFO | step=110400 loss=0.0084 lr=5.71e-05 elapsed=4157s
2026-09-22 08:29:59 | INFO | step=110500 loss=0.0271 lr=5.71e-05 elapsed=4160s
2026-09-22 08:30:02 | INFO | step=110600 loss=0.0167 lr=5.70e-05 elapsed=4163s
2026-09-22 08:30:05 | INFO | step=110700 loss=0.0189 lr=5.70e-05 elapsed=4166s
2026-09-22 08:30:08 | INFO | step=110800 loss=0.0456 lr=5.69e-05 elapsed=4169s
2026-09-22 08:30:11 | INFO | step=110900 loss=0.0217 lr=5.69e-05 elapsed=4172s
2026-09-22 08:30:14 | INFO | step=111000 loss=0.0033 lr=5.69e-05 elapsed=4175s
2026-09-22 08:30:16 | INFO | step=111100 loss=0.0070 lr=5.68e-05 elapsed=4178s
2026-09-22 08:30:19 | INFO | step=111200 loss=0.0469 lr=5.68e-05 elapsed=4181s
2026-09-22 08:30:22 | INFO | step=111300 loss=0.0071 lr=5.67e-05 elapsed=4184s
2026-09-22 08:30:25 | INFO | step=111400 loss=0.0277 lr=5.67e-05 elapsed=4187s
2026-09-22 08:30:28 | INFO | step=111500 loss=0.0223 lr=5.67e-05 elapsed=4190s
2026-09-22 08:30:31 | INFO | step=111600 loss=0.0170 lr=5.66e-05 elapsed=4193s
2026-09-22 08:30:34 | INFO | step=111700 loss=0.0132 lr=5.66e-05 elapsed=4196s
2026-09-22 08:30:37 | INFO | step=111800 loss=0.0204 lr=5.66e-05 elapsed=4199s
2026-09-22 08:30:40 | INFO | step=111900 loss=0.0116 lr=5.65e-05 elapsed=4202s
2026-09-22 08:30:43 | INFO | step=112000 loss=0.0161 lr=5.65e-05 elapsed=4205s
2026-09-22 08:30:45 | INFO | [eval] step=112000 dev_loss=6.2468
2026-09-22 08:30:57 | INFO |   EM on dev subset (200 samples): 1.50%
2026-09-22 08:31:01 | INFO | step=112100 loss=0.0104 lr=5.64e-05 elapsed=4222s
2026-09-22 08:31:03 | INFO | step=112200 loss=0.0199 lr=5.64e-05 elapsed=4225s
2026-09-22 08:31:06 | INFO | step=112300 loss=0.0111 lr=5.64e-05 elapsed=4228s
2026-09-22 08:31:09 | INFO | step=112400 loss=0.0085 lr=5.63e-05 elapsed=4231s
2026-09-22 08:31:12 | INFO | step=112500 loss=0.0087 lr=5.63e-05 elapsed=4234s
2026-09-22 08:31:15 | INFO | step=112600 loss=0.0148 lr=5.62e-05 elapsed=4237s
2026-09-22 08:31:18 | INFO | step=112700 loss=0.0345 lr=5.62e-05 elapsed=4240s
2026-09-22 08:31:21 | INFO | step=112800 loss=0.0378 lr=5.62e-05 elapsed=4243s
2026-09-22 08:31:24 | INFO | step=112900 loss=0.0106 lr=5.61e-05 elapsed=4246s
2026-09-22 08:31:27 | INFO | step=113000 loss=0.0278 lr=5.61e-05 elapsed=4249s
2026-09-22 08:31:30 | INFO | step=113100 loss=0.0128 lr=5.60e-05 elapsed=4252s
2026-09-22 08:31:33 | INFO | step=113200 loss=0.0229 lr=5.60e-05 elapsed=4255s
2026-09-22 08:31:36 | INFO | step=113300 loss=0.0358 lr=5.60e-05 elapsed=4257s
2026-09-22 08:31:39 | INFO | step=113400 loss=0.0088 lr=5.59e-05 elapsed=4260s
2026-09-22 08:31:42 | INFO | step=113500 loss=0.0281 lr=5.59e-05 elapsed=4263s
2026-09-22 08:31:45 | INFO | step=113600 loss=0.0091 lr=5.59e-05 elapsed=4266s
2026-09-22 08:31:48 | INFO | step=113700 loss=0.0408 lr=5.58e-05 elapsed=4269s
2026-09-22 08:31:51 | INFO | step=113800 loss=0.0096 lr=5.58e-05 elapsed=4273s
2026-09-22 08:31:54 | INFO | step=113900 loss=0.0073 lr=5.57e-05 elapsed=4275s
2026-09-22 08:31:57 | INFO | step=114000 loss=0.0221 lr=5.57e-05 elapsed=4278s
2026-09-22 08:31:58 | INFO | [eval] step=114000 dev_loss=6.3072
2026-09-22 08:32:10 | INFO |   EM on dev subset (200 samples): 2.00%
2026-09-22 08:32:13 | INFO | step=114100 loss=0.0155 lr=5.57e-05 elapsed=4295s
2026-09-22 08:32:16 | INFO | step=114200 loss=0.0061 lr=5.56e-05 elapsed=4298s
2026-09-22 08:32:19 | INFO | step=114300 loss=0.0130 lr=5.56e-05 elapsed=4301s
2026-09-22 08:32:22 | INFO | step=114400 loss=0.0188 lr=5.55e-05 elapsed=4304s
2026-09-22 08:32:25 | INFO | step=114500 loss=0.0203 lr=5.55e-05 elapsed=4307s
2026-09-22 08:32:28 | INFO | step=114600 loss=0.0105 lr=5.55e-05 elapsed=4310s
2026-09-22 08:32:31 | INFO | step=114700 loss=0.0048 lr=5.54e-05 elapsed=4313s
2026-09-22 08:32:34 | INFO | step=114800 loss=0.0269 lr=5.54e-05 elapsed=4315s
2026-09-22 08:32:37 | INFO | step=114900 loss=0.0034 lr=5.53e-05 elapsed=4318s
2026-09-22 08:32:40 | INFO | step=115000 loss=0.0018 lr=5.53e-05 elapsed=4321s
2026-09-22 08:32:43 | INFO | step=115100 loss=0.0424 lr=5.53e-05 elapsed=4324s
2026-09-22 08:32:46 | INFO | step=115200 loss=0.0084 lr=5.52e-05 elapsed=4327s
2026-09-22 08:32:49 | INFO | step=115300 loss=0.0113 lr=5.52e-05 elapsed=4330s
2026-09-22 08:32:52 | INFO | step=115400 loss=0.0365 lr=5.52e-05 elapsed=4333s
2026-09-22 08:32:55 | INFO | step=115500 loss=0.0185 lr=5.51e-05 elapsed=4336s
2026-09-22 08:32:58 | INFO | step=115600 loss=0.0045 lr=5.51e-05 elapsed=4339s
2026-09-22 08:33:01 | INFO | step=115700 loss=0.0256 lr=5.50e-05 elapsed=4342s
2026-09-22 08:33:04 | INFO | step=115800 loss=0.0028 lr=5.50e-05 elapsed=4345s
2026-09-22 08:33:07 | INFO | step=115900 loss=0.0025 lr=5.50e-05 elapsed=4348s
2026-09-22 08:33:10 | INFO | step=116000 loss=0.0140 lr=5.49e-05 elapsed=4351s
2026-09-22 08:33:11 | INFO | [eval] step=116000 dev_loss=6.3147
2026-09-22 08:33:22 | INFO |   EM on dev subset (200 samples): 1.00%
2026-09-22 08:33:25 | INFO | step=116100 loss=0.0533 lr=5.49e-05 elapsed=4367s
2026-09-22 08:33:28 | INFO | step=116200 loss=0.0067 lr=5.48e-05 elapsed=4370s
2026-09-22 08:33:31 | INFO | step=116300 loss=0.0132 lr=5.48e-05 elapsed=4373s
2026-09-22 08:33:34 | INFO | step=116400 loss=0.0017 lr=5.48e-05 elapsed=4376s
2026-09-22 08:33:37 | INFO | step=116500 loss=0.0105 lr=5.47e-05 elapsed=4379s
2026-09-22 08:33:40 | INFO | step=116600 loss=0.0744 lr=5.47e-05 elapsed=4382s
2026-09-22 08:33:43 | INFO | step=116700 loss=0.0174 lr=5.46e-05 elapsed=4385s
2026-09-22 08:33:46 | INFO | step=116800 loss=0.0201 lr=5.46e-05 elapsed=4388s
2026-09-22 08:33:49 | INFO | step=116900 loss=0.0109 lr=5.46e-05 elapsed=4391s
2026-09-22 08:33:52 | INFO | step=117000 loss=0.0239 lr=5.45e-05 elapsed=4394s
2026-09-22 08:33:55 | INFO | step=117100 loss=0.0041 lr=5.45e-05 elapsed=4396s
2026-09-22 08:33:58 | INFO | step=117200 loss=0.0036 lr=5.44e-05 elapsed=4399s
2026-09-22 08:34:01 | INFO | step=117300 loss=0.0414 lr=5.44e-05 elapsed=4402s
2026-09-22 08:34:04 | INFO | step=117400 loss=0.0036 lr=5.44e-05 elapsed=4405s
2026-09-22 08:34:07 | INFO | step=117500 loss=0.0406 lr=5.43e-05 elapsed=4408s
2026-09-22 08:34:10 | INFO | step=117600 loss=0.0034 lr=5.43e-05 elapsed=4411s
2026-09-22 08:34:12 | INFO | step=117700 loss=0.0115 lr=5.42e-05 elapsed=4414s
2026-09-22 08:34:15 | INFO | step=117800 loss=0.0089 lr=5.42e-05 elapsed=4417s
2026-09-22 08:34:18 | INFO | step=117900 loss=0.0096 lr=5.42e-05 elapsed=4420s
2026-09-22 08:34:21 | INFO | step=118000 loss=0.0076 lr=5.41e-05 elapsed=4423s
2026-09-22 08:34:23 | INFO | [eval] step=118000 dev_loss=6.2942
2026-09-22 08:34:35 | INFO |   EM on dev subset (200 samples): 1.00%
2026-09-22 08:34:38 | INFO | step=118100 loss=0.0778 lr=5.41e-05 elapsed=4439s
2026-09-22 08:34:41 | INFO | step=118200 loss=0.0430 lr=5.40e-05 elapsed=4442s
2026-09-22 08:34:44 | INFO | step=118300 loss=0.0031 lr=5.40e-05 elapsed=4445s
2026-09-22 08:34:47 | INFO | step=118400 loss=0.0080 lr=5.40e-05 elapsed=4448s
2026-09-22 08:34:50 | INFO | step=118500 loss=0.0037 lr=5.39e-05 elapsed=4451s
2026-09-22 08:34:53 | INFO | step=118600 loss=0.0124 lr=5.39e-05 elapsed=4454s
2026-09-22 08:34:56 | INFO | step=118700 loss=0.0025 lr=5.38e-05 elapsed=4457s
2026-09-22 08:34:59 | INFO | step=118800 loss=0.0163 lr=5.38e-05 elapsed=4460s
2026-09-22 08:35:02 | INFO | step=118900 loss=0.0084 lr=5.38e-05 elapsed=4463s
2026-09-22 08:35:05 | INFO | step=119000 loss=0.0108 lr=5.37e-05 elapsed=4466s
2026-09-22 08:35:08 | INFO | step=119100 loss=0.0015 lr=5.37e-05 elapsed=4469s
2026-09-22 08:35:11 | INFO | step=119200 loss=0.0091 lr=5.36e-05 elapsed=4472s
2026-09-22 08:35:13 | INFO | step=119300 loss=0.0064 lr=5.36e-05 elapsed=4475s
2026-09-22 08:35:16 | INFO | step=119400 loss=0.0075 lr=5.36e-05 elapsed=4478s
2026-09-22 08:35:19 | INFO | step=119500 loss=0.0488 lr=5.35e-05 elapsed=4481s
2026-09-22 08:35:22 | INFO | step=119600 loss=0.0052 lr=5.35e-05 elapsed=4484s
2026-09-22 08:35:25 | INFO | step=119700 loss=0.0098 lr=5.34e-05 elapsed=4487s
2026-09-22 08:35:28 | INFO | step=119800 loss=0.0179 lr=5.34e-05 elapsed=4490s
2026-09-22 08:35:31 | INFO | step=119900 loss=0.0057 lr=5.34e-05 elapsed=4493s
2026-09-22 08:35:34 | INFO | step=120000 loss=0.0199 lr=5.33e-05 elapsed=4496s
2026-09-22 08:35:36 | INFO | [eval] step=120000 dev_loss=6.3360
2026-09-22 08:35:47 | INFO |   EM on dev subset (200 samples): 2.00%
2026-09-22 08:35:54 | INFO | step=120100 loss=0.0149 lr=5.33e-05 elapsed=4516s
2026-09-22 08:35:57 | INFO | step=120200 loss=0.0115 lr=5.32e-05 elapsed=4519s
2026-09-22 08:36:00 | INFO | step=120300 loss=0.0201 lr=5.32e-05 elapsed=4522s
2026-09-22 08:36:03 | INFO | step=120400 loss=0.0096 lr=5.32e-05 elapsed=4525s
2026-09-22 08:36:06 | INFO | step=120500 loss=0.0279 lr=5.31e-05 elapsed=4528s
2026-09-22 08:36:09 | INFO | step=120600 loss=0.0058 lr=5.31e-05 elapsed=4531s
2026-09-22 08:36:12 | INFO | step=120700 loss=0.0232 lr=5.30e-05 elapsed=4534s
2026-09-22 08:36:15 | INFO | step=120800 loss=0.0119 lr=5.30e-05 elapsed=4537s
2026-09-22 08:36:18 | INFO | step=120900 loss=0.0095 lr=5.30e-05 elapsed=4540s
2026-09-22 08:36:21 | INFO | step=121000 loss=0.0223 lr=5.29e-05 elapsed=4543s
2026-09-22 08:36:24 | INFO | step=121100 loss=0.0082 lr=5.29e-05 elapsed=4546s
2026-09-22 08:36:27 | INFO | step=121200 loss=0.0135 lr=5.28e-05 elapsed=4549s
2026-09-22 08:36:30 | INFO | step=121300 loss=0.0041 lr=5.28e-05 elapsed=4552s
2026-09-22 08:36:33 | INFO | step=121400 loss=0.0082 lr=5.28e-05 elapsed=4555s
2026-09-22 08:36:36 | INFO | step=121500 loss=0.0078 lr=5.27e-05 elapsed=4558s
2026-09-22 08:36:39 | INFO | step=121600 loss=0.0024 lr=5.27e-05 elapsed=4561s
2026-09-22 08:36:42 | INFO | step=121700 loss=0.0094 lr=5.26e-05 elapsed=4564s
2026-09-22 08:36:45 | INFO | step=121800 loss=0.0105 lr=5.26e-05 elapsed=4567s
2026-09-22 08:36:48 | INFO | step=121900 loss=0.0352 lr=5.26e-05 elapsed=4570s
2026-09-22 08:36:51 | INFO | step=122000 loss=0.0067 lr=5.25e-05 elapsed=4573s
2026-09-22 08:36:53 | INFO | [eval] step=122000 dev_loss=6.3443
2026-09-22 08:37:04 | INFO |   EM on dev subset (200 samples): 1.00%
2026-09-22 08:37:07 | INFO | step=122100 loss=0.0136 lr=5.25e-05 elapsed=4589s
2026-09-22 08:37:10 | INFO | step=122200 loss=0.0038 lr=5.24e-05 elapsed=4592s
2026-09-22 08:37:13 | INFO | step=122300 loss=0.0088 lr=5.24e-05 elapsed=4595s
2026-09-22 08:37:16 | INFO | step=122400 loss=0.0186 lr=5.24e-05 elapsed=4598s
2026-09-22 08:37:19 | INFO | step=122500 loss=0.0123 lr=5.23e-05 elapsed=4601s
2026-09-22 08:37:22 | INFO | step=122600 loss=0.0304 lr=5.23e-05 elapsed=4604s
2026-09-22 08:37:25 | INFO | step=122700 loss=0.0078 lr=5.22e-05 elapsed=4607s
2026-09-22 08:37:28 | INFO | step=122800 loss=0.0127 lr=5.22e-05 elapsed=4610s
2026-09-22 08:37:31 | INFO | step=122900 loss=0.0171 lr=5.22e-05 elapsed=4613s
2026-09-22 08:37:34 | INFO | step=123000 loss=0.0366 lr=5.21e-05 elapsed=4616s
2026-09-22 08:37:37 | INFO | step=123100 loss=0.0086 lr=5.21e-05 elapsed=4619s
2026-09-22 08:37:40 | INFO | step=123200 loss=0.0057 lr=5.20e-05 elapsed=4622s
2026-09-22 08:37:43 | INFO | step=123300 loss=0.0073 lr=5.20e-05 elapsed=4625s
2026-09-22 08:37:46 | INFO | step=123400 loss=0.0120 lr=5.20e-05 elapsed=4628s
2026-09-22 08:37:49 | INFO | step=123500 loss=0.0079 lr=5.19e-05 elapsed=4630s
2026-09-22 08:37:52 | INFO | step=123600 loss=0.0079 lr=5.19e-05 elapsed=4633s
2026-09-22 08:37:55 | INFO | step=123700 loss=0.0120 lr=5.18e-05 elapsed=4636s
2026-09-22 08:37:58 | INFO | step=123800 loss=0.0065 lr=5.18e-05 elapsed=4640s
2026-09-22 08:38:01 | INFO | step=123900 loss=0.0219 lr=5.18e-05 elapsed=4642s
2026-09-22 08:38:04 | INFO | step=124000 loss=0.0073 lr=5.17e-05 elapsed=4645s
2026-09-22 08:38:06 | INFO | [eval] step=124000 dev_loss=6.3860
2026-09-22 08:38:17 | INFO |   EM on dev subset (200 samples): 2.00%
2026-09-22 08:38:20 | INFO | step=124100 loss=0.0433 lr=5.17e-05 elapsed=4662s
2026-09-22 08:38:23 | INFO | step=124200 loss=0.0120 lr=5.16e-05 elapsed=4665s
2026-09-22 08:38:26 | INFO | step=124300 loss=0.0080 lr=5.16e-05 elapsed=4668s
2026-09-22 08:38:29 | INFO | step=124400 loss=0.0073 lr=5.16e-05 elapsed=4671s
2026-09-22 08:38:32 | INFO | step=124500 loss=0.0180 lr=5.15e-05 elapsed=4674s
2026-09-22 08:38:35 | INFO | step=124600 loss=0.0025 lr=5.15e-05 elapsed=4677s
2026-09-22 08:38:38 | INFO | step=124700 loss=0.0157 lr=5.14e-05 elapsed=4680s
2026-09-22 08:38:41 | INFO | step=124800 loss=0.0021 lr=5.14e-05 elapsed=4683s
2026-09-22 08:38:44 | INFO | step=124900 loss=0.0055 lr=5.13e-05 elapsed=4686s
2026-09-22 08:38:47 | INFO | step=125000 loss=0.0108 lr=5.13e-05 elapsed=4689s
2026-09-22 08:38:50 | INFO | step=125100 loss=0.0134 lr=5.13e-05 elapsed=4692s
2026-09-22 08:38:53 | INFO | step=125200 loss=0.0132 lr=5.12e-05 elapsed=4695s
2026-09-22 08:38:56 | INFO | step=125300 loss=0.0036 lr=5.12e-05 elapsed=4697s
2026-09-22 08:38:59 | INFO | step=125400 loss=0.0019 lr=5.11e-05 elapsed=4700s
2026-09-22 08:39:02 | INFO | step=125500 loss=0.0068 lr=5.11e-05 elapsed=4703s
2026-09-22 08:39:05 | INFO | step=125600 loss=0.0179 lr=5.11e-05 elapsed=4706s
2026-09-22 08:39:08 | INFO | step=125700 loss=0.0062 lr=5.10e-05 elapsed=4709s
2026-09-22 08:39:11 | INFO | step=125800 loss=0.0020 lr=5.10e-05 elapsed=4712s
2026-09-22 08:39:14 | INFO | step=125900 loss=0.0176 lr=5.09e-05 elapsed=4715s
2026-09-22 08:39:17 | INFO | step=126000 loss=0.0043 lr=5.09e-05 elapsed=4718s
2026-09-22 08:39:18 | INFO | [eval] step=126000 dev_loss=6.3732
2026-09-22 08:39:30 | INFO |   EM on dev subset (200 samples): 1.50%
2026-09-22 08:39:33 | INFO | step=126100 loss=0.0120 lr=5.09e-05 elapsed=4734s
2026-09-22 08:39:36 | INFO | step=126200 loss=0.0035 lr=5.08e-05 elapsed=4737s
2026-09-22 08:39:39 | INFO | step=126300 loss=0.0193 lr=5.08e-05 elapsed=4740s
2026-09-22 08:39:42 | INFO | step=126400 loss=0.0028 lr=5.07e-05 elapsed=4743s
2026-09-22 08:39:45 | INFO | step=126500 loss=0.0148 lr=5.07e-05 elapsed=4746s
2026-09-22 08:39:48 | INFO | step=126600 loss=0.0053 lr=5.07e-05 elapsed=4749s
2026-09-22 08:39:51 | INFO | step=126700 loss=0.0071 lr=5.06e-05 elapsed=4752s
2026-09-22 08:39:54 | INFO | step=126800 loss=0.0056 lr=5.06e-05 elapsed=4755s
2026-09-22 08:39:57 | INFO | step=126900 loss=0.0047 lr=5.05e-05 elapsed=4758s
2026-09-22 08:40:00 | INFO | step=127000 loss=0.0530 lr=5.05e-05 elapsed=4761s
2026-09-22 08:40:02 | INFO | step=127100 loss=0.0117 lr=5.04e-05 elapsed=4764s
2026-09-22 08:40:05 | INFO | step=127200 loss=0.0029 lr=5.04e-05 elapsed=4767s
2026-09-22 08:40:08 | INFO | step=127300 loss=0.0166 lr=5.04e-05 elapsed=4770s
2026-09-22 08:40:11 | INFO | step=127400 loss=0.0230 lr=5.03e-05 elapsed=4773s
2026-09-22 08:40:14 | INFO | step=127500 loss=0.0129 lr=5.03e-05 elapsed=4776s
2026-09-22 08:40:17 | INFO | step=127600 loss=0.0271 lr=5.02e-05 elapsed=4779s
2026-09-22 08:40:20 | INFO | step=127700 loss=0.0241 lr=5.02e-05 elapsed=4782s
2026-09-22 08:40:23 | INFO | step=127800 loss=0.0078 lr=5.02e-05 elapsed=4785s
2026-09-22 08:40:26 | INFO | step=127900 loss=0.0284 lr=5.01e-05 elapsed=4788s
2026-09-22 08:40:29 | INFO | step=128000 loss=0.0047 lr=5.01e-05 elapsed=4791s
2026-09-22 08:40:31 | INFO | [eval] step=128000 dev_loss=6.3797
2026-09-22 08:40:42 | INFO |   EM on dev subset (200 samples): 1.00%
2026-09-22 08:40:45 | INFO | step=128100 loss=0.0271 lr=5.00e-05 elapsed=4806s
2026-09-22 08:40:48 | INFO | step=128200 loss=0.0054 lr=5.00e-05 elapsed=4809s
2026-09-22 08:40:51 | INFO | step=128300 loss=0.0096 lr=5.00e-05 elapsed=4812s
2026-09-22 08:40:54 | INFO | step=128400 loss=0.0410 lr=4.99e-05 elapsed=4815s
2026-09-22 08:40:57 | INFO | step=128500 loss=0.0565 lr=4.99e-05 elapsed=4818s
2026-09-22 08:41:00 | INFO | step=128600 loss=0.0108 lr=4.98e-05 elapsed=4821s
2026-09-22 08:41:03 | INFO | step=128700 loss=0.0117 lr=4.98e-05 elapsed=4824s
2026-09-22 08:41:06 | INFO | step=128800 loss=0.0457 lr=4.98e-05 elapsed=4827s
2026-09-22 08:41:09 | INFO | step=128900 loss=0.0171 lr=4.97e-05 elapsed=4830s
2026-09-22 08:41:11 | INFO | step=129000 loss=0.0069 lr=4.97e-05 elapsed=4833s
2026-09-22 08:41:15 | INFO | step=129100 loss=0.0475 lr=4.96e-05 elapsed=4836s
2026-09-22 08:41:18 | INFO | step=129200 loss=0.0320 lr=4.96e-05 elapsed=4839s
2026-09-22 08:41:20 | INFO | step=129300 loss=0.0084 lr=4.95e-05 elapsed=4842s
2026-09-22 08:41:23 | INFO | step=129400 loss=0.0033 lr=4.95e-05 elapsed=4845s
2026-09-22 08:41:26 | INFO | step=129500 loss=0.0058 lr=4.95e-05 elapsed=4848s
2026-09-22 08:41:29 | INFO | step=129600 loss=0.0252 lr=4.94e-05 elapsed=4851s
2026-09-22 08:41:32 | INFO | step=129700 loss=0.0034 lr=4.94e-05 elapsed=4854s
2026-09-22 08:41:35 | INFO | step=129800 loss=0.0030 lr=4.93e-05 elapsed=4857s
2026-09-22 08:41:38 | INFO | step=129900 loss=0.0068 lr=4.93e-05 elapsed=4860s
2026-09-22 08:41:41 | INFO | step=130000 loss=0.0145 lr=4.93e-05 elapsed=4863s
2026-09-22 08:41:43 | INFO | [eval] step=130000 dev_loss=6.5064
2026-09-22 08:41:54 | INFO |   EM on dev subset (200 samples): 2.00%
2026-09-22 08:41:54 | INFO | Early stopping triggered.
2026-09-22 08:41:54 | INFO | Training complete. Best dev loss: 5.7901
